"lek.song.type","lek","segment","obs1","obs2"
"BR1-C1","BR1",1,"m","m"
"BR1-C1","BR1",2,"m","m"
"BR1-C1","BR1",3,"m","m"
"BR1-C1","BR1",4,"m","m"
"BR1-C1","BR1",5,"m","m"
"BR1-C1","BR1",6,"m","m"
"BR1-C1","BR1",7,"f","f"
"BR1-C1","BR1",8,"f","f"
"BR1-C1","BR1",9,"f","f"
"BR1-C1","BR1",10,"f","f"
"BR1-C1","BR1",11,"f","f"
"BR1-C1","BR1",12,"f","f"
"BR1-C1","BR1",13,"f","f"
"BR1-C1","BR1",14,"f","f"
"BR1-C1","BR1",15,"f","f"
"BR1-C1","BR1",16,"f","f"
"BR1-C1","BR1",17,"d","d"
"BR1-C1","BR1",18,"d","d"
"BR1-C1","BR1",19,"d","d"
"BR1-C1","BR1",20,"d","d"
"BR1-C1","BR1",1,"m","m"
"BR1-C1","BR1",2,"m","m"
"BR1-C1","BR1",3,"m","m"
"BR1-C1","BR1",4,"m","m"
"BR1-C1","BR1",5,"m","m"
"BR1-C1","BR1",6,"m","m"
"BR1-C1","BR1",7,"f","f"
"BR1-C1","BR1",8,"f","f"
"BR1-C1","BR1",9,"f","f"
"BR1-C1","BR1",10,"f","f"
"BR1-C1","BR1",11,"f","f"
"BR1-C1","BR1",12,"f","f"
"BR1-C1","BR1",13,"f","f"
"BR1-C1","BR1",14,"f","f"
"BR1-C1","BR1",15,"f","f"
"BR1-C1","BR1",16,"f","f"
"BR1-C1","BR1",17,"f","f"
"BR1-C1","BR1",18,"d","d"
"BR1-C1","BR1",19,"d","d"
"BR1-C1","BR1",20,"d","d"
"BR1-C1","BR1",1,"m","m"
"BR1-C1","BR1",2,"m","m"
"BR1-C1","BR1",3,"m","m"
"BR1-C1","BR1",4,"m","m"
"BR1-C1","BR1",5,"m","m"
"BR1-C1","BR1",6,"m","m"
"BR1-C1","BR1",7,"f","f"
"BR1-C1","BR1",8,"f","f"
"BR1-C1","BR1",9,"f","f"
"BR1-C1","BR1",10,"f","f"
"BR1-C1","BR1",11,"f","f"
"BR1-C1","BR1",12,"f","f"
"BR1-C1","BR1",13,"f","f"
"BR1-C1","BR1",14,"f","f"
"BR1-C1","BR1",15,"f","f"
"BR1-C1","BR1",16,"f","f"
"BR1-C1","BR1",17,"d","d"
"BR1-C1","BR1",18,"d","d"
"BR1-C1","BR1",19,"d","d"
"BR1-C1","BR1",20,"d","d"
"BR1-C1","BR1",1,"m","m"
"BR1-C1","BR1",2,"m","m"
"BR1-C1","BR1",3,"m","m"
"BR1-C1","BR1",4,"m","m"
"BR1-C1","BR1",5,"m","m"
"BR1-C1","BR1",6,"m","m"
"BR1-C1","BR1",7,"f","f"
"BR1-C1","BR1",8,"f","f"
"BR1-C1","BR1",9,"f","f"
"BR1-C1","BR1",10,"f","f"
"BR1-C1","BR1",11,"f","f"
"BR1-C1","BR1",12,"f","f"
"BR1-C1","BR1",13,"f","f"
"BR1-C1","BR1",14,"f","f"
"BR1-C1","BR1",15,"f","f"
"BR1-C1","BR1",16,"f","f"
"BR1-C1","BR1",17,"d","d"
"BR1-C1","BR1",18,"d","d"
"BR1-C1","BR1",19,"d","d"
"BR1-C1","BR1",20,"d","d"
"BR1-D1","BR1",1,"s","s"
"BR1-D1","BR1",2,"s","s"
"BR1-D1","BR1",3,"s","s"
"BR1-D1","BR1",4,"s","s"
"BR1-D1","BR1",5,"s","s"
"BR1-D1","BR1",6,"m","m"
"BR1-D1","BR1",7,"m","m"
"BR1-D1","BR1",8,"m","m"
"BR1-D1","BR1",9,"m","m"
"BR1-D1","BR1",10,"m","m"
"BR1-D1","BR1",11,"m","m"
"BR1-D1","BR1",12,"d","d"
"BR1-D1","BR1",13,"d","d"
"BR1-D1","BR1",14,"d","d"
"BR1-D1","BR1",15,"d","d"
"BR1-D1","BR1",16,"d","d"
"BR1-D1","BR1",17,"d","d"
"BR1-D1","BR1",18,"d","d"
"BR1-D1","BR1",19,"f","f"
"BR1-D1","BR1",20,"f","f"
"BR1-D1","BR1",1,"s","s"
"BR1-D1","BR1",2,"s","s"
"BR1-D1","BR1",3,"s","s"
"BR1-D1","BR1",4,"s","s"
"BR1-D1","BR1",5,"s","s"
"BR1-D1","BR1",6,"m","m"
"BR1-D1","BR1",7,"m","m"
"BR1-D1","BR1",8,"m","m"
"BR1-D1","BR1",9,"m","m"
"BR1-D1","BR1",10,"m","m"
"BR1-D1","BR1",11,"m","m"
"BR1-D1","BR1",12,"d","d"
"BR1-D1","BR1",13,"d","d"
"BR1-D1","BR1",14,"d","d"
"BR1-D1","BR1",15,"d","d"
"BR1-D1","BR1",16,"d","d"
"BR1-D1","BR1",17,"d","d"
"BR1-D1","BR1",18,"d","d"
"BR1-D1","BR1",19,"f","f"
"BR1-D1","BR1",20,"f","f"
"BR1-D1","BR1",1,"s","s"
"BR1-D1","BR1",2,"s","s"
"BR1-D1","BR1",3,"s","s"
"BR1-D1","BR1",4,"s","s"
"BR1-D1","BR1",5,"s","s"
"BR1-D1","BR1",6,"m","m"
"BR1-D1","BR1",7,"m","m"
"BR1-D1","BR1",8,"m","m"
"BR1-D1","BR1",9,"m","m"
"BR1-D1","BR1",10,"m","m"
"BR1-D1","BR1",11,"m","m"
"BR1-D1","BR1",12,"d","d"
"BR1-D1","BR1",13,"d","d"
"BR1-D1","BR1",14,"d","d"
"BR1-D1","BR1",15,"d","d"
"BR1-D1","BR1",16,"d","d"
"BR1-D1","BR1",17,"d","d"
"BR1-D1","BR1",18,"d","d"
"BR1-D1","BR1",19,"f","f"
"BR1-D1","BR1",20,"f","f"
"BR1-D1","BR1",1,"s","s"
"BR1-D1","BR1",2,"s","s"
"BR1-D1","BR1",3,"s","s"
"BR1-D1","BR1",4,"s","s"
"BR1-D1","BR1",5,"s","s"
"BR1-D1","BR1",6,"m","m"
"BR1-D1","BR1",7,"m","m"
"BR1-D1","BR1",8,"m","m"
"BR1-D1","BR1",9,"m","m"
"BR1-D1","BR1",10,"m","m"
"BR1-D1","BR1",11,"m","m"
"BR1-D1","BR1",12,"d","d"
"BR1-D1","BR1",13,"d","d"
"BR1-D1","BR1",14,"d","d"
"BR1-D1","BR1",15,"d","d"
"BR1-D1","BR1",16,"d","d"
"BR1-D1","BR1",17,"d","d"
"BR1-D1","BR1",18,"d","d"
"BR1-D1","BR1",19,"f","f"
"BR1-D1","BR1",20,"f","f"
"BR1-B1","BR1",1,"p","p"
"BR1-B1","BR1",2,"p","p"
"BR1-B1","BR1",3,"p","p"
"BR1-B1","BR1",4,"p","p"
"BR1-B1","BR1",5,"s","s"
"BR1-B1","BR1",6,"s","s"
"BR1-B1","BR1",7,"s","s"
"BR1-B1","BR1",8,"s","s"
"BR1-B1","BR1",9,"s","s"
"BR1-B1","BR1",10,"s","s"
"BR1-B1","BR1",11,"s","s"
"BR1-B1","BR1",12,"s","s"
"BR1-B1","BR1",13,"s","s"
"BR1-B1","BR1",14,"f","f"
"BR1-B1","BR1",15,"f","f"
"BR1-B1","BR1",16,"f","f"
"BR1-B1","BR1",17,"f","f"
"BR1-B1","BR1",18,"f","f"
"BR1-B1","BR1",19,"d","d"
"BR1-B1","BR1",20,"d","d"
"BR1-B1","BR1",1,"p","p"
"BR1-B1","BR1",2,"p","p"
"BR1-B1","BR1",3,"p","p"
"BR1-B1","BR1",4,"p","p"
"BR1-B1","BR1",5,"s","s"
"BR1-B1","BR1",6,"s","s"
"BR1-B1","BR1",7,"s","s"
"BR1-B1","BR1",8,"s","s"
"BR1-B1","BR1",9,"s","s"
"BR1-B1","BR1",10,"s","s"
"BR1-B1","BR1",11,"s","s"
"BR1-B1","BR1",12,"s","s"
"BR1-B1","BR1",13,"s","s"
"BR1-B1","BR1",14,"f","f"
"BR1-B1","BR1",15,"f","f"
"BR1-B1","BR1",16,"f","f"
"BR1-B1","BR1",17,"f","f"
"BR1-B1","BR1",18,"f","f"
"BR1-B1","BR1",19,"d","d"
"BR1-B1","BR1",20,"d","d"
"BR1-B1","BR1",1,"p","p"
"BR1-B1","BR1",2,"p","p"
"BR1-B1","BR1",3,"p","p"
"BR1-B1","BR1",4,"p","p"
"BR1-B1","BR1",5,"s","s"
"BR1-B1","BR1",6,"s","s"
"BR1-B1","BR1",7,"s","s"
"BR1-B1","BR1",8,"s","s"
"BR1-B1","BR1",9,"s","s"
"BR1-B1","BR1",10,"s","s"
"BR1-B1","BR1",11,"s","s"
"BR1-B1","BR1",12,"s","s"
"BR1-B1","BR1",13,"s","s"
"BR1-B1","BR1",14,"f","f"
"BR1-B1","BR1",15,"f","f"
"BR1-B1","BR1",16,"f","f"
"BR1-B1","BR1",17,"f","f"
"BR1-B1","BR1",18,"d","d"
"BR1-B1","BR1",19,"d","d"
"BR1-B1","BR1",20,"d","d"
"BR1-B1","BR1",1,"p","p"
"BR1-B1","BR1",2,"p","p"
"BR1-B1","BR1",3,"p","p"
"BR1-B1","BR1",4,"p","p"
"BR1-B1","BR1",5,"s","s"
"BR1-B1","BR1",6,"s","s"
"BR1-B1","BR1",7,"s","s"
"BR1-B1","BR1",8,"s","s"
"BR1-B1","BR1",9,"s","s"
"BR1-B1","BR1",10,"s","s"
"BR1-B1","BR1",11,"s","s"
"BR1-B1","BR1",12,"s","s"
"BR1-B1","BR1",13,"s","s"
"BR1-B1","BR1",14,"f","f"
"BR1-B1","BR1",15,"f","f"
"BR1-B1","BR1",16,"f","f"
"BR1-B1","BR1",17,"f","f"
"BR1-B1","BR1",18,"f","f"
"BR1-B1","BR1",19,"d","d"
"BR1-B1","BR1",20,"d","d"
"BR1-C4","BR1",1,"p","p"
"BR1-C4","BR1",2,"p","p"
"BR1-C4","BR1",3,"p","p"
"BR1-C4","BR1",4,"p","p"
"BR1-C4","BR1",5,"p","p"
"BR1-C4","BR1",6,"p","u"
"BR1-C4","BR1",7,"f","f"
"BR1-C4","BR1",8,"f","f"
"BR1-C4","BR1",9,"f","f"
"BR1-C4","BR1",10,"f","f"
"BR1-C4","BR1",11,"f","f"
"BR1-C4","BR1",12,"f","f"
"BR1-C4","BR1",13,"f","f"
"BR1-C4","BR1",14,"f","f"
"BR1-C4","BR1",15,"f","f"
"BR1-C4","BR1",16,"f","f"
"BR1-C4","BR1",17,"d","f"
"BR1-C4","BR1",18,"d","d"
"BR1-C4","BR1",19,"d","d"
"BR1-C4","BR1",20,"d","d"
"BR1-C4","BR1",1,"p","p"
"BR1-C4","BR1",2,"p","p"
"BR1-C4","BR1",3,"p","p"
"BR1-C4","BR1",4,"p","p"
"BR1-C4","BR1",5,"p","p"
"BR1-C4","BR1",6,"p","p"
"BR1-C4","BR1",7,"f","f"
"BR1-C4","BR1",8,"f","f"
"BR1-C4","BR1",9,"f","f"
"BR1-C4","BR1",10,"f","f"
"BR1-C4","BR1",11,"f","f"
"BR1-C4","BR1",12,"f","f"
"BR1-C4","BR1",13,"f","f"
"BR1-C4","BR1",14,"f","f"
"BR1-C4","BR1",15,"f","f"
"BR1-C4","BR1",16,"f","f"
"BR1-C4","BR1",17,"d","d"
"BR1-C4","BR1",18,"d","d"
"BR1-C4","BR1",19,"d","d"
"BR1-C4","BR1",20,"d","d"
"BR1-C4","BR1",1,"p","p"
"BR1-C4","BR1",2,"p","p"
"BR1-C4","BR1",3,"p","p"
"BR1-C4","BR1",4,"p","p"
"BR1-C4","BR1",5,"p","p"
"BR1-C4","BR1",6,"p","p"
"BR1-C4","BR1",7,"f","f"
"BR1-C4","BR1",8,"f","m"
"BR1-C4","BR1",9,"f","m"
"BR1-C4","BR1",10,"f","m"
"BR1-C4","BR1",11,"f","f"
"BR1-C4","BR1",12,"f","f"
"BR1-C4","BR1",13,"f","f"
"BR1-C4","BR1",14,"f","f"
"BR1-C4","BR1",15,"f","f"
"BR1-C4","BR1",16,"f","f"
"BR1-C4","BR1",17,"d","f"
"BR1-C4","BR1",18,"d","d"
"BR1-C4","BR1",19,"d","d"
"BR1-C4","BR1",20,"d","d"
"BR1-C4","BR1",1,"p","p"
"BR1-C4","BR1",2,"p","p"
"BR1-C4","BR1",3,"p","p"
"BR1-C4","BR1",4,"p","p"
"BR1-C4","BR1",5,"p","p"
"BR1-C4","BR1",6,"p","p"
"BR1-C4","BR1",7,"f","f"
"BR1-C4","BR1",8,"f","f"
"BR1-C4","BR1",9,"f","f"
"BR1-C4","BR1",10,"f","f"
"BR1-C4","BR1",11,"f","f"
"BR1-C4","BR1",12,"f","f"
"BR1-C4","BR1",13,"f","f"
"BR1-C4","BR1",14,"f","f"
"BR1-C4","BR1",15,"f","f"
"BR1-C4","BR1",16,"f","f"
"BR1-C4","BR1",17,"d","d"
"BR1-C4","BR1",18,"d","d"
"BR1-C4","BR1",19,"d","d"
"BR1-C4","BR1",20,"d","d"
"BR1-A1","BR1",1,"s","s"
"BR1-A1","BR1",2,"s","s"
"BR1-A1","BR1",3,"s","s"
"BR1-A1","BR1",4,"s","s"
"BR1-A1","BR1",5,"s","s"
"BR1-A1","BR1",6,"f","f"
"BR1-A1","BR1",7,"f","f"
"BR1-A1","BR1",8,"f","f"
"BR1-A1","BR1",9,"f","f"
"BR1-A1","BR1",10,"f","f"
"BR1-A1","BR1",11,"f","f"
"BR1-A1","BR1",12,"d","d"
"BR1-A1","BR1",13,"d","d"
"BR1-A1","BR1",14,"d","d"
"BR1-A1","BR1",15,"d","d"
"BR1-A1","BR1",16,"d","d"
"BR1-A1","BR1",17,"d","d"
"BR1-A1","BR1",18,"d","d"
"BR1-A1","BR1",19,"d","d"
"BR1-A1","BR1",20,"d","d"
"BR1-A1","BR1",1,"s","s"
"BR1-A1","BR1",2,"s","s"
"BR1-A1","BR1",3,"s","s"
"BR1-A1","BR1",4,"s","s"
"BR1-A1","BR1",5,"s","s"
"BR1-A1","BR1",6,"f","f"
"BR1-A1","BR1",7,"f","f"
"BR1-A1","BR1",8,"f","f"
"BR1-A1","BR1",9,"f","f"
"BR1-A1","BR1",10,"f","f"
"BR1-A1","BR1",11,"d","d"
"BR1-A1","BR1",12,"d","d"
"BR1-A1","BR1",13,"d","d"
"BR1-A1","BR1",14,"d","d"
"BR1-A1","BR1",15,"d","d"
"BR1-A1","BR1",16,"d","d"
"BR1-A1","BR1",17,"d","d"
"BR1-A1","BR1",18,"d","d"
"BR1-A1","BR1",19,"d","d"
"BR1-A1","BR1",20,"d","d"
"BR1-A1","BR1",1,"s","s"
"BR1-A1","BR1",2,"s","s"
"BR1-A1","BR1",3,"s","s"
"BR1-A1","BR1",4,"s","s"
"BR1-A1","BR1",5,"s","s"
"BR1-A1","BR1",6,"f","f"
"BR1-A1","BR1",7,"f","f"
"BR1-A1","BR1",8,"f","f"
"BR1-A1","BR1",9,"f","f"
"BR1-A1","BR1",10,"f","f"
"BR1-A1","BR1",11,"d","d"
"BR1-A1","BR1",12,"d","d"
"BR1-A1","BR1",13,"d","d"
"BR1-A1","BR1",14,"d","d"
"BR1-A1","BR1",15,"d","d"
"BR1-A1","BR1",16,"d","d"
"BR1-A1","BR1",17,"d","d"
"BR1-A1","BR1",18,"d","d"
"BR1-A1","BR1",19,"d","d"
"BR1-A1","BR1",20,"d","d"
"BR1-A1","BR1",1,"s","s"
"BR1-A1","BR1",2,"s","s"
"BR1-A1","BR1",3,"s","s"
"BR1-A1","BR1",4,"s","s"
"BR1-A1","BR1",5,"s","s"
"BR1-A1","BR1",6,"f","f"
"BR1-A1","BR1",7,"f","f"
"BR1-A1","BR1",8,"f","f"
"BR1-A1","BR1",9,"f","f"
"BR1-A1","BR1",10,"f","f"
"BR1-A1","BR1",11,"f","f"
"BR1-A1","BR1",12,"d","d"
"BR1-A1","BR1",13,"d","d"
"BR1-A1","BR1",14,"d","d"
"BR1-A1","BR1",15,"d","d"
"BR1-A1","BR1",16,"d","d"
"BR1-A1","BR1",17,"d","d"
"BR1-A1","BR1",18,"d","d"
"BR1-A1","BR1",19,"d","d"
"BR1-A1","BR1",20,"d","d"
"BR1-B2","BR1",1,"p","p"
"BR1-B2","BR1",2,"p","p"
"BR1-B2","BR1",3,"p","p"
"BR1-B2","BR1",4,"p","p"
"BR1-B2","BR1",5,"s","s"
"BR1-B2","BR1",6,"s","s"
"BR1-B2","BR1",7,"s","s"
"BR1-B2","BR1",8,"s","s"
"BR1-B2","BR1",9,"s","s"
"BR1-B2","BR1",10,"s","s"
"BR1-B2","BR1",11,"s","s"
"BR1-B2","BR1",12,"s","s"
"BR1-B2","BR1",13,"f","f"
"BR1-B2","BR1",14,"f","f"
"BR1-B2","BR1",15,"f","f"
"BR1-B2","BR1",16,"f","f"
"BR1-B2","BR1",17,"f","f"
"BR1-B2","BR1",18,"f","f"
"BR1-B2","BR1",19,"d","d"
"BR1-B2","BR1",20,"d","d"
"BR1-B2","BR1",1,"p","p"
"BR1-B2","BR1",2,"p","p"
"BR1-B2","BR1",3,"p","p"
"BR1-B2","BR1",4,"p","p"
"BR1-B2","BR1",5,"s","s"
"BR1-B2","BR1",6,"s","s"
"BR1-B2","BR1",7,"s","s"
"BR1-B2","BR1",8,"s","s"
"BR1-B2","BR1",9,"s","s"
"BR1-B2","BR1",10,"s","s"
"BR1-B2","BR1",11,"s","s"
"BR1-B2","BR1",12,"s","s"
"BR1-B2","BR1",13,"f","f"
"BR1-B2","BR1",14,"f","f"
"BR1-B2","BR1",15,"f","f"
"BR1-B2","BR1",16,"f","f"
"BR1-B2","BR1",17,"f","f"
"BR1-B2","BR1",18,"f","f"
"BR1-B2","BR1",19,"f","f"
"BR1-B2","BR1",20,"d","d"
"BR1-B2","BR1",1,"p","p"
"BR1-B2","BR1",2,"p","p"
"BR1-B2","BR1",3,"p","p"
"BR1-B2","BR1",4,"p","p"
"BR1-B2","BR1",5,"s","s"
"BR1-B2","BR1",6,"s","s"
"BR1-B2","BR1",7,"s","s"
"BR1-B2","BR1",8,"s","s"
"BR1-B2","BR1",9,"s","s"
"BR1-B2","BR1",10,"s","s"
"BR1-B2","BR1",11,"s","s"
"BR1-B2","BR1",12,"s","s"
"BR1-B2","BR1",13,"s","s"
"BR1-B2","BR1",14,"f","f"
"BR1-B2","BR1",15,"f","f"
"BR1-B2","BR1",16,"f","f"
"BR1-B2","BR1",17,"f","f"
"BR1-B2","BR1",18,"f","f"
"BR1-B2","BR1",19,"f","f"
"BR1-B2","BR1",20,"d","d"
"BR1-B2","BR1",1,"p","p"
"BR1-B2","BR1",2,"p","p"
"BR1-B2","BR1",3,"p","p"
"BR1-B2","BR1",4,"p","p"
"BR1-B2","BR1",5,"s","s"
"BR1-B2","BR1",6,"s","s"
"BR1-B2","BR1",7,"s","s"
"BR1-B2","BR1",8,"s","s"
"BR1-B2","BR1",9,"s","s"
"BR1-B2","BR1",10,"s","s"
"BR1-B2","BR1",11,"s","s"
"BR1-B2","BR1",12,"s","s"
"BR1-B2","BR1",13,"s","s"
"BR1-B2","BR1",14,"f","f"
"BR1-B2","BR1",15,"f","f"
"BR1-B2","BR1",16,"f","f"
"BR1-B2","BR1",17,"f","f"
"BR1-B2","BR1",18,"f","f"
"BR1-B2","BR1",19,"f","f"
"BR1-B2","BR1",20,"d","d"
"BR1-C2","BR1",1,"p","p"
"BR1-C2","BR1",2,"p","p"
"BR1-C2","BR1",3,"p","p"
"BR1-C2","BR1",4,"p","p"
"BR1-C2","BR1",5,"p","p"
"BR1-C2","BR1",6,"f","f"
"BR1-C2","BR1",7,"f","f"
"BR1-C2","BR1",8,"f","f"
"BR1-C2","BR1",9,"f","f"
"BR1-C2","BR1",10,"f","f"
"BR1-C2","BR1",11,"f","f"
"BR1-C2","BR1",12,"f","f"
"BR1-C2","BR1",13,"d","d"
"BR1-C2","BR1",14,"d","d"
"BR1-C2","BR1",15,"d","d"
"BR1-C2","BR1",16,"u","u"
"BR1-C2","BR1",17,"d","d"
"BR1-C2","BR1",18,"d","d"
"BR1-C2","BR1",19,"d","d"
"BR1-C2","BR1",20,"d","d"
"BR1-C2","BR1",1,"p","p"
"BR1-C2","BR1",2,"p","p"
"BR1-C2","BR1",3,"p","p"
"BR1-C2","BR1",4,"p","p"
"BR1-C2","BR1",5,"p","p"
"BR1-C2","BR1",6,"p","p"
"BR1-C2","BR1",7,"f","f"
"BR1-C2","BR1",8,"f","f"
"BR1-C2","BR1",9,"f","f"
"BR1-C2","BR1",10,"f","f"
"BR1-C2","BR1",11,"f","f"
"BR1-C2","BR1",12,"f","f"
"BR1-C2","BR1",13,"f","f"
"BR1-C2","BR1",14,"d","d"
"BR1-C2","BR1",15,"d","d"
"BR1-C2","BR1",16,"d","d"
"BR1-C2","BR1",17,"u","u"
"BR1-C2","BR1",18,"d","d"
"BR1-C2","BR1",19,"d","d"
"BR1-C2","BR1",20,"d","d"
"BR1-C2","BR1",1,"p","p"
"BR1-C2","BR1",2,"p","p"
"BR1-C2","BR1",3,"p","p"
"BR1-C2","BR1",4,"p","p"
"BR1-C2","BR1",5,"p","p"
"BR1-C2","BR1",6,"f","f"
"BR1-C2","BR1",7,"f","f"
"BR1-C2","BR1",8,"f","f"
"BR1-C2","BR1",9,"f","f"
"BR1-C2","BR1",10,"f","f"
"BR1-C2","BR1",11,"f","f"
"BR1-C2","BR1",12,"f","f"
"BR1-C2","BR1",13,"f","f"
"BR1-C2","BR1",14,"f","f"
"BR1-C2","BR1",15,"d","d"
"BR1-C2","BR1",16,"u","u"
"BR1-C2","BR1",17,"d","d"
"BR1-C2","BR1",18,"d","d"
"BR1-C2","BR1",19,"d","d"
"BR1-C2","BR1",20,"d","d"
"BR1-C2","BR1",1,"p","p"
"BR1-C2","BR1",2,"p","p"
"BR1-C2","BR1",3,"p","p"
"BR1-C2","BR1",4,"p","p"
"BR1-C2","BR1",5,"p","p"
"BR1-C2","BR1",6,"f","f"
"BR1-C2","BR1",7,"f","f"
"BR1-C2","BR1",8,"f","f"
"BR1-C2","BR1",9,"f","f"
"BR1-C2","BR1",10,"f","f"
"BR1-C2","BR1",11,"f","f"
"BR1-C2","BR1",12,"f","f"
"BR1-C2","BR1",13,"f","f"
"BR1-C2","BR1",14,"f","f"
"BR1-C2","BR1",15,"d","d"
"BR1-C2","BR1",16,"u","u"
"BR1-C2","BR1",17,"u","u"
"BR1-C2","BR1",18,"d","d"
"BR1-C2","BR1",19,"d","d"
"BR1-C2","BR1",20,"d","d"
"BR1-E1","BR1",1,"p","u"
"BR1-E1","BR1",2,"p","u"
"BR1-E1","BR1",3,"p","p"
"BR1-E1","BR1",4,"p","p"
"BR1-E1","BR1",5,"u","f"
"BR1-E1","BR1",6,"d","f"
"BR1-E1","BR1",7,"p","f"
"BR1-E1","BR1",8,"p","f"
"BR1-E1","BR1",9,"f","f"
"BR1-E1","BR1",10,"f","f"
"BR1-E1","BR1",11,"f","f"
"BR1-E1","BR1",12,"f","f"
"BR1-E1","BR1",13,"f","f"
"BR1-E1","BR1",14,"f","f"
"BR1-E1","BR1",15,"d","d"
"BR1-E1","BR1",16,"d","d"
"BR1-E1","BR1",17,"d","d"
"BR1-E1","BR1",18,"d","d"
"BR1-E1","BR1",19,"d","d"
"BR1-E1","BR1",20,"d","d"
"BR1-E1","BR1",1,"p","p"
"BR1-E1","BR1",2,"p","p"
"BR1-E1","BR1",3,"p","p"
"BR1-E1","BR1",4,"p","p"
"BR1-E1","BR1",5,"u","u"
"BR1-E1","BR1",6,"d","d"
"BR1-E1","BR1",7,"p","p"
"BR1-E1","BR1",8,"p","p"
"BR1-E1","BR1",9,"f","f"
"BR1-E1","BR1",10,"f","f"
"BR1-E1","BR1",11,"f","f"
"BR1-E1","BR1",12,"f","f"
"BR1-E1","BR1",13,"f","f"
"BR1-E1","BR1",14,"f","f"
"BR1-E1","BR1",15,"d","d"
"BR1-E1","BR1",16,"d","d"
"BR1-E1","BR1",17,"d","d"
"BR1-E1","BR1",18,"d","d"
"BR1-E1","BR1",19,"d","d"
"BR1-E1","BR1",20,"d","d"
"BR1-E1","BR1",1,"p","p"
"BR1-E1","BR1",2,"p","p"
"BR1-E1","BR1",3,"p","p"
"BR1-E1","BR1",4,"p","p"
"BR1-E1","BR1",5,"u","u"
"BR1-E1","BR1",6,"d","d"
"BR1-E1","BR1",7,"p","p"
"BR1-E1","BR1",8,"p","p"
"BR1-E1","BR1",9,"f","f"
"BR1-E1","BR1",10,"f","f"
"BR1-E1","BR1",11,"f","f"
"BR1-E1","BR1",12,"f","f"
"BR1-E1","BR1",13,"f","f"
"BR1-E1","BR1",14,"f","f"
"BR1-E1","BR1",15,"f","f"
"BR1-E1","BR1",16,"d","d"
"BR1-E1","BR1",17,"d","d"
"BR1-E1","BR1",18,"d","d"
"BR1-E1","BR1",19,"d","d"
"BR1-E1","BR1",20,"d","d"
"BR1-E1","BR1",1,"p","u"
"BR1-E1","BR1",2,"p","u"
"BR1-E1","BR1",3,"p","u"
"BR1-E1","BR1",4,"p","p"
"BR1-E1","BR1",5,"u","f"
"BR1-E1","BR1",6,"d","f"
"BR1-E1","BR1",7,"p","f"
"BR1-E1","BR1",8,"p","p"
"BR1-E1","BR1",9,"f","f"
"BR1-E1","BR1",10,"f","f"
"BR1-E1","BR1",11,"f","f"
"BR1-E1","BR1",12,"f","f"
"BR1-E1","BR1",13,"f","f"
"BR1-E1","BR1",14,"f","f"
"BR1-E1","BR1",15,"d","d"
"BR1-E1","BR1",16,"d","d"
"BR1-E1","BR1",17,"d","d"
"BR1-E1","BR1",18,"d","d"
"BR1-E1","BR1",19,"d","d"
"BR1-E1","BR1",20,"d","d"
"BR1-F1","BR1",1,"u","u"
"BR1-F1","BR1",2,"u","u"
"BR1-F1","BR1",3,"u","u"
"BR1-F1","BR1",4,"m","m"
"BR1-F1","BR1",5,"m","m"
"BR1-F1","BR1",6,"m","m"
"BR1-F1","BR1",7,"m","m"
"BR1-F1","BR1",8,"m","m"
"BR1-F1","BR1",9,"u","u"
"BR1-F1","BR1",10,"u","u"
"BR1-F1","BR1",11,"u","u"
"BR1-F1","BR1",12,"u","u"
"BR1-F1","BR1",13,"u","u"
"BR1-F1","BR1",14,"u","u"
"BR1-F1","BR1",15,"f","f"
"BR1-F1","BR1",16,"f","f"
"BR1-F1","BR1",17,"f","f"
"BR1-F1","BR1",18,"f","f"
"BR1-F1","BR1",19,"d","d"
"BR1-F1","BR1",20,"d","d"
"BR1-F1","BR1",1,"u","u"
"BR1-F1","BR1",2,"u","u"
"BR1-F1","BR1",3,"u","u"
"BR1-F1","BR1",4,"u","u"
"BR1-F1","BR1",5,"d","d"
"BR1-F1","BR1",6,"u","u"
"BR1-F1","BR1",7,"u","u"
"BR1-F1","BR1",8,"d","d"
"BR1-F1","BR1",9,"u","u"
"BR1-F1","BR1",10,"u","u"
"BR1-F1","BR1",11,"u","u"
"BR1-F1","BR1",12,"u","u"
"BR1-F1","BR1",13,"f","f"
"BR1-F1","BR1",14,"f","f"
"BR1-F1","BR1",15,"f","f"
"BR1-F1","BR1",16,"f","f"
"BR1-F1","BR1",17,"d","d"
"BR1-F1","BR1",18,"u","u"
"BR1-F1","BR1",19,"u","u"
"BR1-F1","BR1",20,"u","u"
"BR1-F1","BR1",1,"u","u"
"BR1-F1","BR1",2,"u","u"
"BR1-F1","BR1",3,"u","u"
"BR1-F1","BR1",4,"s","s"
"BR1-F1","BR1",5,"s","s"
"BR1-F1","BR1",6,"s","s"
"BR1-F1","BR1",7,"s","s"
"BR1-F1","BR1",8,"u","u"
"BR1-F1","BR1",9,"u","u"
"BR1-F1","BR1",10,"u","u"
"BR1-F1","BR1",11,"u","u"
"BR1-F1","BR1",12,"u","u"
"BR1-F1","BR1",13,"f","f"
"BR1-F1","BR1",14,"f","f"
"BR1-F1","BR1",15,"f","f"
"BR1-F1","BR1",16,"d","d"
"BR1-F1","BR1",17,"d","d"
"BR1-F1","BR1",18,"u","u"
"BR1-F1","BR1",19,"u","u"
"BR1-F1","BR1",20,"u","u"
"BR2-A1","BR2",1,"u","u"
"BR2-A1","BR2",2,"u","u"
"BR2-A1","BR2",3,"u","u"
"BR2-A1","BR2",4,"u","u"
"BR2-A1","BR2",5,"d","d"
"BR2-A1","BR2",6,"u","u"
"BR2-A1","BR2",7,"d","d"
"BR2-A1","BR2",8,"u","u"
"BR2-A1","BR2",9,"p","p"
"BR2-A1","BR2",10,"p","p"
"BR2-A1","BR2",11,"p","p"
"BR2-A1","BR2",12,"f","f"
"BR2-A1","BR2",13,"f","f"
"BR2-A1","BR2",14,"f","f"
"BR2-A1","BR2",15,"f","f"
"BR2-A1","BR2",16,"d","d"
"BR2-A1","BR2",17,"p","p"
"BR2-A1","BR2",18,"p","p"
"BR2-A1","BR2",19,"u","u"
"BR2-A1","BR2",20,"d","d"
"BR2-A1","BR2",1,"u","u"
"BR2-A1","BR2",2,"u","u"
"BR2-A1","BR2",3,"u","u"
"BR2-A1","BR2",4,"u","u"
"BR2-A1","BR2",5,"d","d"
"BR2-A1","BR2",6,"u","u"
"BR2-A1","BR2",7,"d","d"
"BR2-A1","BR2",8,"u","u"
"BR2-A1","BR2",9,"p","p"
"BR2-A1","BR2",10,"p","p"
"BR2-A1","BR2",11,"p","p"
"BR2-A1","BR2",12,"f","f"
"BR2-A1","BR2",13,"f","f"
"BR2-A1","BR2",14,"f","f"
"BR2-A1","BR2",15,"f","f"
"BR2-A1","BR2",16,"f","f"
"BR2-A1","BR2",17,"d","d"
"BR2-A1","BR2",18,"p","p"
"BR2-A1","BR2",19,"u","u"
"BR2-A1","BR2",20,"d","d"
"BR2-A1","BR2",1,"u","u"
"BR2-A1","BR2",2,"u","u"
"BR2-A1","BR2",3,"u","u"
"BR2-A1","BR2",4,"u","u"
"BR2-A1","BR2",5,"d","d"
"BR2-A1","BR2",6,"u","u"
"BR2-A1","BR2",7,"u","u"
"BR2-A1","BR2",8,"d","d"
"BR2-A1","BR2",9,"u","u"
"BR2-A1","BR2",10,"p","p"
"BR2-A1","BR2",11,"p","p"
"BR2-A1","BR2",12,"p","p"
"BR2-A1","BR2",13,"f","f"
"BR2-A1","BR2",14,"f","f"
"BR2-A1","BR2",15,"f","f"
"BR2-A1","BR2",16,"d","d"
"BR2-A1","BR2",17,"d","d"
"BR2-A1","BR2",18,"p","p"
"BR2-A1","BR2",19,"u","u"
"BR2-A1","BR2",20,"d","d"
"BR2-A1","BR2",1,"p","p"
"BR2-A1","BR2",2,"p","p"
"BR2-A1","BR2",3,"p","p"
"BR2-A1","BR2",4,"u","u"
"BR2-A1","BR2",5,"d","d"
"BR2-A1","BR2",6,"p","p"
"BR2-A1","BR2",7,"u","u"
"BR2-A1","BR2",8,"d","d"
"BR2-A1","BR2",9,"u","u"
"BR2-A1","BR2",10,"p","p"
"BR2-A1","BR2",11,"p","p"
"BR2-A1","BR2",12,"p","p"
"BR2-A1","BR2",13,"f","f"
"BR2-A1","BR2",14,"f","f"
"BR2-A1","BR2",15,"f","f"
"BR2-A1","BR2",16,"f","f"
"BR2-A1","BR2",17,"d","d"
"BR2-A1","BR2",18,"p","p"
"BR2-A1","BR2",19,"u","u"
"BR2-A1","BR2",20,"d","d"
"BR1-D2","BR1",1,"u","u"
"BR1-D2","BR1",2,"d","d"
"BR1-D2","BR1",3,"u","u"
"BR1-D2","BR1",4,"u","u"
"BR1-D2","BR1",5,"m","m"
"BR1-D2","BR1",6,"m","m"
"BR1-D2","BR1",7,"m","m"
"BR1-D2","BR1",8,"m","m"
"BR1-D2","BR1",9,"m","m"
"BR1-D2","BR1",10,"m","m"
"BR1-D2","BR1",11,"d","d"
"BR1-D2","BR1",12,"d","d"
"BR1-D2","BR1",13,"d","d"
"BR1-D2","BR1",14,"d","d"
"BR1-D2","BR1",15,"d","d"
"BR1-D2","BR1",16,"d","d"
"BR1-D2","BR1",17,"d","d"
"BR1-D2","BR1",18,"d","d"
"BR1-D2","BR1",19,"d","d"
"BR1-D2","BR1",20,"d","d"
"BR1-D2","BR1",1,"u","f"
"BR1-D2","BR1",2,"d","f"
"BR1-D2","BR1",3,"u","u"
"BR1-D2","BR1",4,"u","u"
"BR1-D2","BR1",5,"m","f"
"BR1-D2","BR1",6,"m","f"
"BR1-D2","BR1",7,"m","f"
"BR1-D2","BR1",8,"m","m"
"BR1-D2","BR1",9,"m","m"
"BR1-D2","BR1",10,"m","m"
"BR1-D2","BR1",11,"d","p"
"BR1-D2","BR1",12,"d","p"
"BR1-D2","BR1",13,"d","p"
"BR1-D2","BR1",14,"d","d"
"BR1-D2","BR1",15,"d","d"
"BR1-D2","BR1",16,"d","d"
"BR1-D2","BR1",17,"d","d"
"BR1-D2","BR1",18,"d","d"
"BR1-D2","BR1",19,"d","d"
"BR1-D2","BR1",20,"d","d"
"BR1-D2","BR1",1,"u","f"
"BR1-D2","BR1",2,"d","f"
"BR1-D2","BR1",3,"u","u"
"BR1-D2","BR1",4,"u","u"
"BR1-D2","BR1",5,"u","u"
"BR1-D2","BR1",6,"u","f"
"BR1-D2","BR1",7,"m","f"
"BR1-D2","BR1",8,"m","f"
"BR1-D2","BR1",9,"m","m"
"BR1-D2","BR1",10,"m","m"
"BR1-D2","BR1",11,"m","m"
"BR1-D2","BR1",12,"d","p"
"BR1-D2","BR1",13,"d","p"
"BR1-D2","BR1",14,"d","p"
"BR1-D2","BR1",15,"d","d"
"BR1-D2","BR1",16,"d","d"
"BR1-D2","BR1",17,"d","d"
"BR1-D2","BR1",18,"d","d"
"BR1-D2","BR1",19,"d","d"
"BR1-D2","BR1",20,"d","d"
"BR2-C1","BR2",1,"p","u"
"BR2-C1","BR2",2,"p","u"
"BR2-C1","BR2",3,"p","p"
"BR2-C1","BR2",4,"p","p"
"BR2-C1","BR2",5,"u","f"
"BR2-C1","BR2",6,"d","f"
"BR2-C1","BR2",7,"p","p"
"BR2-C1","BR2",8,"m","f"
"BR2-C1","BR2",9,"m","m"
"BR2-C1","BR2",10,"m","m"
"BR2-C1","BR2",11,"m","m"
"BR2-C1","BR2",12,"m","m"
"BR2-C1","BR2",13,"m","m"
"BR2-C1","BR2",14,"m","m"
"BR2-C1","BR2",15,"m","m"
"BR2-C1","BR2",16,"d","d"
"BR2-C1","BR2",17,"d","d"
"BR2-C1","BR2",18,"d","d"
"BR2-C1","BR2",19,"d","d"
"BR2-C1","BR2",20,"d","d"
"BR2-C1","BR2",1,"p","p"
"BR2-C1","BR2",2,"p","p"
"BR2-C1","BR2",3,"p","p"
"BR2-C1","BR2",4,"p","p"
"BR2-C1","BR2",5,"u","u"
"BR2-C1","BR2",6,"d","d"
"BR2-C1","BR2",7,"p","p"
"BR2-C1","BR2",8,"m","m"
"BR2-C1","BR2",9,"m","m"
"BR2-C1","BR2",10,"m","m"
"BR2-C1","BR2",11,"m","m"
"BR2-C1","BR2",12,"m","m"
"BR2-C1","BR2",13,"m","m"
"BR2-C1","BR2",14,"m","m"
"BR2-C1","BR2",15,"m","m"
"BR2-C1","BR2",16,"d","d"
"BR2-C1","BR2",17,"d","d"
"BR2-C1","BR2",18,"d","d"
"BR2-C1","BR2",19,"d","d"
"BR2-C1","BR2",20,"d","d"
"BR2-C1","BR2",1,"p","u"
"BR2-C1","BR2",2,"p","p"
"BR2-C1","BR2",3,"p","p"
"BR2-C1","BR2",4,"p","p"
"BR2-C1","BR2",5,"u","f"
"BR2-C1","BR2",6,"d","f"
"BR2-C1","BR2",7,"p","u"
"BR2-C1","BR2",8,"m","f"
"BR2-C1","BR2",9,"m","f"
"BR2-C1","BR2",10,"m","f"
"BR2-C1","BR2",11,"m","m"
"BR2-C1","BR2",12,"m","m"
"BR2-C1","BR2",13,"m","m"
"BR2-C1","BR2",14,"m","m"
"BR2-C1","BR2",15,"m","f"
"BR2-C1","BR2",16,"d","d"
"BR2-C1","BR2",17,"d","d"
"BR2-C1","BR2",18,"d","d"
"BR2-C1","BR2",19,"d","d"
"BR2-C1","BR2",20,"d","d"
"BR2-C1","BR2",1,"p","p"
"BR2-C1","BR2",2,"p","p"
"BR2-C1","BR2",3,"p","p"
"BR2-C1","BR2",4,"u","u"
"BR2-C1","BR2",5,"d","d"
"BR2-C1","BR2",6,"p","p"
"BR2-C1","BR2",7,"p","p"
"BR2-C1","BR2",8,"m","m"
"BR2-C1","BR2",9,"m","m"
"BR2-C1","BR2",10,"m","m"
"BR2-C1","BR2",11,"m","m"
"BR2-C1","BR2",12,"m","m"
"BR2-C1","BR2",13,"m","m"
"BR2-C1","BR2",14,"m","m"
"BR2-C1","BR2",15,"m","m"
"BR2-C1","BR2",16,"d","d"
"BR2-C1","BR2",17,"d","d"
"BR2-C1","BR2",18,"d","d"
"BR2-C1","BR2",19,"d","d"
"BR2-C1","BR2",20,"d","d"
"CCE-B3","CCE",1,"p","p"
"CCE-B3","CCE",2,"p","p"
"CCE-B3","CCE",3,"p","p"
"CCE-B3","CCE",4,"p","p"
"CCE-B3","CCE",5,"u","u"
"CCE-B3","CCE",6,"p","p"
"CCE-B3","CCE",7,"m","m"
"CCE-B3","CCE",8,"m","m"
"CCE-B3","CCE",9,"m","m"
"CCE-B3","CCE",10,"m","m"
"CCE-B3","CCE",11,"m","m"
"CCE-B3","CCE",12,"m","m"
"CCE-B3","CCE",13,"m","m"
"CCE-B3","CCE",14,"m","m"
"CCE-B3","CCE",15,"m","m"
"CCE-B3","CCE",16,"d","d"
"CCE-B3","CCE",17,"d","d"
"CCE-B3","CCE",18,"u","u"
"CCE-B3","CCE",19,"d","d"
"CCE-B3","CCE",20,"u","u"
"CCE-B3","CCE",1,"p","u"
"CCE-B3","CCE",2,"p","u"
"CCE-B3","CCE",3,"p","u"
"CCE-B3","CCE",4,"p","u"
"CCE-B3","CCE",5,"u","u"
"CCE-B3","CCE",6,"p","d"
"CCE-B3","CCE",7,"m","s"
"CCE-B3","CCE",8,"m","s"
"CCE-B3","CCE",9,"m","s"
"CCE-B3","CCE",10,"m","s"
"CCE-B3","CCE",11,"m","m"
"CCE-B3","CCE",12,"m","m"
"CCE-B3","CCE",13,"m","m"
"CCE-B3","CCE",14,"m","f"
"CCE-B3","CCE",15,"d","f"
"CCE-B3","CCE",16,"d","d"
"CCE-B3","CCE",17,"d","d"
"CCE-B3","CCE",18,"u","f"
"CCE-B3","CCE",19,"d","f"
"CCE-B3","CCE",20,"u","f"
"CCE-B3","CCE",1,"p","p"
"CCE-B3","CCE",2,"p","p"
"CCE-B3","CCE",3,"p","p"
"CCE-B3","CCE",4,"p","p"
"CCE-B3","CCE",5,"u","u"
"CCE-B3","CCE",6,"p","p"
"CCE-B3","CCE",7,"p","p"
"CCE-B3","CCE",8,"m","m"
"CCE-B3","CCE",9,"m","m"
"CCE-B3","CCE",10,"m","m"
"CCE-B3","CCE",11,"m","m"
"CCE-B3","CCE",12,"m","m"
"CCE-B3","CCE",13,"m","m"
"CCE-B3","CCE",14,"m","m"
"CCE-B3","CCE",15,"d","d"
"CCE-B3","CCE",16,"d","d"
"CCE-B3","CCE",17,"d","d"
"CCE-B3","CCE",18,"u","u"
"CCE-B3","CCE",19,"d","d"
"CCE-B3","CCE",20,"u","u"
"STR-A2","STR",1,"m","m"
"STR-A2","STR",2,"m","m"
"STR-A2","STR",3,"m","m"
"STR-A2","STR",4,"m","m"
"STR-A2","STR",5,"m","m"
"STR-A2","STR",6,"m","m"
"STR-A2","STR",7,"m","m"
"STR-A2","STR",8,"m","m"
"STR-A2","STR",9,"m","m"
"STR-A2","STR",10,"m","m"
"STR-A2","STR",11,"m","m"
"STR-A2","STR",12,"m","m"
"STR-A2","STR",13,"m","m"
"STR-A2","STR",14,"m","m"
"STR-A2","STR",15,"m","m"
"STR-A2","STR",16,"m","m"
"STR-A2","STR",17,"m","m"
"STR-A2","STR",18,"m","m"
"STR-A2","STR",19,"m","m"
"STR-A2","STR",20,"m","m"
"STR-A2","STR",1,"m","m"
"STR-A2","STR",2,"m","m"
"STR-A2","STR",3,"m","m"
"STR-A2","STR",4,"m","m"
"STR-A2","STR",5,"m","m"
"STR-A2","STR",6,"m","m"
"STR-A2","STR",7,"m","m"
"STR-A2","STR",8,"m","m"
"STR-A2","STR",9,"m","m"
"STR-A2","STR",10,"m","m"
"STR-A2","STR",11,"m","m"
"STR-A2","STR",12,"m","m"
"STR-A2","STR",13,"m","m"
"STR-A2","STR",14,"m","m"
"STR-A2","STR",15,"m","m"
"STR-A2","STR",16,"m","m"
"STR-A2","STR",17,"m","m"
"STR-A2","STR",18,"m","m"
"STR-A2","STR",19,"m","m"
"STR-A2","STR",20,"m","m"
"STR-A2","STR",1,"m","m"
"STR-A2","STR",2,"m","m"
"STR-A2","STR",3,"m","m"
"STR-A2","STR",4,"m","m"
"STR-A2","STR",5,"m","m"
"STR-A2","STR",6,"m","m"
"STR-A2","STR",7,"m","m"
"STR-A2","STR",8,"m","m"
"STR-A2","STR",9,"m","m"
"STR-A2","STR",10,"m","m"
"STR-A2","STR",11,"m","m"
"STR-A2","STR",12,"m","m"
"STR-A2","STR",13,"m","m"
"STR-A2","STR",14,"m","m"
"STR-A2","STR",15,"m","m"
"STR-A2","STR",16,"m","m"
"STR-A2","STR",17,"m","m"
"STR-A2","STR",18,"m","m"
"STR-A2","STR",19,"m","m"
"STR-A2","STR",20,"m","m"
"STR-A2","STR",1,"m","m"
"STR-A2","STR",2,"m","m"
"STR-A2","STR",3,"m","m"
"STR-A2","STR",4,"m","m"
"STR-A2","STR",5,"m","m"
"STR-A2","STR",6,"m","m"
"STR-A2","STR",7,"m","m"
"STR-A2","STR",8,"m","m"
"STR-A2","STR",9,"m","m"
"STR-A2","STR",10,"m","m"
"STR-A2","STR",11,"m","m"
"STR-A2","STR",12,"m","m"
"STR-A2","STR",13,"m","m"
"STR-A2","STR",14,"m","m"
"STR-A2","STR",15,"m","m"
"STR-A2","STR",16,"m","m"
"STR-A2","STR",17,"m","m"
"STR-A2","STR",18,"m","m"
"STR-A2","STR",19,"m","m"
"STR-A2","STR",20,"m","m"
"STR-A1","STR",1,"s","s"
"STR-A1","STR",2,"s","s"
"STR-A1","STR",3,"s","s"
"STR-A1","STR",4,"s","s"
"STR-A1","STR",5,"s","s"
"STR-A1","STR",6,"s","s"
"STR-A1","STR",7,"s","s"
"STR-A1","STR",8,"s","s"
"STR-A1","STR",9,"s","s"
"STR-A1","STR",10,"s","s"
"STR-A1","STR",11,"m","m"
"STR-A1","STR",12,"m","m"
"STR-A1","STR",13,"m","m"
"STR-A1","STR",14,"m","m"
"STR-A1","STR",15,"m","m"
"STR-A1","STR",16,"m","m"
"STR-A1","STR",17,"m","m"
"STR-A1","STR",18,"m","m"
"STR-A1","STR",19,"m","m"
"STR-A1","STR",20,"m","m"
"STR-A1","STR",1,"s","s"
"STR-A1","STR",2,"s","s"
"STR-A1","STR",3,"s","s"
"STR-A1","STR",4,"s","s"
"STR-A1","STR",5,"s","s"
"STR-A1","STR",6,"s","s"
"STR-A1","STR",7,"s","s"
"STR-A1","STR",8,"s","s"
"STR-A1","STR",9,"s","s"
"STR-A1","STR",10,"s","s"
"STR-A1","STR",11,"m","m"
"STR-A1","STR",12,"m","m"
"STR-A1","STR",13,"m","m"
"STR-A1","STR",14,"m","m"
"STR-A1","STR",15,"m","m"
"STR-A1","STR",16,"m","m"
"STR-A1","STR",17,"m","m"
"STR-A1","STR",18,"m","m"
"STR-A1","STR",19,"m","m"
"STR-A1","STR",20,"m","m"
"STR-A1","STR",1,"s","s"
"STR-A1","STR",2,"s","s"
"STR-A1","STR",3,"s","s"
"STR-A1","STR",4,"s","s"
"STR-A1","STR",5,"s","s"
"STR-A1","STR",6,"s","s"
"STR-A1","STR",7,"s","s"
"STR-A1","STR",8,"s","s"
"STR-A1","STR",9,"s","s"
"STR-A1","STR",10,"s","s"
"STR-A1","STR",11,"m","m"
"STR-A1","STR",12,"m","m"
"STR-A1","STR",13,"m","m"
"STR-A1","STR",14,"m","m"
"STR-A1","STR",15,"m","m"
"STR-A1","STR",16,"m","m"
"STR-A1","STR",17,"m","m"
"STR-A1","STR",18,"m","m"
"STR-A1","STR",19,"m","m"
"STR-A1","STR",20,"m","m"
"STR-A1","STR",1,"s","s"
"STR-A1","STR",2,"s","s"
"STR-A1","STR",3,"s","s"
"STR-A1","STR",4,"s","s"
"STR-A1","STR",5,"s","s"
"STR-A1","STR",6,"s","s"
"STR-A1","STR",7,"s","s"
"STR-A1","STR",8,"s","s"
"STR-A1","STR",9,"s","s"
"STR-A1","STR",10,"s","s"
"STR-A1","STR",11,"m","m"
"STR-A1","STR",12,"m","m"
"STR-A1","STR",13,"m","m"
"STR-A1","STR",14,"m","m"
"STR-A1","STR",15,"m","m"
"STR-A1","STR",16,"m","m"
"STR-A1","STR",17,"m","m"
"STR-A1","STR",18,"m","m"
"STR-A1","STR",19,"m","m"
"STR-A1","STR",20,"m","m"
"BR1-D2","BR1",1,"u","u"
"BR1-D2","BR1",2,"d","d"
"BR1-D2","BR1",3,"u","u"
"BR1-D2","BR1",4,"u","u"
"BR1-D2","BR1",5,"m","m"
"BR1-D2","BR1",6,"m","m"
"BR1-D2","BR1",7,"m","m"
"BR1-D2","BR1",8,"m","m"
"BR1-D2","BR1",9,"m","m"
"BR1-D2","BR1",10,"m","m"
"BR1-D2","BR1",11,"d","d"
"BR1-D2","BR1",12,"d","d"
"BR1-D2","BR1",13,"d","d"
"BR1-D2","BR1",14,"d","d"
"BR1-D2","BR1",15,"d","d"
"BR1-D2","BR1",16,"d","d"
"BR1-D2","BR1",17,"d","d"
"BR1-D2","BR1",18,"d","d"
"BR1-D2","BR1",19,"d","d"
"BR1-D2","BR1",20,"d","d"
"BR2-B1","BR2",1,"p","p"
"BR2-B1","BR2",2,"p","p"
"BR2-B1","BR2",3,"p","p"
"BR2-B1","BR2",4,"u","u"
"BR2-B1","BR2",5,"d","d"
"BR2-B1","BR2",6,"u","u"
"BR2-B1","BR2",7,"u","u"
"BR2-B1","BR2",8,"u","u"
"BR2-B1","BR2",9,"u","u"
"BR2-B1","BR2",10,"u","u"
"BR2-B1","BR2",11,"u","u"
"BR2-B1","BR2",12,"d","d"
"BR2-B1","BR2",13,"p","p"
"BR2-B1","BR2",14,"p","p"
"BR2-B1","BR2",15,"p","p"
"BR2-B1","BR2",16,"p","p"
"BR2-B1","BR2",17,"p","p"
"BR2-B1","BR2",18,"p","p"
"BR2-B1","BR2",19,"u","u"
"BR2-B1","BR2",20,"d","d"
"BR2-B1","BR2",1,"u","u"
"BR2-B1","BR2",2,"u","u"
"BR2-B1","BR2",3,"u","u"
"BR2-B1","BR2",4,"u","u"
"BR2-B1","BR2",5,"u","u"
"BR2-B1","BR2",6,"u","u"
"BR2-B1","BR2",7,"u","u"
"BR2-B1","BR2",8,"u","u"
"BR2-B1","BR2",9,"u","u"
"BR2-B1","BR2",10,"u","u"
"BR2-B1","BR2",11,"u","u"
"BR2-B1","BR2",12,"u","u"
"BR2-B1","BR2",13,"d","d"
"BR2-B1","BR2",14,"p","p"
"BR2-B1","BR2",15,"p","p"
"BR2-B1","BR2",16,"p","p"
"BR2-B1","BR2",17,"p","p"
"BR2-B1","BR2",18,"p","p"
"BR2-B1","BR2",19,"p","p"
"BR2-B1","BR2",20,"p","p"
"BR2-B1","BR2",1,"u","u"
"BR2-B1","BR2",2,"u","u"
"BR2-B1","BR2",3,"u","u"
"BR2-B1","BR2",4,"u","u"
"BR2-B1","BR2",5,"u","u"
"BR2-B1","BR2",6,"u","u"
"BR2-B1","BR2",7,"u","u"
"BR2-B1","BR2",8,"u","u"
"BR2-B1","BR2",9,"u","u"
"BR2-B1","BR2",10,"u","u"
"BR2-B1","BR2",11,"u","u"
"BR2-B1","BR2",12,"d","d"
"BR2-B1","BR2",13,"p","p"
"BR2-B1","BR2",14,"p","p"
"BR2-B1","BR2",15,"p","p"
"BR2-B1","BR2",16,"p","p"
"BR2-B1","BR2",17,"u","u"
"BR2-B1","BR2",18,"d","d"
"BR2-B1","BR2",19,"p","p"
"BR2-B1","BR2",20,"d","d"
"BR2-B1","BR2",1,"u","u"
"BR2-B1","BR2",2,"u","u"
"BR2-B1","BR2",3,"u","u"
"BR2-B1","BR2",4,"u","u"
"BR2-B1","BR2",5,"u","u"
"BR2-B1","BR2",6,"u","u"
"BR2-B1","BR2",7,"u","u"
"BR2-B1","BR2",8,"u","u"
"BR2-B1","BR2",9,"u","u"
"BR2-B1","BR2",10,"u","u"
"BR2-B1","BR2",11,"u","u"
"BR2-B1","BR2",12,"d","d"
"BR2-B1","BR2",13,"p","p"
"BR2-B1","BR2",14,"p","p"
"BR2-B1","BR2",15,"p","p"
"BR2-B1","BR2",16,"p","p"
"BR2-B1","BR2",17,"p","p"
"BR2-B1","BR2",18,"p","p"
"BR2-B1","BR2",19,"u","u"
"BR2-B1","BR2",20,"d","d"
"BR2-A2","BR2",1,"p","p"
"BR2-A2","BR2",2,"p","p"
"BR2-A2","BR2",3,"p","p"
"BR2-A2","BR2",4,"u","u"
"BR2-A2","BR2",5,"d","d"
"BR2-A2","BR2",6,"p","p"
"BR2-A2","BR2",7,"p","p"
"BR2-A2","BR2",8,"f","f"
"BR2-A2","BR2",9,"f","f"
"BR2-A2","BR2",10,"f","f"
"BR2-A2","BR2",11,"f","f"
"BR2-A2","BR2",12,"f","f"
"BR2-A2","BR2",13,"f","f"
"BR2-A2","BR2",14,"f","f"
"BR2-A2","BR2",15,"f","f"
"BR2-A2","BR2",16,"d","d"
"BR2-A2","BR2",17,"d","d"
"BR2-A2","BR2",18,"d","d"
"BR2-A2","BR2",19,"d","d"
"BR2-A2","BR2",20,"d","d"
"BR2-A2","BR2",1,"p","p"
"BR2-A2","BR2",2,"p","p"
"BR2-A2","BR2",3,"p","p"
"BR2-A2","BR2",4,"u","u"
"BR2-A2","BR2",5,"d","d"
"BR2-A2","BR2",6,"p","p"
"BR2-A2","BR2",7,"p","p"
"BR2-A2","BR2",8,"f","f"
"BR2-A2","BR2",9,"f","f"
"BR2-A2","BR2",10,"f","f"
"BR2-A2","BR2",11,"f","f"
"BR2-A2","BR2",12,"f","f"
"BR2-A2","BR2",13,"f","f"
"BR2-A2","BR2",14,"f","f"
"BR2-A2","BR2",15,"f","f"
"BR2-A2","BR2",16,"f","f"
"BR2-A2","BR2",17,"d","d"
"BR2-A2","BR2",18,"d","d"
"BR2-A2","BR2",19,"d","d"
"BR2-A2","BR2",20,"d","d"
"BR2-A2","BR2",1,"p","p"
"BR2-A2","BR2",2,"p","p"
"BR2-A2","BR2",3,"p","p"
"BR2-A2","BR2",4,"u","u"
"BR2-A2","BR2",5,"d","d"
"BR2-A2","BR2",6,"p","p"
"BR2-A2","BR2",7,"p","p"
"BR2-A2","BR2",8,"f","f"
"BR2-A2","BR2",9,"f","f"
"BR2-A2","BR2",10,"f","f"
"BR2-A2","BR2",11,"f","f"
"BR2-A2","BR2",12,"f","f"
"BR2-A2","BR2",13,"f","f"
"BR2-A2","BR2",14,"f","f"
"BR2-A2","BR2",15,"f","f"
"BR2-A2","BR2",16,"f","f"
"BR2-A2","BR2",17,"d","d"
"BR2-A2","BR2",18,"d","d"
"BR2-A2","BR2",19,"d","d"
"BR2-A2","BR2",20,"u","u"
"BR2-A2","BR2",1,"p","p"
"BR2-A2","BR2",2,"p","p"
"BR2-A2","BR2",3,"p","p"
"BR2-A2","BR2",4,"u","u"
"BR2-A2","BR2",5,"d","d"
"BR2-A2","BR2",6,"p","p"
"BR2-A2","BR2",7,"p","p"
"BR2-A2","BR2",8,"f","f"
"BR2-A2","BR2",9,"f","f"
"BR2-A2","BR2",10,"f","f"
"BR2-A2","BR2",11,"f","f"
"BR2-A2","BR2",12,"f","f"
"BR2-A2","BR2",13,"f","f"
"BR2-A2","BR2",14,"f","f"
"BR2-A2","BR2",15,"f","f"
"BR2-A2","BR2",16,"d","d"
"BR2-A2","BR2",17,"d","d"
"BR2-A2","BR2",18,"d","d"
"BR2-A2","BR2",19,"d","d"
"BR2-A2","BR2",20,"u","u"
"CCE-B3","CCE",1,"p","u"
"CCE-B3","CCE",2,"p","u"
"CCE-B3","CCE",3,"p","u"
"CCE-B3","CCE",4,"u","u"
"CCE-B3","CCE",5,"u","u"
"CCE-B3","CCE",6,"p","d"
"CCE-B3","CCE",7,"m","s"
"CCE-B3","CCE",8,"m","s"
"CCE-B3","CCE",9,"m","m"
"CCE-B3","CCE",10,"m","m"
"CCE-B3","CCE",11,"m","m"
"CCE-B3","CCE",12,"m","f"
"CCE-B3","CCE",13,"m","f"
"CCE-B3","CCE",14,"m","f"
"CCE-B3","CCE",15,"d","d"
"CCE-B3","CCE",16,"d","d"
"CCE-B3","CCE",17,"u","f"
"CCE-B3","CCE",18,"d","f"
"CCE-B3","CCE",19,"u","f"
"CCE-B3","CCE",20,"d","f"
"TIS-A1","TIS",1,"p","p"
"TIS-A1","TIS",2,"p","p"
"TIS-A1","TIS",3,"p","p"
"TIS-A1","TIS",4,"p","p"
"TIS-A1","TIS",5,"p","p"
"TIS-A1","TIS",6,"p","p"
"TIS-A1","TIS",7,"u","u"
"TIS-A1","TIS",8,"d","d"
"TIS-A1","TIS",9,"p","p"
"TIS-A1","TIS",10,"p","p"
"TIS-A1","TIS",11,"p","p"
"TIS-A1","TIS",12,"p","p"
"TIS-A1","TIS",13,"p","p"
"TIS-A1","TIS",14,"p","p"
"TIS-A1","TIS",15,"p","p"
"TIS-A1","TIS",16,"d","d"
"TIS-A1","TIS",17,"d","d"
"TIS-A1","TIS",18,"p","p"
"TIS-A1","TIS",19,"p","p"
"TIS-A1","TIS",20,"p","p"
"TIS-A1","TIS",1,"p","p"
"TIS-A1","TIS",2,"p","p"
"TIS-A1","TIS",3,"p","p"
"TIS-A1","TIS",4,"p","p"
"TIS-A1","TIS",5,"p","p"
"TIS-A1","TIS",6,"u","u"
"TIS-A1","TIS",7,"d","d"
"TIS-A1","TIS",8,"p","p"
"TIS-A1","TIS",9,"p","p"
"TIS-A1","TIS",10,"p","p"
"TIS-A1","TIS",11,"p","p"
"TIS-A1","TIS",12,"p","p"
"TIS-A1","TIS",13,"p","p"
"TIS-A1","TIS",14,"p","p"
"TIS-A1","TIS",15,"p","p"
"TIS-A1","TIS",16,"d","d"
"TIS-A1","TIS",17,"d","d"
"TIS-A1","TIS",18,"p","p"
"TIS-A1","TIS",19,"p","p"
"TIS-A1","TIS",20,"p","p"
"TIS-A1","TIS",1,"p","p"
"TIS-A1","TIS",2,"p","p"
"TIS-A1","TIS",3,"p","p"
"TIS-A1","TIS",4,"p","p"
"TIS-A1","TIS",5,"p","p"
"TIS-A1","TIS",6,"p","p"
"TIS-A1","TIS",7,"d","d"
"TIS-A1","TIS",8,"d","d"
"TIS-A1","TIS",9,"p","p"
"TIS-A1","TIS",10,"p","p"
"TIS-A1","TIS",11,"p","p"
"TIS-A1","TIS",12,"p","p"
"TIS-A1","TIS",13,"p","p"
"TIS-A1","TIS",14,"p","p"
"TIS-A1","TIS",15,"p","p"
"TIS-A1","TIS",16,"d","d"
"TIS-A1","TIS",17,"d","d"
"TIS-A1","TIS",18,"p","p"
"TIS-A1","TIS",19,"p","p"
"TIS-A1","TIS",20,"p","p"
"TIS-A1","TIS",1,"p","p"
"TIS-A1","TIS",2,"p","p"
"TIS-A1","TIS",3,"p","p"
"TIS-A1","TIS",4,"p","p"
"TIS-A1","TIS",5,"p","p"
"TIS-A1","TIS",6,"u","u"
"TIS-A1","TIS",7,"d","d"
"TIS-A1","TIS",8,"u","u"
"TIS-A1","TIS",9,"u","u"
"TIS-A1","TIS",10,"u","u"
"TIS-A1","TIS",11,"u","u"
"TIS-A1","TIS",12,"u","u"
"TIS-A1","TIS",13,"u","u"
"TIS-A1","TIS",14,"u","u"
"TIS-A1","TIS",15,"u","u"
"TIS-A1","TIS",16,"u","u"
"TIS-A1","TIS",17,"u","u"
"TIS-A1","TIS",18,"d","d"
"TIS-A1","TIS",19,"d","d"
"TIS-A1","TIS",20,"p","p"
"BR1-A2","BR1",1,"u","u"
"BR1-A2","BR1",2,"d","d"
"BR1-A2","BR1",3,"u","u"
"BR1-A2","BR1",4,"s","s"
"BR1-A2","BR1",5,"s","s"
"BR1-A2","BR1",6,"s","s"
"BR1-A2","BR1",7,"s","s"
"BR1-A2","BR1",8,"s","s"
"BR1-A2","BR1",9,"s","s"
"BR1-A2","BR1",10,"s","s"
"BR1-A2","BR1",11,"d","d"
"BR1-A2","BR1",12,"d","d"
"BR1-A2","BR1",13,"d","d"
"BR1-A2","BR1",14,"d","d"
"BR1-A2","BR1",15,"d","d"
"BR1-A2","BR1",16,"d","d"
"BR1-A2","BR1",17,"d","d"
"BR1-A2","BR1",18,"d","d"
"BR1-A2","BR1",19,"d","d"
"BR1-A2","BR1",20,"d","d"
"BR1-A2","BR1",1,"u","u"
"BR1-A2","BR1",2,"d","d"
"BR1-A2","BR1",3,"u","u"
"BR1-A2","BR1",4,"u","u"
"BR1-A2","BR1",5,"s","s"
"BR1-A2","BR1",6,"s","s"
"BR1-A2","BR1",7,"s","s"
"BR1-A2","BR1",8,"s","s"
"BR1-A2","BR1",9,"s","s"
"BR1-A2","BR1",10,"s","s"
"BR1-A2","BR1",11,"d","d"
"BR1-A2","BR1",12,"d","d"
"BR1-A2","BR1",13,"d","d"
"BR1-A2","BR1",14,"d","d"
"BR1-A2","BR1",15,"d","d"
"BR1-A2","BR1",16,"d","d"
"BR1-A2","BR1",17,"d","d"
"BR1-A2","BR1",18,"d","d"
"BR1-A2","BR1",19,"d","d"
"BR1-A2","BR1",20,"d","d"
"BR1-A2","BR1",1,"u","u"
"BR1-A2","BR1",2,"d","d"
"BR1-A2","BR1",3,"u","u"
"BR1-A2","BR1",4,"u","u"
"BR1-A2","BR1",5,"s","s"
"BR1-A2","BR1",6,"s","s"
"BR1-A2","BR1",7,"s","s"
"BR1-A2","BR1",8,"s","s"
"BR1-A2","BR1",9,"s","s"
"BR1-A2","BR1",10,"s","s"
"BR1-A2","BR1",11,"d","d"
"BR1-A2","BR1",12,"d","d"
"BR1-A2","BR1",13,"d","d"
"BR1-A2","BR1",14,"d","d"
"BR1-A2","BR1",15,"d","d"
"BR1-A2","BR1",16,"d","d"
"BR1-A2","BR1",17,"d","d"
"BR1-A2","BR1",18,"d","d"
"BR1-A2","BR1",19,"d","d"
"BR1-A2","BR1",20,"d","d"
"BR1-A2","BR1",1,"u","u"
"BR1-A2","BR1",2,"d","d"
"BR1-A2","BR1",3,"u","u"
"BR1-A2","BR1",4,"u","u"
"BR1-A2","BR1",5,"s","s"
"BR1-A2","BR1",6,"s","s"
"BR1-A2","BR1",7,"s","s"
"BR1-A2","BR1",8,"s","s"
"BR1-A2","BR1",9,"s","s"
"BR1-A2","BR1",10,"s","s"
"BR1-A2","BR1",11,"d","d"
"BR1-A2","BR1",12,"d","d"
"BR1-A2","BR1",13,"d","d"
"BR1-A2","BR1",14,"d","d"
"BR1-A2","BR1",15,"d","d"
"BR1-A2","BR1",16,"d","d"
"BR1-A2","BR1",17,"d","d"
"BR1-A2","BR1",18,"d","d"
"BR1-A2","BR1",19,"d","d"
"BR1-A2","BR1",20,"d","d"
"BR1-C3","BR1",1,"f","u"
"BR1-C3","BR1",2,"f","d"
"BR1-C3","BR1",3,"f","p"
"BR1-C3","BR1",4,"f","p"
"BR1-C3","BR1",5,"f","p"
"BR1-C3","BR1",6,"f","u"
"BR1-C3","BR1",7,"f","f"
"BR1-C3","BR1",8,"f","f"
"BR1-C3","BR1",9,"f","f"
"BR1-C3","BR1",10,"f","f"
"BR1-C3","BR1",11,"f","f"
"BR1-C3","BR1",12,"f","f"
"BR1-C3","BR1",13,"f","f"
"BR1-C3","BR1",14,"f","f"
"BR1-C3","BR1",15,"f","f"
"BR1-C3","BR1",16,"f","f"
"BR1-C3","BR1",17,"f","f"
"BR1-C3","BR1",18,"f","d"
"BR1-C3","BR1",19,"f","d"
"BR1-C3","BR1",20,"f","d"
"BR1-C3","BR1",1,"f","f"
"BR1-C3","BR1",2,"f","f"
"BR1-C3","BR1",3,"f","f"
"BR1-C3","BR1",4,"f","f"
"BR1-C3","BR1",5,"f","f"
"BR1-C3","BR1",6,"f","f"
"BR1-C3","BR1",7,"f","f"
"BR1-C3","BR1",8,"f","f"
"BR1-C3","BR1",9,"f","f"
"BR1-C3","BR1",10,"f","f"
"BR1-C3","BR1",11,"f","f"
"BR1-C3","BR1",12,"f","f"
"BR1-C3","BR1",13,"f","f"
"BR1-C3","BR1",14,"f","f"
"BR1-C3","BR1",15,"f","f"
"BR1-C3","BR1",16,"f","f"
"BR1-C3","BR1",17,"f","f"
"BR1-C3","BR1",18,"f","f"
"BR1-C3","BR1",19,"f","f"
"BR1-C3","BR1",20,"f","f"
"BR1-C3","BR1",1,"u","f"
"BR1-C3","BR1",2,"d","f"
"BR1-C3","BR1",3,"p","p"
"BR1-C3","BR1",4,"p","p"
"BR1-C3","BR1",5,"p","p"
"BR1-C3","BR1",6,"u","u"
"BR1-C3","BR1",7,"f","f"
"BR1-C3","BR1",8,"f","f"
"BR1-C3","BR1",9,"f","f"
"BR1-C3","BR1",10,"f","f"
"BR1-C3","BR1",11,"f","f"
"BR1-C3","BR1",12,"f","f"
"BR1-C3","BR1",13,"f","f"
"BR1-C3","BR1",14,"f","f"
"BR1-C3","BR1",15,"f","f"
"BR1-C3","BR1",16,"f","f"
"BR1-C3","BR1",17,"f","f"
"BR1-C3","BR1",18,"d","d"
"BR1-C3","BR1",19,"d","d"
"BR1-C3","BR1",20,"d","d"
"BR1-C3","BR1",1,"u","u"
"BR1-C3","BR1",2,"d","d"
"BR1-C3","BR1",3,"p","p"
"BR1-C3","BR1",4,"u","u"
"BR1-C3","BR1",5,"d","d"
"BR1-C3","BR1",6,"u","u"
"BR1-C3","BR1",7,"f","f"
"BR1-C3","BR1",8,"f","f"
"BR1-C3","BR1",9,"f","f"
"BR1-C3","BR1",10,"f","f"
"BR1-C3","BR1",11,"f","f"
"BR1-C3","BR1",12,"f","f"
"BR1-C3","BR1",13,"f","f"
"BR1-C3","BR1",14,"f","f"
"BR1-C3","BR1",15,"f","f"
"BR1-C3","BR1",16,"f","f"
"BR1-C3","BR1",17,"f","f"
"BR1-C3","BR1",18,"d","d"
"BR1-C3","BR1",19,"d","d"
"BR1-C3","BR1",20,"d","d"
"CCE-C1","CCE",1,"p","p"
"CCE-C1","CCE",2,"u","u"
"CCE-C1","CCE",3,"u","u"
"CCE-C1","CCE",4,"u","u"
"CCE-C1","CCE",5,"u","u"
"CCE-C1","CCE",6,"u","u"
"CCE-C1","CCE",7,"f","f"
"CCE-C1","CCE",8,"f","f"
"CCE-C1","CCE",9,"f","f"
"CCE-C1","CCE",10,"f","f"
"CCE-C1","CCE",11,"p","p"
"CCE-C1","CCE",12,"p","p"
"CCE-C1","CCE",13,"p","p"
"CCE-C1","CCE",14,"p","p"
"CCE-C1","CCE",15,"p","p"
"CCE-C1","CCE",16,"d","d"
"CCE-C1","CCE",17,"p","p"
"CCE-C1","CCE",18,"p","p"
"CCE-C1","CCE",19,"p","p"
"CCE-C1","CCE",20,"p","p"
"CCE-C1","CCE",1,"u","u"
"CCE-C1","CCE",2,"u","u"
"CCE-C1","CCE",3,"u","u"
"CCE-C1","CCE",4,"u","u"
"CCE-C1","CCE",5,"u","u"
"CCE-C1","CCE",6,"u","u"
"CCE-C1","CCE",7,"f","f"
"CCE-C1","CCE",8,"f","f"
"CCE-C1","CCE",9,"f","f"
"CCE-C1","CCE",10,"f","f"
"CCE-C1","CCE",11,"f","f"
"CCE-C1","CCE",12,"f","f"
"CCE-C1","CCE",13,"u","u"
"CCE-C1","CCE",14,"u","u"
"CCE-C1","CCE",15,"d","d"
"CCE-C1","CCE",16,"d","d"
"CCE-C1","CCE",17,"p","p"
"CCE-C1","CCE",18,"p","p"
"CCE-C1","CCE",19,"p","p"
"CCE-C1","CCE",20,"p","p"
"CCE-E1","CCE",1,"m","m"
"CCE-E1","CCE",2,"m","m"
"CCE-E1","CCE",3,"m","m"
"CCE-E1","CCE",4,"m","m"
"CCE-E1","CCE",5,"m","m"
"CCE-E1","CCE",6,"m","m"
"CCE-E1","CCE",7,"m","m"
"CCE-E1","CCE",8,"f","f"
"CCE-E1","CCE",9,"f","f"
"CCE-E1","CCE",10,"f","f"
"CCE-E1","CCE",11,"f","f"
"CCE-E1","CCE",12,"f","f"
"CCE-E1","CCE",13,"d","d"
"CCE-E1","CCE",14,"d","d"
"CCE-E1","CCE",15,"d","d"
"CCE-E1","CCE",16,"d","d"
"CCE-E1","CCE",17,"m","m"
"CCE-E1","CCE",18,"m","m"
"CCE-E1","CCE",19,"m","m"
"CCE-E1","CCE",20,"m","m"
"CCE-I2","CCE",1,"u","u"
"CCE-I2","CCE",2,"u","u"
"CCE-I2","CCE",3,"f","f"
"CCE-I2","CCE",4,"f","f"
"CCE-I2","CCE",5,"f","f"
"CCE-I2","CCE",6,"f","f"
"CCE-I2","CCE",7,"u","u"
"CCE-I2","CCE",8,"d","d"
"CCE-I2","CCE",9,"d","d"
"CCE-I2","CCE",10,"p","p"
"CCE-I2","CCE",11,"p","p"
"CCE-I2","CCE",12,"u","u"
"CCE-I2","CCE",13,"d","d"
"CCE-I2","CCE",14,"d","d"
"CCE-I2","CCE",15,"f","f"
"CCE-I2","CCE",16,"f","f"
"CCE-I2","CCE",17,"f","f"
"CCE-I2","CCE",18,"f","f"
"CCE-I2","CCE",19,"f","f"
"CCE-I2","CCE",20,"f","f"
"CCE-I2","CCE",1,"u","u"
"CCE-I2","CCE",2,"u","u"
"CCE-I2","CCE",3,"f","f"
"CCE-I2","CCE",4,"f","f"
"CCE-I2","CCE",5,"f","f"
"CCE-I2","CCE",6,"f","f"
"CCE-I2","CCE",7,"u","u"
"CCE-I2","CCE",8,"d","d"
"CCE-I2","CCE",9,"d","d"
"CCE-I2","CCE",10,"d","d"
"CCE-I2","CCE",11,"p","p"
"CCE-I2","CCE",12,"u","u"
"CCE-I2","CCE",13,"d","d"
"CCE-I2","CCE",14,"p","p"
"CCE-I2","CCE",15,"f","f"
"CCE-I2","CCE",16,"f","f"
"CCE-I2","CCE",17,"f","f"
"CCE-I2","CCE",18,"f","f"
"CCE-I2","CCE",19,"f","f"
"CCE-I2","CCE",20,"f","f"
"CCE-I2","CCE",1,"u","u"
"CCE-I2","CCE",2,"u","u"
"CCE-I2","CCE",3,"f","f"
"CCE-I2","CCE",4,"f","f"
"CCE-I2","CCE",5,"f","f"
"CCE-I2","CCE",6,"f","f"
"CCE-I2","CCE",7,"u","u"
"CCE-I2","CCE",8,"d","d"
"CCE-I2","CCE",9,"d","d"
"CCE-I2","CCE",10,"d","d"
"CCE-I2","CCE",11,"p","p"
"CCE-I2","CCE",12,"u","u"
"CCE-I2","CCE",13,"d","d"
"CCE-I2","CCE",14,"d","d"
"CCE-I2","CCE",15,"u","u"
"CCE-I2","CCE",16,"f","f"
"CCE-I2","CCE",17,"f","f"
"CCE-I2","CCE",18,"f","f"
"CCE-I2","CCE",19,"f","f"
"CCE-I2","CCE",20,"f","f"
"CCE-I2","CCE",1,"u","u"
"CCE-I2","CCE",2,"u","u"
"CCE-I2","CCE",3,"f","f"
"CCE-I2","CCE",4,"f","f"
"CCE-I2","CCE",5,"f","f"
"CCE-I2","CCE",6,"f","f"
"CCE-I2","CCE",7,"u","u"
"CCE-I2","CCE",8,"d","d"
"CCE-I2","CCE",9,"d","d"
"CCE-I2","CCE",10,"d","d"
"CCE-I2","CCE",11,"p","p"
"CCE-I2","CCE",12,"u","u"
"CCE-I2","CCE",13,"d","d"
"CCE-I2","CCE",14,"d","d"
"CCE-I2","CCE",15,"f","f"
"CCE-I2","CCE",16,"f","f"
"CCE-I2","CCE",17,"f","f"
"CCE-I2","CCE",18,"f","f"
"CCE-I2","CCE",19,"f","f"
"CCE-I2","CCE",20,"f","f"
"CCE-K1","CCE",1,"p","p"
"CCE-K1","CCE",2,"u","u"
"CCE-K1","CCE",3,"d","d"
"CCE-K1","CCE",4,"p","p"
"CCE-K1","CCE",5,"s","s"
"CCE-K1","CCE",6,"s","s"
"CCE-K1","CCE",7,"s","s"
"CCE-K1","CCE",8,"f","f"
"CCE-K1","CCE",9,"f","f"
"CCE-K1","CCE",10,"f","f"
"CCE-K1","CCE",11,"f","f"
"CCE-K1","CCE",12,"f","f"
"CCE-K1","CCE",13,"f","f"
"CCE-K1","CCE",14,"d","d"
"CCE-K1","CCE",15,"d","d"
"CCE-K1","CCE",16,"d","d"
"CCE-K1","CCE",17,"d","d"
"CCE-K1","CCE",18,"u","u"
"CCE-K1","CCE",19,"d","d"
"CCE-K1","CCE",20,"d","d"
"CCE-K1","CCE",1,"u","u"
"CCE-K1","CCE",2,"u","u"
"CCE-K1","CCE",3,"d","d"
"CCE-K1","CCE",4,"d","d"
"CCE-K1","CCE",5,"s","s"
"CCE-K1","CCE",6,"s","s"
"CCE-K1","CCE",7,"s","s"
"CCE-K1","CCE",8,"f","f"
"CCE-K1","CCE",9,"f","f"
"CCE-K1","CCE",10,"f","f"
"CCE-K1","CCE",11,"f","f"
"CCE-K1","CCE",12,"f","f"
"CCE-K1","CCE",13,"f","f"
"CCE-K1","CCE",14,"d","d"
"CCE-K1","CCE",15,"d","d"
"CCE-K1","CCE",16,"d","d"
"CCE-K1","CCE",17,"d","d"
"CCE-K1","CCE",18,"u","u"
"CCE-K1","CCE",19,"d","d"
"CCE-K1","CCE",20,"d","d"
"CCE-K1","CCE",1,"s","s"
"CCE-K1","CCE",2,"s","s"
"CCE-K1","CCE",3,"s","s"
"CCE-K1","CCE",4,"s","s"
"CCE-K1","CCE",5,"s","s"
"CCE-K1","CCE",6,"s","s"
"CCE-K1","CCE",7,"s","s"
"CCE-K1","CCE",8,"f","f"
"CCE-K1","CCE",9,"f","f"
"CCE-K1","CCE",10,"f","f"
"CCE-K1","CCE",11,"d","d"
"CCE-K1","CCE",12,"u","u"
"CCE-K1","CCE",13,"d","d"
"CCE-K1","CCE",14,"d","d"
"CCE-K1","CCE",15,"d","d"
"CCE-K1","CCE",16,"d","d"
"CCE-K1","CCE",17,"p","p"
"CCE-K1","CCE",18,"u","u"
"CCE-K1","CCE",19,"d","d"
"CCE-K1","CCE",20,"d","d"
"CCE-K1","CCE",1,"p","p"
"CCE-K1","CCE",2,"u","u"
"CCE-K1","CCE",3,"d","d"
"CCE-K1","CCE",4,"d","d"
"CCE-K1","CCE",5,"s","s"
"CCE-K1","CCE",6,"s","s"
"CCE-K1","CCE",7,"s","s"
"CCE-K1","CCE",8,"f","f"
"CCE-K1","CCE",9,"f","f"
"CCE-K1","CCE",10,"f","f"
"CCE-K1","CCE",11,"f","f"
"CCE-K1","CCE",12,"f","f"
"CCE-K1","CCE",13,"f","f"
"CCE-K1","CCE",14,"d","d"
"CCE-K1","CCE",15,"d","d"
"CCE-K1","CCE",16,"d","d"
"CCE-K1","CCE",17,"d","d"
"CCE-K1","CCE",18,"u","u"
"CCE-K1","CCE",19,"d","d"
"CCE-K1","CCE",20,"d","d"
"CCL-A1","CCL",1,"m","m"
"CCL-A1","CCL",2,"m","m"
"CCL-A1","CCL",3,"m","m"
"CCL-A1","CCL",4,"m","m"
"CCL-A1","CCL",5,"m","m"
"CCL-A1","CCL",6,"m","m"
"CCL-A1","CCL",7,"m","m"
"CCL-A1","CCL",8,"m","m"
"CCL-A1","CCL",9,"m","m"
"CCL-A1","CCL",10,"m","m"
"CCL-A1","CCL",11,"m","m"
"CCL-A1","CCL",12,"m","m"
"CCL-A1","CCL",13,"f","f"
"CCL-A1","CCL",14,"f","f"
"CCL-A1","CCL",15,"f","f"
"CCL-A1","CCL",16,"f","f"
"CCL-A1","CCL",17,"f","f"
"CCL-A1","CCL",18,"f","f"
"CCL-A1","CCL",19,"f","f"
"CCL-A1","CCL",20,"f","f"
"CCL-A1","CCL",1,"m","m"
"CCL-A1","CCL",2,"m","m"
"CCL-A1","CCL",3,"m","m"
"CCL-A1","CCL",4,"m","m"
"CCL-A1","CCL",5,"m","m"
"CCL-A1","CCL",6,"m","m"
"CCL-A1","CCL",7,"m","m"
"CCL-A1","CCL",8,"m","m"
"CCL-A1","CCL",9,"m","m"
"CCL-A1","CCL",10,"m","m"
"CCL-A1","CCL",11,"m","m"
"CCL-A1","CCL",12,"m","m"
"CCL-A1","CCL",13,"m","m"
"CCL-A1","CCL",14,"f","f"
"CCL-A1","CCL",15,"f","f"
"CCL-A1","CCL",16,"f","f"
"CCL-A1","CCL",17,"f","f"
"CCL-A1","CCL",18,"f","f"
"CCL-A1","CCL",19,"f","f"
"CCL-A1","CCL",20,"f","f"
"CCL-A1","CCL",1,"m","m"
"CCL-A1","CCL",2,"m","m"
"CCL-A1","CCL",3,"m","m"
"CCL-A1","CCL",4,"m","m"
"CCL-A1","CCL",5,"m","m"
"CCL-A1","CCL",6,"m","m"
"CCL-A1","CCL",7,"m","m"
"CCL-A1","CCL",8,"m","m"
"CCL-A1","CCL",9,"m","m"
"CCL-A1","CCL",10,"m","m"
"CCL-A1","CCL",11,"m","m"
"CCL-A1","CCL",12,"m","m"
"CCL-A1","CCL",13,"f","f"
"CCL-A1","CCL",14,"f","f"
"CCL-A1","CCL",15,"f","f"
"CCL-A1","CCL",16,"f","f"
"CCL-A1","CCL",17,"f","f"
"CCL-A1","CCL",18,"f","f"
"CCL-A1","CCL",19,"f","f"
"CCL-A1","CCL",20,"f","f"
"CCL-A1","CCL",1,"m","m"
"CCL-A1","CCL",2,"m","m"
"CCL-A1","CCL",3,"m","m"
"CCL-A1","CCL",4,"m","m"
"CCL-A1","CCL",5,"m","m"
"CCL-A1","CCL",6,"m","m"
"CCL-A1","CCL",7,"m","m"
"CCL-A1","CCL",8,"m","m"
"CCL-A1","CCL",9,"m","m"
"CCL-A1","CCL",10,"m","m"
"CCL-A1","CCL",11,"m","m"
"CCL-A1","CCL",12,"m","m"
"CCL-A1","CCL",13,"f","f"
"CCL-A1","CCL",14,"f","f"
"CCL-A1","CCL",15,"f","f"
"CCL-A1","CCL",16,"f","f"
"CCL-A1","CCL",17,"f","f"
"CCL-A1","CCL",18,"f","f"
"CCL-A1","CCL",19,"f","f"
"CCL-A1","CCL",20,"f","f"
"HC1-F1","HC1",1,"p","p"
"HC1-F1","HC1",2,"p","p"
"HC1-F1","HC1",3,"p","p"
"HC1-F1","HC1",4,"p","p"
"HC1-F1","HC1",5,"f","p"
"HC1-F1","HC1",6,"f","m"
"HC1-F1","HC1",7,"f","m"
"HC1-F1","HC1",8,"f","m"
"HC1-F1","HC1",9,"f","m"
"HC1-F1","HC1",10,"f","m"
"HC1-F1","HC1",11,"d","m"
"HC1-F1","HC1",12,"d","d"
"HC1-F1","HC1",13,"d","d"
"HC1-F1","HC1",14,"d","f"
"HC1-F1","HC1",15,"u","f"
"HC1-F1","HC1",16,"u","u"
"HC1-F1","HC1",17,"u","u"
"HC1-F1","HC1",18,"u","p"
"HC1-F1","HC1",19,"u","p"
"HC1-F1","HC1",20,"u","p"
"HC1-F1","HC1",1,"p","p"
"HC1-F1","HC1",2,"p","p"
"HC1-F1","HC1",3,"p","p"
"HC1-F1","HC1",4,"f","p"
"HC1-F1","HC1",5,"f","m"
"HC1-F1","HC1",6,"f","m"
"HC1-F1","HC1",7,"f","m"
"HC1-F1","HC1",8,"f","m"
"HC1-F1","HC1",9,"f","m"
"HC1-F1","HC1",10,"d","f"
"HC1-F1","HC1",11,"d","f"
"HC1-F1","HC1",12,"d","f"
"HC1-F1","HC1",13,"u","f"
"HC1-F1","HC1",14,"u","f"
"HC1-F1","HC1",15,"u","u"
"HC1-F1","HC1",16,"u","p"
"HC1-F1","HC1",17,"u","p"
"HC1-F1","HC1",18,"d","p"
"HC1-F1","HC1",19,"d","p"
"HC1-F1","HC1",20,"d","p"
"HC1-F1","HC1",1,"p","p"
"HC1-F1","HC1",2,"p","p"
"HC1-F1","HC1",3,"p","p"
"HC1-F1","HC1",4,"p","p"
"HC1-F1","HC1",5,"f","f"
"HC1-F1","HC1",6,"f","f"
"HC1-F1","HC1",7,"f","f"
"HC1-F1","HC1",8,"f","f"
"HC1-F1","HC1",9,"f","f"
"HC1-F1","HC1",10,"f","f"
"HC1-F1","HC1",11,"f","f"
"HC1-F1","HC1",12,"p","p"
"HC1-F1","HC1",13,"p","p"
"HC1-F1","HC1",14,"u","u"
"HC1-F1","HC1",15,"u","u"
"HC1-F1","HC1",16,"u","u"
"HC1-F1","HC1",17,"u","u"
"HC1-F1","HC1",18,"u","u"
"HC1-F1","HC1",19,"u","u"
"HC1-F1","HC1",20,"u","u"
"HC1-I1","HC1",1,"u","u"
"HC1-I1","HC1",2,"u","u"
"HC1-I1","HC1",3,"u","u"
"HC1-I1","HC1",4,"u","u"
"HC1-I1","HC1",5,"u","u"
"HC1-I1","HC1",6,"u","u"
"HC1-I1","HC1",7,"u","u"
"HC1-I1","HC1",8,"u","u"
"HC1-I1","HC1",9,"s","s"
"HC1-I1","HC1",10,"s","s"
"HC1-I1","HC1",11,"s","s"
"HC1-I1","HC1",12,"s","s"
"HC1-I1","HC1",13,"f","f"
"HC1-I1","HC1",14,"f","f"
"HC1-I1","HC1",15,"f","f"
"HC1-I1","HC1",16,"f","f"
"HC1-I1","HC1",17,"d","d"
"HC1-I1","HC1",18,"d","d"
"HC1-I1","HC1",19,"p","p"
"HC1-I1","HC1",20,"p","p"
"HC1-I1","HC1",1,"p","p"
"HC1-I1","HC1",2,"p","p"
"HC1-I1","HC1",3,"p","p"
"HC1-I1","HC1",4,"p","p"
"HC1-I1","HC1",5,"p","p"
"HC1-I1","HC1",6,"p","p"
"HC1-I1","HC1",7,"u","u"
"HC1-I1","HC1",8,"u","u"
"HC1-I1","HC1",9,"s","s"
"HC1-I1","HC1",10,"s","s"
"HC1-I1","HC1",11,"s","s"
"HC1-I1","HC1",12,"f","f"
"HC1-I1","HC1",13,"f","f"
"HC1-I1","HC1",14,"f","f"
"HC1-I1","HC1",15,"f","f"
"HC1-I1","HC1",16,"f","f"
"HC1-I1","HC1",17,"f","f"
"HC1-I1","HC1",18,"d","d"
"HC1-I1","HC1",19,"d","d"
"HC1-I1","HC1",20,"p","p"
"HC1-I1","HC1",1,"p","p"
"HC1-I1","HC1",2,"p","p"
"HC1-I1","HC1",3,"p","p"
"HC1-I1","HC1",4,"p","p"
"HC1-I1","HC1",5,"p","p"
"HC1-I1","HC1",6,"p","p"
"HC1-I1","HC1",7,"p","p"
"HC1-I1","HC1",8,"u","u"
"HC1-I1","HC1",9,"s","s"
"HC1-I1","HC1",10,"s","s"
"HC1-I1","HC1",11,"s","s"
"HC1-I1","HC1",12,"f","f"
"HC1-I1","HC1",13,"f","f"
"HC1-I1","HC1",14,"f","f"
"HC1-I1","HC1",15,"f","f"
"HC1-I1","HC1",16,"f","f"
"HC1-I1","HC1",17,"d","d"
"HC1-I1","HC1",18,"d","d"
"HC1-I1","HC1",19,"d","d"
"HC1-I1","HC1",20,"d","d"
"HC1-I1","HC1",1,"p","p"
"HC1-I1","HC1",2,"p","p"
"HC1-I1","HC1",3,"p","p"
"HC1-I1","HC1",4,"p","p"
"HC1-I1","HC1",5,"p","p"
"HC1-I1","HC1",6,"p","p"
"HC1-I1","HC1",7,"p","p"
"HC1-I1","HC1",8,"p","p"
"HC1-I1","HC1",9,"s","s"
"HC1-I1","HC1",10,"s","s"
"HC1-I1","HC1",11,"s","s"
"HC1-I1","HC1",12,"f","f"
"HC1-I1","HC1",13,"f","f"
"HC1-I1","HC1",14,"f","f"
"HC1-I1","HC1",15,"f","f"
"HC1-I1","HC1",16,"f","f"
"HC1-I1","HC1",17,"f","f"
"HC1-I1","HC1",18,"d","d"
"HC1-I1","HC1",19,"d","d"
"HC1-I1","HC1",20,"d","d"
"HC1-B4","HC1",1,"p","p"
"HC1-B4","HC1",2,"p","p"
"HC1-B4","HC1",3,"p","p"
"HC1-B4","HC1",4,"p","p"
"HC1-B4","HC1",5,"p","p"
"HC1-B4","HC1",6,"p","p"
"HC1-B4","HC1",7,"p","p"
"HC1-B4","HC1",8,"p","p"
"HC1-B4","HC1",9,"f","f"
"HC1-B4","HC1",10,"f","f"
"HC1-B4","HC1",11,"f","f"
"HC1-B4","HC1",12,"f","f"
"HC1-B4","HC1",13,"f","f"
"HC1-B4","HC1",14,"d","d"
"HC1-B4","HC1",15,"d","d"
"HC1-B4","HC1",16,"d","d"
"HC1-B4","HC1",17,"d","d"
"HC1-B4","HC1",18,"d","d"
"HC1-B4","HC1",19,"d","d"
"HC1-B4","HC1",20,"d","d"
"HC1-B4","HC1",1,"p","p"
"HC1-B4","HC1",2,"p","p"
"HC1-B4","HC1",3,"p","p"
"HC1-B4","HC1",4,"p","p"
"HC1-B4","HC1",5,"p","p"
"HC1-B4","HC1",6,"p","p"
"HC1-B4","HC1",7,"p","p"
"HC1-B4","HC1",8,"p","p"
"HC1-B4","HC1",9,"f","f"
"HC1-B4","HC1",10,"f","f"
"HC1-B4","HC1",11,"f","f"
"HC1-B4","HC1",12,"f","f"
"HC1-B4","HC1",13,"f","f"
"HC1-B4","HC1",14,"d","d"
"HC1-B4","HC1",15,"d","d"
"HC1-B4","HC1",16,"d","d"
"HC1-B4","HC1",17,"d","d"
"HC1-B4","HC1",18,"d","d"
"HC1-B4","HC1",19,"d","d"
"HC1-B4","HC1",20,"d","d"
"HC1-B4","HC1",1,"p","p"
"HC1-B4","HC1",2,"p","p"
"HC1-B4","HC1",3,"p","p"
"HC1-B4","HC1",4,"p","u"
"HC1-B4","HC1",5,"p","u"
"HC1-B4","HC1",6,"p","u"
"HC1-B4","HC1",7,"u","u"
"HC1-B4","HC1",8,"u","u"
"HC1-B4","HC1",9,"f","f"
"HC1-B4","HC1",10,"f","f"
"HC1-B4","HC1",11,"f","f"
"HC1-B4","HC1",12,"f","f"
"HC1-B4","HC1",13,"f","f"
"HC1-B4","HC1",14,"d","d"
"HC1-B4","HC1",15,"d","d"
"HC1-B4","HC1",16,"d","d"
"HC1-B4","HC1",17,"d","d"
"HC1-B4","HC1",18,"d","d"
"HC1-B4","HC1",19,"d","d"
"HC1-B4","HC1",20,"d","d"
"HC1-B4","HC1",1,"p","p"
"HC1-B4","HC1",2,"p","p"
"HC1-B4","HC1",3,"p","p"
"HC1-B4","HC1",4,"p","p"
"HC1-B4","HC1",5,"p","u"
"HC1-B4","HC1",6,"p","u"
"HC1-B4","HC1",7,"p","u"
"HC1-B4","HC1",8,"p","u"
"HC1-B4","HC1",9,"f","f"
"HC1-B4","HC1",10,"f","f"
"HC1-B4","HC1",11,"f","f"
"HC1-B4","HC1",12,"f","f"
"HC1-B4","HC1",13,"f","f"
"HC1-B4","HC1",14,"d","d"
"HC1-B4","HC1",15,"d","d"
"HC1-B4","HC1",16,"d","d"
"HC1-B4","HC1",17,"d","d"
"HC1-B4","HC1",18,"d","d"
"HC1-B4","HC1",19,"d","d"
"HC1-B4","HC1",20,"d","d"
"HC1-M1","HC1",1,"p","p"
"HC1-M1","HC1",2,"p","p"
"HC1-M1","HC1",3,"p","p"
"HC1-M1","HC1",4,"u","u"
"HC1-M1","HC1",5,"u","u"
"HC1-M1","HC1",6,"u","u"
"HC1-M1","HC1",7,"u","u"
"HC1-M1","HC1",8,"f","f"
"HC1-M1","HC1",9,"f","f"
"HC1-M1","HC1",10,"f","f"
"HC1-M1","HC1",11,"u","u"
"HC1-M1","HC1",12,"u","u"
"HC1-M1","HC1",13,"p","p"
"HC1-M1","HC1",14,"p","p"
"HC1-M1","HC1",15,"p","p"
"HC1-M1","HC1",16,"d","d"
"HC1-M1","HC1",17,"d","d"
"HC1-M1","HC1",18,"p","p"
"HC1-M1","HC1",19,"d","d"
"HC1-M1","HC1",20,"d","d"
"HC1-M1","HC1",1,"p","p"
"HC1-M1","HC1",2,"p","p"
"HC1-M1","HC1",3,"u","u"
"HC1-M1","HC1",4,"u","u"
"HC1-M1","HC1",5,"u","u"
"HC1-M1","HC1",6,"u","u"
"HC1-M1","HC1",7,"u","u"
"HC1-M1","HC1",8,"f","f"
"HC1-M1","HC1",9,"f","f"
"HC1-M1","HC1",10,"f","f"
"HC1-M1","HC1",11,"u","u"
"HC1-M1","HC1",12,"u","u"
"HC1-M1","HC1",13,"f","f"
"HC1-M1","HC1",14,"f","f"
"HC1-M1","HC1",15,"f","f"
"HC1-M1","HC1",16,"d","d"
"HC1-M1","HC1",17,"p","p"
"HC1-M1","HC1",18,"p","p"
"HC1-M1","HC1",19,"p","p"
"HC1-M1","HC1",20,"d","d"
"HC1-M1","HC1",1,"p","p"
"HC1-M1","HC1",2,"p","p"
"HC1-M1","HC1",3,"p","p"
"HC1-M1","HC1",4,"u","u"
"HC1-M1","HC1",5,"u","u"
"HC1-M1","HC1",6,"u","u"
"HC1-M1","HC1",7,"f","f"
"HC1-M1","HC1",8,"f","f"
"HC1-M1","HC1",9,"f","f"
"HC1-M1","HC1",10,"f","f"
"HC1-M1","HC1",11,"f","f"
"HC1-M1","HC1",12,"f","f"
"HC1-M1","HC1",13,"p","p"
"HC1-M1","HC1",14,"p","p"
"HC1-M1","HC1",15,"p","p"
"HC1-M1","HC1",16,"p","p"
"HC1-M1","HC1",17,"d","d"
"HC1-M1","HC1",18,"d","d"
"HC1-M1","HC1",19,"d","d"
"HC1-M1","HC1",20,"d","d"
"HC1-M1","HC1",1,"p","p"
"HC1-M1","HC1",2,"p","p"
"HC1-M1","HC1",3,"u","u"
"HC1-M1","HC1",4,"u","u"
"HC1-M1","HC1",5,"u","u"
"HC1-M1","HC1",6,"u","u"
"HC1-M1","HC1",7,"f","f"
"HC1-M1","HC1",8,"f","f"
"HC1-M1","HC1",9,"f","f"
"HC1-M1","HC1",10,"f","f"
"HC1-M1","HC1",11,"u","u"
"HC1-M1","HC1",12,"p","p"
"HC1-M1","HC1",13,"p","p"
"HC1-M1","HC1",14,"p","p"
"HC1-M1","HC1",15,"p","p"
"HC1-M1","HC1",16,"p","p"
"HC1-M1","HC1",17,"d","d"
"HC1-M1","HC1",18,"d","d"
"HC1-M1","HC1",19,"p","p"
"HC1-M1","HC1",20,"p","p"
"HC1-K2","HC1",1,"p","p"
"HC1-K2","HC1",2,"p","p"
"HC1-K2","HC1",3,"p","p"
"HC1-K2","HC1",4,"p","p"
"HC1-K2","HC1",5,"p","p"
"HC1-K2","HC1",6,"p","p"
"HC1-K2","HC1",7,"f","f"
"HC1-K2","HC1",8,"p","p"
"HC1-K2","HC1",9,"f","f"
"HC1-K2","HC1",10,"f","f"
"HC1-K2","HC1",11,"f","f"
"HC1-K2","HC1",12,"f","f"
"HC1-K2","HC1",13,"d","d"
"HC1-K2","HC1",14,"d","d"
"HC1-K2","HC1",15,"d","d"
"HC1-K2","HC1",16,"p","p"
"HC1-K2","HC1",17,"p","p"
"HC1-K2","HC1",18,"p","p"
"HC1-K2","HC1",19,"p","p"
"HC1-K2","HC1",20,"p","p"
"HC1-K2","HC1",1,"p","p"
"HC1-K2","HC1",2,"p","p"
"HC1-K2","HC1",3,"p","p"
"HC1-K2","HC1",4,"p","u"
"HC1-K2","HC1",5,"p","u"
"HC1-K2","HC1",6,"p","u"
"HC1-K2","HC1",7,"p","u"
"HC1-K2","HC1",8,"p","u"
"HC1-K2","HC1",9,"f","f"
"HC1-K2","HC1",10,"f","f"
"HC1-K2","HC1",11,"f","f"
"HC1-K2","HC1",12,"f","f"
"HC1-K2","HC1",13,"d","f"
"HC1-K2","HC1",14,"d","d"
"HC1-K2","HC1",15,"d","d"
"HC1-K2","HC1",16,"p","p"
"HC1-K2","HC1",17,"p","p"
"HC1-K2","HC1",18,"p","p"
"HC1-K2","HC1",19,"p","p"
"HC1-K2","HC1",20,"p","p"
"HC1-K2","HC1",1,"p","u"
"HC1-K2","HC1",2,"p","p"
"HC1-K2","HC1",3,"p","p"
"HC1-K2","HC1",4,"p","u"
"HC1-K2","HC1",5,"p","u"
"HC1-K2","HC1",6,"p","u"
"HC1-K2","HC1",7,"p","u"
"HC1-K2","HC1",8,"p","f"
"HC1-K2","HC1",9,"f","f"
"HC1-K2","HC1",10,"f","f"
"HC1-K2","HC1",11,"f","f"
"HC1-K2","HC1",12,"f","f"
"HC1-K2","HC1",13,"d","d"
"HC1-K2","HC1",14,"d","d"
"HC1-K2","HC1",15,"p","d"
"HC1-K2","HC1",16,"p","p"
"HC1-K2","HC1",17,"p","p"
"HC1-K2","HC1",18,"p","p"
"HC1-K2","HC1",19,"p","p"
"HC1-K2","HC1",20,"p","p"
"HC1-K2","HC1",1,"p","p"
"HC1-K2","HC1",2,"p","p"
"HC1-K2","HC1",3,"p","p"
"HC1-K2","HC1",4,"p","p"
"HC1-K2","HC1",5,"p","p"
"HC1-K2","HC1",6,"p","p"
"HC1-K2","HC1",7,"p","p"
"HC1-K2","HC1",8,"p","p"
"HC1-K2","HC1",9,"f","f"
"HC1-K2","HC1",10,"f","f"
"HC1-K2","HC1",11,"f","f"
"HC1-K2","HC1",12,"f","f"
"HC1-K2","HC1",13,"d","d"
"HC1-K2","HC1",14,"d","d"
"HC1-K2","HC1",15,"p","p"
"HC1-K2","HC1",16,"p","p"
"HC1-K2","HC1",17,"p","p"
"HC1-K2","HC1",18,"p","p"
"HC1-K2","HC1",19,"p","p"
"HC1-K2","HC1",20,"p","p"
"HC2-B2","HC2",1,"p","p"
"HC2-B2","HC2",2,"p","p"
"HC2-B2","HC2",3,"p","p"
"HC2-B2","HC2",4,"p","p"
"HC2-B2","HC2",5,"p","p"
"HC2-B2","HC2",6,"p","p"
"HC2-B2","HC2",7,"p","p"
"HC2-B2","HC2",8,"u","u"
"HC2-B2","HC2",9,"u","u"
"HC2-B2","HC2",10,"d","d"
"HC2-B2","HC2",11,"d","d"
"HC2-B2","HC2",12,"d","d"
"HC2-B2","HC2",13,"p","p"
"HC2-B2","HC2",14,"f","f"
"HC2-B2","HC2",15,"f","f"
"HC2-B2","HC2",16,"f","f"
"HC2-B2","HC2",17,"f","f"
"HC2-B2","HC2",18,"f","f"
"HC2-B2","HC2",19,"f","f"
"HC2-B2","HC2",20,"f","f"
"HC2-D1","HC2",1,"p","p"
"HC2-D1","HC2",2,"p","p"
"HC2-D1","HC2",3,"p","p"
"HC2-D1","HC2",4,"m","m"
"HC2-D1","HC2",5,"m","m"
"HC2-D1","HC2",6,"m","m"
"HC2-D1","HC2",7,"m","m"
"HC2-D1","HC2",8,"m","m"
"HC2-D1","HC2",9,"m","m"
"HC2-D1","HC2",10,"m","m"
"HC2-D1","HC2",11,"m","m"
"HC2-D1","HC2",12,"m","m"
"HC2-D1","HC2",13,"m","m"
"HC2-D1","HC2",14,"f","f"
"HC2-D1","HC2",15,"f","f"
"HC2-D1","HC2",16,"f","f"
"HC2-D1","HC2",17,"f","f"
"HC2-D1","HC2",18,"f","f"
"HC2-D1","HC2",19,"f","f"
"HC2-D1","HC2",20,"f","f"
"HC2-D1","HC2",1,"p","p"
"HC2-D1","HC2",2,"p","p"
"HC2-D1","HC2",3,"p","p"
"HC2-D1","HC2",4,"m","m"
"HC2-D1","HC2",5,"m","m"
"HC2-D1","HC2",6,"m","m"
"HC2-D1","HC2",7,"m","m"
"HC2-D1","HC2",8,"m","m"
"HC2-D1","HC2",9,"m","m"
"HC2-D1","HC2",10,"m","m"
"HC2-D1","HC2",11,"m","m"
"HC2-D1","HC2",12,"m","m"
"HC2-D1","HC2",13,"m","m"
"HC2-D1","HC2",14,"f","f"
"HC2-D1","HC2",15,"f","f"
"HC2-D1","HC2",16,"f","f"
"HC2-D1","HC2",17,"f","f"
"HC2-D1","HC2",18,"f","f"
"HC2-D1","HC2",19,"f","f"
"HC2-D1","HC2",20,"f","f"
"HC2-D1","HC2",1,"p","p"
"HC2-D1","HC2",2,"p","p"
"HC2-D1","HC2",3,"p","p"
"HC2-D1","HC2",4,"m","m"
"HC2-D1","HC2",5,"m","m"
"HC2-D1","HC2",6,"m","m"
"HC2-D1","HC2",7,"m","m"
"HC2-D1","HC2",8,"m","m"
"HC2-D1","HC2",9,"m","m"
"HC2-D1","HC2",10,"m","m"
"HC2-D1","HC2",11,"m","m"
"HC2-D1","HC2",12,"m","m"
"HC2-D1","HC2",13,"m","m"
"HC2-D1","HC2",14,"f","f"
"HC2-D1","HC2",15,"f","f"
"HC2-D1","HC2",16,"f","f"
"HC2-D1","HC2",17,"f","f"
"HC2-D1","HC2",18,"f","f"
"HC2-D1","HC2",19,"f","f"
"HC2-D1","HC2",20,"f","f"
"HC2-D1","HC2",1,"p","p"
"HC2-D1","HC2",2,"p","p"
"HC2-D1","HC2",3,"p","p"
"HC2-D1","HC2",4,"m","m"
"HC2-D1","HC2",5,"m","m"
"HC2-D1","HC2",6,"m","m"
"HC2-D1","HC2",7,"m","m"
"HC2-D1","HC2",8,"m","m"
"HC2-D1","HC2",9,"m","m"
"HC2-D1","HC2",10,"m","m"
"HC2-D1","HC2",11,"m","m"
"HC2-D1","HC2",12,"m","m"
"HC2-D1","HC2",13,"m","m"
"HC2-D1","HC2",14,"f","f"
"HC2-D1","HC2",15,"f","f"
"HC2-D1","HC2",16,"f","f"
"HC2-D1","HC2",17,"f","f"
"HC2-D1","HC2",18,"f","f"
"HC2-D1","HC2",19,"f","f"
"HC2-D1","HC2",20,"f","f"
"HC2-D2","HC2",1,"p","p"
"HC2-D2","HC2",2,"p","p"
"HC2-D2","HC2",3,"p","p"
"HC2-D2","HC2",4,"m","m"
"HC2-D2","HC2",5,"m","m"
"HC2-D2","HC2",6,"m","m"
"HC2-D2","HC2",7,"m","m"
"HC2-D2","HC2",8,"m","m"
"HC2-D2","HC2",9,"m","m"
"HC2-D2","HC2",10,"m","m"
"HC2-D2","HC2",11,"m","m"
"HC2-D2","HC2",12,"m","m"
"HC2-D2","HC2",13,"m","m"
"HC2-D2","HC2",14,"m","m"
"HC2-D2","HC2",15,"f","f"
"HC2-D2","HC2",16,"f","f"
"HC2-D2","HC2",17,"f","f"
"HC2-D2","HC2",18,"f","f"
"HC2-D2","HC2",19,"f","f"
"HC2-D2","HC2",20,"f","f"
"HC2-D2","HC2",1,"p","p"
"HC2-D2","HC2",2,"p","p"
"HC2-D2","HC2",3,"p","p"
"HC2-D2","HC2",4,"m","m"
"HC2-D2","HC2",5,"m","m"
"HC2-D2","HC2",6,"m","m"
"HC2-D2","HC2",7,"m","m"
"HC2-D2","HC2",8,"m","m"
"HC2-D2","HC2",9,"m","m"
"HC2-D2","HC2",10,"m","m"
"HC2-D2","HC2",11,"m","m"
"HC2-D2","HC2",12,"m","m"
"HC2-D2","HC2",13,"m","m"
"HC2-D2","HC2",14,"m","m"
"HC2-D2","HC2",15,"f","f"
"HC2-D2","HC2",16,"f","f"
"HC2-D2","HC2",17,"f","f"
"HC2-D2","HC2",18,"f","f"
"HC2-D2","HC2",19,"f","f"
"HC2-D2","HC2",20,"f","f"
"HC2-D2","HC2",1,"p","p"
"HC2-D2","HC2",2,"p","p"
"HC2-D2","HC2",3,"p","u"
"HC2-D2","HC2",4,"m","s"
"HC2-D2","HC2",5,"m","s"
"HC2-D2","HC2",6,"m","s"
"HC2-D2","HC2",7,"m","s"
"HC2-D2","HC2",8,"m","s"
"HC2-D2","HC2",9,"m","s"
"HC2-D2","HC2",10,"m","s"
"HC2-D2","HC2",11,"m","s"
"HC2-D2","HC2",12,"m","s"
"HC2-D2","HC2",13,"m","s"
"HC2-D2","HC2",14,"m","s"
"HC2-D2","HC2",15,"f","f"
"HC2-D2","HC2",16,"f","f"
"HC2-D2","HC2",17,"f","f"
"HC2-D2","HC2",18,"f","f"
"HC2-D2","HC2",19,"f","f"
"HC2-D2","HC2",20,"f","f"
"HC2-D2","HC2",1,"p","d"
"HC2-D2","HC2",2,"p","p"
"HC2-D2","HC2",3,"p","u"
"HC2-D2","HC2",4,"m","s"
"HC2-D2","HC2",5,"m","s"
"HC2-D2","HC2",6,"m","s"
"HC2-D2","HC2",7,"m","s"
"HC2-D2","HC2",8,"m","s"
"HC2-D2","HC2",9,"m","s"
"HC2-D2","HC2",10,"m","s"
"HC2-D2","HC2",11,"m","s"
"HC2-D2","HC2",12,"m","s"
"HC2-D2","HC2",13,"m","s"
"HC2-D2","HC2",14,"m","s"
"HC2-D2","HC2",15,"f","s"
"HC2-D2","HC2",16,"f","f"
"HC2-D2","HC2",17,"f","f"
"HC2-D2","HC2",18,"f","f"
"HC2-D2","HC2",19,"f","f"
"HC2-D2","HC2",20,"f","f"
"HC2-G1","HC2",1,"f","f"
"HC2-G1","HC2",2,"f","f"
"HC2-G1","HC2",3,"f","f"
"HC2-G1","HC2",4,"f","f"
"HC2-G1","HC2",5,"f","f"
"HC2-G1","HC2",6,"f","f"
"HC2-G1","HC2",7,"f","f"
"HC2-G1","HC2",8,"f","f"
"HC2-G1","HC2",9,"u","u"
"HC2-G1","HC2",10,"u","u"
"HC2-G1","HC2",11,"u","u"
"HC2-G1","HC2",12,"u","u"
"HC2-G1","HC2",13,"u","u"
"HC2-G1","HC2",14,"u","u"
"HC2-G1","HC2",15,"u","u"
"HC2-G1","HC2",16,"u","u"
"HC2-G1","HC2",17,"u","u"
"HC2-G1","HC2",18,"u","u"
"HC2-G1","HC2",19,"u","u"
"HC2-G1","HC2",20,"u","u"
"HC2-G1","HC2",1,"f","s"
"HC2-G1","HC2",2,"f","s"
"HC2-G1","HC2",3,"f","s"
"HC2-G1","HC2",4,"f","s"
"HC2-G1","HC2",5,"f","f"
"HC2-G1","HC2",6,"f","f"
"HC2-G1","HC2",7,"f","d"
"HC2-G1","HC2",8,"u","d"
"HC2-G1","HC2",9,"u","u"
"HC2-G1","HC2",10,"u","u"
"HC2-G1","HC2",11,"u","u"
"HC2-G1","HC2",12,"u","u"
"HC2-G1","HC2",13,"u","u"
"HC2-G1","HC2",14,"u","u"
"HC2-G1","HC2",15,"u","u"
"HC2-G1","HC2",16,"u","p"
"HC2-G1","HC2",17,"u","u"
"HC2-G1","HC2",18,"u","u"
"HC2-G1","HC2",19,"u","u"
"HC2-G1","HC2",20,"u","p"
"HC2-G1","HC2",1,"f","f"
"HC2-G1","HC2",2,"f","f"
"HC2-G1","HC2",3,"f","f"
"HC2-G1","HC2",4,"f","f"
"HC2-G1","HC2",5,"f","f"
"HC2-G1","HC2",6,"f","f"
"HC2-G1","HC2",7,"f","f"
"HC2-G1","HC2",8,"u","u"
"HC2-G1","HC2",9,"u","u"
"HC2-G1","HC2",10,"u","u"
"HC2-G1","HC2",11,"u","u"
"HC2-G1","HC2",12,"u","u"
"HC2-G1","HC2",13,"u","u"
"HC2-G1","HC2",14,"u","u"
"HC2-G1","HC2",15,"u","u"
"HC2-G1","HC2",16,"u","u"
"HC2-G1","HC2",17,"u","u"
"HC2-G1","HC2",18,"u","u"
"HC2-G1","HC2",19,"u","u"
"HC2-G1","HC2",20,"u","u"
"HC2-G1","HC2",1,"f","u"
"HC2-G1","HC2",2,"f","d"
"HC2-G1","HC2",3,"f","d"
"HC2-G1","HC2",4,"f","u"
"HC2-G1","HC2",5,"f","f"
"HC2-G1","HC2",6,"f","f"
"HC2-G1","HC2",7,"f","d"
"HC2-G1","HC2",8,"f","u"
"HC2-G1","HC2",9,"f","u"
"HC2-G1","HC2",10,"u","f"
"HC2-G1","HC2",11,"u","u"
"HC2-G1","HC2",12,"u","u"
"HC2-G1","HC2",13,"u","u"
"HC2-G1","HC2",14,"u","u"
"HC2-G1","HC2",15,"u","u"
"HC2-G1","HC2",16,"u","d"
"HC2-G1","HC2",17,"u","u"
"HC2-G1","HC2",18,"u","u"
"HC2-G1","HC2",19,"u","d"
"HC2-G1","HC2",20,"u","u"
"LOC-A1","LOC",1,"p","p"
"LOC-A1","LOC",2,"p","p"
"LOC-A1","LOC",3,"m","m"
"LOC-A1","LOC",4,"m","m"
"LOC-A1","LOC",5,"m","m"
"LOC-A1","LOC",6,"m","m"
"LOC-A1","LOC",7,"m","m"
"LOC-A1","LOC",8,"m","m"
"LOC-A1","LOC",9,"m","m"
"LOC-A1","LOC",10,"m","m"
"LOC-A1","LOC",11,"m","m"
"LOC-A1","LOC",12,"m","m"
"LOC-A1","LOC",13,"m","m"
"LOC-A1","LOC",14,"m","m"
"LOC-A1","LOC",15,"m","m"
"LOC-A1","LOC",16,"m","m"
"LOC-A1","LOC",17,"f","f"
"LOC-A1","LOC",18,"f","f"
"LOC-A1","LOC",19,"f","f"
"LOC-A1","LOC",20,"f","f"
"LOC-A1","LOC",1,"p","p"
"LOC-A1","LOC",2,"p","p"
"LOC-A1","LOC",3,"m","m"
"LOC-A1","LOC",4,"m","m"
"LOC-A1","LOC",5,"m","m"
"LOC-A1","LOC",6,"m","m"
"LOC-A1","LOC",7,"m","m"
"LOC-A1","LOC",8,"m","m"
"LOC-A1","LOC",9,"m","m"
"LOC-A1","LOC",10,"m","m"
"LOC-A1","LOC",11,"m","m"
"LOC-A1","LOC",12,"m","m"
"LOC-A1","LOC",13,"m","m"
"LOC-A1","LOC",14,"m","m"
"LOC-A1","LOC",15,"m","m"
"LOC-A1","LOC",16,"f","f"
"LOC-A1","LOC",17,"f","f"
"LOC-A1","LOC",18,"f","f"
"LOC-A1","LOC",19,"f","f"
"LOC-A1","LOC",20,"f","f"
"LOC-A1","LOC",1,"p","p"
"LOC-A1","LOC",2,"p","p"
"LOC-A1","LOC",3,"m","m"
"LOC-A1","LOC",4,"m","m"
"LOC-A1","LOC",5,"m","m"
"LOC-A1","LOC",6,"m","m"
"LOC-A1","LOC",7,"m","m"
"LOC-A1","LOC",8,"m","m"
"LOC-A1","LOC",9,"m","m"
"LOC-A1","LOC",10,"m","m"
"LOC-A1","LOC",11,"m","m"
"LOC-A1","LOC",12,"m","m"
"LOC-A1","LOC",13,"m","m"
"LOC-A1","LOC",14,"m","m"
"LOC-A1","LOC",15,"m","m"
"LOC-A1","LOC",16,"f","f"
"LOC-A1","LOC",17,"f","f"
"LOC-A1","LOC",18,"f","f"
"LOC-A1","LOC",19,"f","f"
"LOC-A1","LOC",20,"f","f"
"LOC-A1","LOC",1,"p","p"
"LOC-A1","LOC",2,"p","p"
"LOC-A1","LOC",3,"m","m"
"LOC-A1","LOC",4,"m","m"
"LOC-A1","LOC",5,"m","m"
"LOC-A1","LOC",6,"m","m"
"LOC-A1","LOC",7,"m","m"
"LOC-A1","LOC",8,"m","m"
"LOC-A1","LOC",9,"m","m"
"LOC-A1","LOC",10,"m","m"
"LOC-A1","LOC",11,"m","m"
"LOC-A1","LOC",12,"m","m"
"LOC-A1","LOC",13,"m","m"
"LOC-A1","LOC",14,"m","m"
"LOC-A1","LOC",15,"m","m"
"LOC-A1","LOC",16,"m","m"
"LOC-A1","LOC",17,"f","f"
"LOC-A1","LOC",18,"f","f"
"LOC-A1","LOC",19,"f","f"
"LOC-A1","LOC",20,"f","f"
"SAT-B2","SAT",1,"u","p"
"SAT-B2","SAT",2,"u","u"
"SAT-B2","SAT",3,"u","u"
"SAT-B2","SAT",4,"u","u"
"SAT-B2","SAT",5,"u","u"
"SAT-B2","SAT",6,"u","u"
"SAT-B2","SAT",7,"s","f"
"SAT-B2","SAT",8,"s","p"
"SAT-B2","SAT",9,"s","d"
"SAT-B2","SAT",10,"s","d"
"SAT-B2","SAT",11,"f","f"
"SAT-B2","SAT",12,"f","f"
"SAT-B2","SAT",13,"f","f"
"SAT-B2","SAT",14,"f","f"
"SAT-B2","SAT",15,"f","f"
"SAT-B2","SAT",16,"f","f"
"SAT-B2","SAT",17,"f","f"
"SAT-B2","SAT",18,"f","f"
"SAT-B2","SAT",19,"f","f"
"SAT-B2","SAT",20,"f","f"
"SAT-B2","SAT",1,"u","u"
"SAT-B2","SAT",2,"u","u"
"SAT-B2","SAT",3,"u","u"
"SAT-B2","SAT",4,"u","u"
"SAT-B2","SAT",5,"u","u"
"SAT-B2","SAT",6,"u","u"
"SAT-B2","SAT",7,"u","u"
"SAT-B2","SAT",8,"s","s"
"SAT-B2","SAT",9,"s","s"
"SAT-B2","SAT",10,"s","s"
"SAT-B2","SAT",11,"f","f"
"SAT-B2","SAT",12,"f","f"
"SAT-B2","SAT",13,"f","f"
"SAT-B2","SAT",14,"f","f"
"SAT-B2","SAT",15,"f","f"
"SAT-B2","SAT",16,"f","f"
"SAT-B2","SAT",17,"f","f"
"SAT-B2","SAT",18,"f","f"
"SAT-B2","SAT",19,"f","f"
"SAT-B2","SAT",20,"f","f"
"SAT-B2","SAT",1,"u","u"
"SAT-B2","SAT",2,"u","u"
"SAT-B2","SAT",3,"u","u"
"SAT-B2","SAT",4,"u","u"
"SAT-B2","SAT",5,"u","u"
"SAT-B2","SAT",6,"u","u"
"SAT-B2","SAT",7,"s","s"
"SAT-B2","SAT",8,"s","s"
"SAT-B2","SAT",9,"s","d"
"SAT-B2","SAT",10,"s","d"
"SAT-B2","SAT",11,"f","f"
"SAT-B2","SAT",12,"f","f"
"SAT-B2","SAT",13,"f","f"
"SAT-B2","SAT",14,"f","f"
"SAT-B2","SAT",15,"f","f"
"SAT-B2","SAT",16,"f","f"
"SAT-B2","SAT",17,"f","f"
"SAT-B2","SAT",18,"f","f"
"SAT-B2","SAT",19,"f","f"
"SAT-B2","SAT",20,"f","f"
"SAT-B2","SAT",1,"u","u"
"SAT-B2","SAT",2,"u","u"
"SAT-B2","SAT",3,"u","u"
"SAT-B2","SAT",4,"u","u"
"SAT-B2","SAT",5,"u","u"
"SAT-B2","SAT",6,"u","u"
"SAT-B2","SAT",7,"u","u"
"SAT-B2","SAT",8,"s","s"
"SAT-B2","SAT",9,"s","s"
"SAT-B2","SAT",10,"s","s"
"SAT-B2","SAT",11,"s","s"
"SAT-B2","SAT",12,"f","f"
"SAT-B2","SAT",13,"f","f"
"SAT-B2","SAT",14,"f","f"
"SAT-B2","SAT",15,"f","f"
"SAT-B2","SAT",16,"f","f"
"SAT-B2","SAT",17,"f","f"
"SAT-B2","SAT",18,"f","f"
"SAT-B2","SAT",19,"f","f"
"SAT-B2","SAT",20,"f","f"
"SAT-B1","SAT",1,"p","p"
"SAT-B1","SAT",2,"p","p"
"SAT-B1","SAT",3,"p","p"
"SAT-B1","SAT",4,"p","p"
"SAT-B1","SAT",5,"p","p"
"SAT-B1","SAT",6,"p","p"
"SAT-B1","SAT",7,"f","f"
"SAT-B1","SAT",8,"f","f"
"SAT-B1","SAT",9,"f","f"
"SAT-B1","SAT",10,"f","f"
"SAT-B1","SAT",11,"f","f"
"SAT-B1","SAT",12,"f","f"
"SAT-B1","SAT",13,"f","f"
"SAT-B1","SAT",14,"f","f"
"SAT-B1","SAT",15,"f","f"
"SAT-B1","SAT",16,"f","f"
"SAT-B1","SAT",17,"f","f"
"SAT-B1","SAT",18,"f","f"
"SAT-B1","SAT",19,"f","f"
"SAT-B1","SAT",20,"f","f"
"SAT-B1","SAT",1,"p","p"
"SAT-B1","SAT",2,"p","p"
"SAT-B1","SAT",3,"p","u"
"SAT-B1","SAT",4,"p","u"
"SAT-B1","SAT",5,"p","u"
"SAT-B1","SAT",6,"p","f"
"SAT-B1","SAT",7,"f","f"
"SAT-B1","SAT",8,"f","f"
"SAT-B1","SAT",9,"f","f"
"SAT-B1","SAT",10,"f","f"
"SAT-B1","SAT",11,"f","f"
"SAT-B1","SAT",12,"f","f"
"SAT-B1","SAT",13,"f","f"
"SAT-B1","SAT",14,"f","f"
"SAT-B1","SAT",15,"f","f"
"SAT-B1","SAT",16,"f","f"
"SAT-B1","SAT",17,"f","f"
"SAT-B1","SAT",18,"f","f"
"SAT-B1","SAT",19,"f","f"
"SAT-B1","SAT",20,"f","f"
"SAT-B1","SAT",1,"p","p"
"SAT-B1","SAT",2,"p","p"
"SAT-B1","SAT",3,"p","p"
"SAT-B1","SAT",4,"p","p"
"SAT-B1","SAT",5,"p","p"
"SAT-B1","SAT",6,"p","p"
"SAT-B1","SAT",7,"f","f"
"SAT-B1","SAT",8,"f","f"
"SAT-B1","SAT",9,"f","f"
"SAT-B1","SAT",10,"f","f"
"SAT-B1","SAT",11,"f","f"
"SAT-B1","SAT",12,"f","f"
"SAT-B1","SAT",13,"f","f"
"SAT-B1","SAT",14,"f","f"
"SAT-B1","SAT",15,"f","f"
"SAT-B1","SAT",16,"f","f"
"SAT-B1","SAT",17,"f","f"
"SAT-B1","SAT",18,"f","f"
"SAT-B1","SAT",19,"f","f"
"SAT-B1","SAT",20,"f","f"
"SAT-B1","SAT",1,"p","p"
"SAT-B1","SAT",2,"p","p"
"SAT-B1","SAT",3,"p","u"
"SAT-B1","SAT",4,"p","u"
"SAT-B1","SAT",5,"p","u"
"SAT-B1","SAT",6,"p","f"
"SAT-B1","SAT",7,"f","f"
"SAT-B1","SAT",8,"f","f"
"SAT-B1","SAT",9,"f","f"
"SAT-B1","SAT",10,"f","f"
"SAT-B1","SAT",11,"f","f"
"SAT-B1","SAT",12,"f","f"
"SAT-B1","SAT",13,"f","f"
"SAT-B1","SAT",14,"f","f"
"SAT-B1","SAT",15,"f","f"
"SAT-B1","SAT",16,"f","f"
"SAT-B1","SAT",17,"f","f"
"SAT-B1","SAT",18,"f","f"
"SAT-B1","SAT",19,"f","f"
"SAT-B1","SAT",20,"f","f"
"SIR-A1","SIR",1,"d","d"
"SIR-A1","SIR",2,"d","d"
"SIR-A1","SIR",3,"u","u"
"SIR-A1","SIR",4,"d","d"
"SIR-A1","SIR",5,"p","p"
"SIR-A1","SIR",6,"u","u"
"SIR-A1","SIR",7,"u","u"
"SIR-A1","SIR",8,"u","u"
"SIR-A1","SIR",9,"u","u"
"SIR-A1","SIR",10,"u","u"
"SIR-A1","SIR",11,"u","u"
"SIR-A1","SIR",12,"p","p"
"SIR-A1","SIR",13,"p","p"
"SIR-A1","SIR",14,"p","p"
"SIR-A1","SIR",15,"p","p"
"SIR-A1","SIR",16,"p","p"
"SIR-A1","SIR",17,"p","p"
"SIR-A1","SIR",18,"d","d"
"SIR-A1","SIR",19,"f","f"
"SIR-A1","SIR",20,"f","f"
"SUR-B1","SUR",1,"d","d"
"SUR-B1","SUR",2,"u","u"
"SUR-B1","SUR",3,"u","u"
"SUR-B1","SUR",4,"u","u"
"SUR-B1","SUR",5,"u","u"
"SUR-B1","SUR",6,"s","s"
"SUR-B1","SUR",7,"s","s"
"SUR-B1","SUR",8,"s","s"
"SUR-B1","SUR",9,"s","s"
"SUR-B1","SUR",10,"s","s"
"SUR-B1","SUR",11,"s","s"
"SUR-B1","SUR",12,"s","s"
"SUR-B1","SUR",13,"s","s"
"SUR-B1","SUR",14,"s","s"
"SUR-B1","SUR",15,"s","s"
"SUR-B1","SUR",16,"s","s"
"SUR-B1","SUR",17,"f","f"
"SUR-B1","SUR",18,"f","f"
"SUR-B1","SUR",19,"f","f"
"SUR-B1","SUR",20,"f","f"
"SUR-B1","SUR",1,"d","d"
"SUR-B1","SUR",2,"p","p"
"SUR-B1","SUR",3,"u","u"
"SUR-B1","SUR",4,"u","u"
"SUR-B1","SUR",5,"u","u"
"SUR-B1","SUR",6,"s","s"
"SUR-B1","SUR",7,"s","s"
"SUR-B1","SUR",8,"s","s"
"SUR-B1","SUR",9,"s","s"
"SUR-B1","SUR",10,"s","s"
"SUR-B1","SUR",11,"s","s"
"SUR-B1","SUR",12,"s","s"
"SUR-B1","SUR",13,"s","s"
"SUR-B1","SUR",14,"s","s"
"SUR-B1","SUR",15,"s","s"
"SUR-B1","SUR",16,"f","f"
"SUR-B1","SUR",17,"f","f"
"SUR-B1","SUR",18,"f","f"
"SUR-B1","SUR",19,"f","f"
"SUR-B1","SUR",20,"f","f"
"SUR-B1","SUR",1,"d","d"
"SUR-B1","SUR",2,"u","u"
"SUR-B1","SUR",3,"u","u"
"SUR-B1","SUR",4,"u","u"
"SUR-B1","SUR",5,"u","u"
"SUR-B1","SUR",6,"s","s"
"SUR-B1","SUR",7,"s","s"
"SUR-B1","SUR",8,"s","s"
"SUR-B1","SUR",9,"s","s"
"SUR-B1","SUR",10,"s","s"
"SUR-B1","SUR",11,"s","s"
"SUR-B1","SUR",12,"s","s"
"SUR-B1","SUR",13,"s","s"
"SUR-B1","SUR",14,"s","s"
"SUR-B1","SUR",15,"s","s"
"SUR-B1","SUR",16,"f","f"
"SUR-B1","SUR",17,"f","f"
"SUR-B1","SUR",18,"f","f"
"SUR-B1","SUR",19,"f","f"
"SUR-B1","SUR",20,"f","f"
"SUR-B1","SUR",1,"d","d"
"SUR-B1","SUR",2,"u","u"
"SUR-B1","SUR",3,"u","u"
"SUR-B1","SUR",4,"u","u"
"SUR-B1","SUR",5,"u","u"
"SUR-B1","SUR",6,"s","s"
"SUR-B1","SUR",7,"s","s"
"SUR-B1","SUR",8,"s","s"
"SUR-B1","SUR",9,"s","s"
"SUR-B1","SUR",10,"s","s"
"SUR-B1","SUR",11,"s","s"
"SUR-B1","SUR",12,"s","s"
"SUR-B1","SUR",13,"s","s"
"SUR-B1","SUR",14,"s","s"
"SUR-B1","SUR",15,"s","s"
"SUR-B1","SUR",16,"f","f"
"SUR-B1","SUR",17,"f","f"
"SUR-B1","SUR",18,"f","f"
"SUR-B1","SUR",19,"f","f"
"SUR-B1","SUR",20,"f","f"
"SUR-D2","SUR",1,"p","p"
"SUR-D2","SUR",2,"p","p"
"SUR-D2","SUR",3,"p","p"
"SUR-D2","SUR",4,"p","p"
"SUR-D2","SUR",5,"p","p"
"SUR-D2","SUR",6,"p","p"
"SUR-D2","SUR",7,"s","s"
"SUR-D2","SUR",8,"s","s"
"SUR-D2","SUR",9,"s","s"
"SUR-D2","SUR",10,"s","s"
"SUR-D2","SUR",11,"s","s"
"SUR-D2","SUR",12,"s","s"
"SUR-D2","SUR",13,"s","s"
"SUR-D2","SUR",14,"s","s"
"SUR-D2","SUR",15,"s","s"
"SUR-D2","SUR",16,"s","s"
"SUR-D2","SUR",17,"f","f"
"SUR-D2","SUR",18,"f","f"
"SUR-D2","SUR",19,"f","f"
"SUR-D2","SUR",20,"f","f"
"SUR-D2","SUR",1,"p","p"
"SUR-D2","SUR",2,"p","p"
"SUR-D2","SUR",3,"p","p"
"SUR-D2","SUR",4,"p","p"
"SUR-D2","SUR",5,"p","p"
"SUR-D2","SUR",6,"p","p"
"SUR-D2","SUR",7,"s","s"
"SUR-D2","SUR",8,"s","s"
"SUR-D2","SUR",9,"s","s"
"SUR-D2","SUR",10,"s","s"
"SUR-D2","SUR",11,"s","s"
"SUR-D2","SUR",12,"s","s"
"SUR-D2","SUR",13,"s","s"
"SUR-D2","SUR",14,"s","s"
"SUR-D2","SUR",15,"s","s"
"SUR-D2","SUR",16,"s","s"
"SUR-D2","SUR",17,"f","f"
"SUR-D2","SUR",18,"f","f"
"SUR-D2","SUR",19,"f","f"
"SUR-D2","SUR",20,"f","f"
"SUR-D2","SUR",1,"p","p"
"SUR-D2","SUR",2,"p","p"
"SUR-D2","SUR",3,"p","p"
"SUR-D2","SUR",4,"p","p"
"SUR-D2","SUR",5,"p","p"
"SUR-D2","SUR",6,"p","p"
"SUR-D2","SUR",7,"s","s"
"SUR-D2","SUR",8,"s","s"
"SUR-D2","SUR",9,"s","s"
"SUR-D2","SUR",10,"s","s"
"SUR-D2","SUR",11,"s","s"
"SUR-D2","SUR",12,"s","s"
"SUR-D2","SUR",13,"s","s"
"SUR-D2","SUR",14,"s","s"
"SUR-D2","SUR",15,"s","s"
"SUR-D2","SUR",16,"s","s"
"SUR-D2","SUR",17,"f","f"
"SUR-D2","SUR",18,"f","f"
"SUR-D2","SUR",19,"f","f"
"SUR-D2","SUR",20,"f","f"
"SUR-D2","SUR",1,"p","p"
"SUR-D2","SUR",2,"p","p"
"SUR-D2","SUR",3,"p","p"
"SUR-D2","SUR",4,"p","p"
"SUR-D2","SUR",5,"p","p"
"SUR-D2","SUR",6,"p","p"
"SUR-D2","SUR",7,"s","s"
"SUR-D2","SUR",8,"s","s"
"SUR-D2","SUR",9,"s","s"
"SUR-D2","SUR",10,"s","s"
"SUR-D2","SUR",11,"s","s"
"SUR-D2","SUR",12,"s","s"
"SUR-D2","SUR",13,"s","s"
"SUR-D2","SUR",14,"s","s"
"SUR-D2","SUR",15,"s","s"
"SUR-D2","SUR",16,"s","s"
"SUR-D2","SUR",17,"f","f"
"SUR-D2","SUR",18,"f","f"
"SUR-D2","SUR",19,"f","f"
"SUR-D2","SUR",20,"f","f"
"SUR-F1","SUR",1,"p","p"
"SUR-F1","SUR",2,"p","p"
"SUR-F1","SUR",3,"p","p"
"SUR-F1","SUR",4,"p","p"
"SUR-F1","SUR",5,"p","p"
"SUR-F1","SUR",6,"f","f"
"SUR-F1","SUR",7,"f","f"
"SUR-F1","SUR",8,"f","f"
"SUR-F1","SUR",9,"f","f"
"SUR-F1","SUR",10,"p","p"
"SUR-F1","SUR",11,"p","p"
"SUR-F1","SUR",12,"p","p"
"SUR-F1","SUR",13,"f","f"
"SUR-F1","SUR",14,"f","f"
"SUR-F1","SUR",15,"f","f"
"SUR-F1","SUR",16,"p","p"
"SUR-F1","SUR",17,"p","p"
"SUR-F1","SUR",18,"p","p"
"SUR-F1","SUR",19,"p","p"
"SUR-F1","SUR",20,"p","p"
"SUR-F1","SUR",1,"p","p"
"SUR-F1","SUR",2,"p","p"
"SUR-F1","SUR",3,"p","p"
"SUR-F1","SUR",4,"p","p"
"SUR-F1","SUR",5,"p","p"
"SUR-F1","SUR",6,"f","f"
"SUR-F1","SUR",7,"f","f"
"SUR-F1","SUR",8,"f","f"
"SUR-F1","SUR",9,"f","f"
"SUR-F1","SUR",10,"p","p"
"SUR-F1","SUR",11,"p","p"
"SUR-F1","SUR",12,"p","p"
"SUR-F1","SUR",13,"f","f"
"SUR-F1","SUR",14,"f","f"
"SUR-F1","SUR",15,"f","f"
"SUR-F1","SUR",16,"p","p"
"SUR-F1","SUR",17,"p","p"
"SUR-F1","SUR",18,"p","p"
"SUR-F1","SUR",19,"p","p"
"SUR-F1","SUR",20,"p","p"
"SUR-F1","SUR",1,"p","p"
"SUR-F1","SUR",2,"p","p"
"SUR-F1","SUR",3,"p","p"
"SUR-F1","SUR",4,"p","p"
"SUR-F1","SUR",5,"f","f"
"SUR-F1","SUR",6,"f","f"
"SUR-F1","SUR",7,"f","f"
"SUR-F1","SUR",8,"f","f"
"SUR-F1","SUR",9,"f","f"
"SUR-F1","SUR",10,"p","p"
"SUR-F1","SUR",11,"p","p"
"SUR-F1","SUR",12,"f","f"
"SUR-F1","SUR",13,"f","f"
"SUR-F1","SUR",14,"f","f"
"SUR-F1","SUR",15,"f","f"
"SUR-F1","SUR",16,"p","p"
"SUR-F1","SUR",17,"p","p"
"SUR-F1","SUR",18,"p","p"
"SUR-F1","SUR",19,"p","p"
"SUR-F1","SUR",20,"p","p"
"SUR-F1","SUR",1,"p","p"
"SUR-F1","SUR",2,"p","p"
"SUR-F1","SUR",3,"p","p"
"SUR-F1","SUR",4,"p","p"
"SUR-F1","SUR",5,"p","p"
"SUR-F1","SUR",6,"f","f"
"SUR-F1","SUR",7,"f","f"
"SUR-F1","SUR",8,"f","f"
"SUR-F1","SUR",9,"f","f"
"SUR-F1","SUR",10,"f","f"
"SUR-F1","SUR",11,"p","p"
"SUR-F1","SUR",12,"p","p"
"SUR-F1","SUR",13,"f","f"
"SUR-F1","SUR",14,"f","f"
"SUR-F1","SUR",15,"f","f"
"SUR-F1","SUR",16,"f","f"
"SUR-F1","SUR",17,"p","p"
"SUR-F1","SUR",18,"p","p"
"SUR-F1","SUR",19,"p","p"
"SUR-F1","SUR",20,"p","p"
"SUR-I1","SUR",1,"p","p"
"SUR-I1","SUR",2,"p","p"
"SUR-I1","SUR",3,"p","p"
"SUR-I1","SUR",4,"p","p"
"SUR-I1","SUR",5,"p","p"
"SUR-I1","SUR",6,"p","p"
"SUR-I1","SUR",7,"f","f"
"SUR-I1","SUR",8,"f","f"
"SUR-I1","SUR",9,"f","f"
"SUR-I1","SUR",10,"f","f"
"SUR-I1","SUR",11,"p","p"
"SUR-I1","SUR",12,"p","p"
"SUR-I1","SUR",13,"p","p"
"SUR-I1","SUR",14,"p","p"
"SUR-I1","SUR",15,"p","p"
"SUR-I1","SUR",16,"p","p"
"SUR-I1","SUR",17,"p","p"
"SUR-I1","SUR",18,"p","p"
"SUR-I1","SUR",19,"p","p"
"SUR-I1","SUR",20,"p","p"
"SUR-I1","SUR",1,"p","p"
"SUR-I1","SUR",2,"p","p"
"SUR-I1","SUR",3,"p","p"
"SUR-I1","SUR",4,"p","p"
"SUR-I1","SUR",5,"p","p"
"SUR-I1","SUR",6,"p","p"
"SUR-I1","SUR",7,"f","f"
"SUR-I1","SUR",8,"f","f"
"SUR-I1","SUR",9,"f","f"
"SUR-I1","SUR",10,"f","f"
"SUR-I1","SUR",11,"f","f"
"SUR-I1","SUR",12,"p","p"
"SUR-I1","SUR",13,"p","p"
"SUR-I1","SUR",14,"p","p"
"SUR-I1","SUR",15,"p","p"
"SUR-I1","SUR",16,"p","p"
"SUR-I1","SUR",17,"p","p"
"SUR-I1","SUR",18,"p","p"
"SUR-I1","SUR",19,"p","p"
"SUR-I1","SUR",20,"p","p"
"SUR-I1","SUR",1,"p","p"
"SUR-I1","SUR",2,"p","p"
"SUR-I1","SUR",3,"p","p"
"SUR-I1","SUR",4,"p","p"
"SUR-I1","SUR",5,"p","p"
"SUR-I1","SUR",6,"p","p"
"SUR-I1","SUR",7,"p","p"
"SUR-I1","SUR",8,"f","f"
"SUR-I1","SUR",9,"f","f"
"SUR-I1","SUR",10,"f","f"
"SUR-I1","SUR",11,"p","p"
"SUR-I1","SUR",12,"p","p"
"SUR-I1","SUR",13,"p","p"
"SUR-I1","SUR",14,"p","p"
"SUR-I1","SUR",15,"p","p"
"SUR-I1","SUR",16,"p","p"
"SUR-I1","SUR",17,"p","p"
"SUR-I1","SUR",18,"p","p"
"SUR-I1","SUR",19,"p","p"
"SUR-I1","SUR",20,"p","p"
"SUR-I1","SUR",1,"p","p"
"SUR-I1","SUR",2,"p","p"
"SUR-I1","SUR",3,"p","p"
"SUR-I1","SUR",4,"p","p"
"SUR-I1","SUR",5,"p","p"
"SUR-I1","SUR",6,"p","p"
"SUR-I1","SUR",7,"f","f"
"SUR-I1","SUR",8,"f","f"
"SUR-I1","SUR",9,"f","f"
"SUR-I1","SUR",10,"f","f"
"SUR-I1","SUR",11,"p","p"
"SUR-I1","SUR",12,"p","p"
"SUR-I1","SUR",13,"p","p"
"SUR-I1","SUR",14,"p","p"
"SUR-I1","SUR",15,"p","p"
"SUR-I1","SUR",16,"p","p"
"SUR-I1","SUR",17,"p","p"
"SUR-I1","SUR",18,"p","p"
"SUR-I1","SUR",19,"p","p"
"SUR-I1","SUR",20,"p","p"
"SUR-E3","SUR",1,"p","p"
"SUR-E3","SUR",2,"p","p"
"SUR-E3","SUR",3,"p","p"
"SUR-E3","SUR",4,"p","p"
"SUR-E3","SUR",5,"p","p"
"SUR-E3","SUR",6,"p","f"
"SUR-E3","SUR",7,"f","f"
"SUR-E3","SUR",8,"f","m"
"SUR-E3","SUR",9,"f","m"
"SUR-E3","SUR",10,"f","m"
"SUR-E3","SUR",11,"f","m"
"SUR-E3","SUR",12,"f","f"
"SUR-E3","SUR",13,"f","f"
"SUR-E3","SUR",14,"f","f"
"SUR-E3","SUR",15,"f","f"
"SUR-E3","SUR",16,"f","f"
"SUR-E3","SUR",17,"f","f"
"SUR-E3","SUR",18,"f","f"
"SUR-E3","SUR",19,"f","f"
"SUR-E3","SUR",20,"f","f"
"SUR-E3","SUR",1,"p","p"
"SUR-E3","SUR",2,"p","p"
"SUR-E3","SUR",3,"p","p"
"SUR-E3","SUR",4,"p","p"
"SUR-E3","SUR",5,"p","p"
"SUR-E3","SUR",6,"f","f"
"SUR-E3","SUR",7,"f","f"
"SUR-E3","SUR",8,"f","f"
"SUR-E3","SUR",9,"f","f"
"SUR-E3","SUR",10,"f","f"
"SUR-E3","SUR",11,"f","f"
"SUR-E3","SUR",12,"f","f"
"SUR-E3","SUR",13,"f","f"
"SUR-E3","SUR",14,"p","f"
"SUR-E3","SUR",15,"p","f"
"SUR-E3","SUR",16,"p","f"
"SUR-E3","SUR",17,"p","f"
"SUR-E3","SUR",18,"p","f"
"SUR-E3","SUR",19,"p","f"
"SUR-E3","SUR",20,"p","f"
"SUR-E3","SUR",1,"p","p"
"SUR-E3","SUR",2,"p","p"
"SUR-E3","SUR",3,"p","p"
"SUR-E3","SUR",4,"p","p"
"SUR-E3","SUR",5,"p","p"
"SUR-E3","SUR",6,"f","f"
"SUR-E3","SUR",7,"f","f"
"SUR-E3","SUR",8,"f","f"
"SUR-E3","SUR",9,"f","f"
"SUR-E3","SUR",10,"f","f"
"SUR-E3","SUR",11,"f","f"
"SUR-E3","SUR",12,"f","f"
"SUR-E3","SUR",13,"f","f"
"SUR-E3","SUR",14,"f","f"
"SUR-E3","SUR",15,"f","f"
"SUR-E3","SUR",16,"f","f"
"SUR-E3","SUR",17,"f","f"
"SUR-E3","SUR",18,"f","f"
"SUR-E3","SUR",19,"f","f"
"SUR-E3","SUR",20,"f","f"
"SUR-E3","SUR",1,"p","p"
"SUR-E3","SUR",2,"p","p"
"SUR-E3","SUR",3,"p","p"
"SUR-E3","SUR",4,"p","p"
"SUR-E3","SUR",5,"p","p"
"SUR-E3","SUR",6,"f","f"
"SUR-E3","SUR",7,"f","f"
"SUR-E3","SUR",8,"f","f"
"SUR-E3","SUR",9,"f","f"
"SUR-E3","SUR",10,"f","f"
"SUR-E3","SUR",11,"f","f"
"SUR-E3","SUR",12,"f","f"
"SUR-E3","SUR",13,"f","f"
"SUR-E3","SUR",14,"f","f"
"SUR-E3","SUR",15,"f","f"
"SUR-E3","SUR",16,"f","f"
"SUR-E3","SUR",17,"f","f"
"SUR-E3","SUR",18,"f","f"
"SUR-E3","SUR",19,"f","f"
"SUR-E3","SUR",20,"f","f"
"SUR-L1","SUR",1,"p","p"
"SUR-L1","SUR",2,"p","p"
"SUR-L1","SUR",3,"p","p"
"SUR-L1","SUR",4,"p","p"
"SUR-L1","SUR",5,"p","p"
"SUR-L1","SUR",6,"p","p"
"SUR-L1","SUR",7,"f","f"
"SUR-L1","SUR",8,"f","f"
"SUR-L1","SUR",9,"f","f"
"SUR-L1","SUR",10,"f","f"
"SUR-L1","SUR",11,"f","f"
"SUR-L1","SUR",12,"f","f"
"SUR-L1","SUR",13,"f","f"
"SUR-L1","SUR",14,"f","f"
"SUR-L1","SUR",15,"p","p"
"SUR-L1","SUR",16,"p","p"
"SUR-L1","SUR",17,"p","p"
"SUR-L1","SUR",18,"p","p"
"SUR-L1","SUR",19,"f","f"
"SUR-L1","SUR",20,"f","f"
"SUR-L1","SUR",1,"p","p"
"SUR-L1","SUR",2,"p","p"
"SUR-L1","SUR",3,"p","p"
"SUR-L1","SUR",4,"p","p"
"SUR-L1","SUR",5,"p","p"
"SUR-L1","SUR",6,"p","p"
"SUR-L1","SUR",7,"f","f"
"SUR-L1","SUR",8,"f","f"
"SUR-L1","SUR",9,"f","f"
"SUR-L1","SUR",10,"f","f"
"SUR-L1","SUR",11,"f","f"
"SUR-L1","SUR",12,"f","f"
"SUR-L1","SUR",13,"f","f"
"SUR-L1","SUR",14,"p","p"
"SUR-L1","SUR",15,"p","p"
"SUR-L1","SUR",16,"p","p"
"SUR-L1","SUR",17,"p","p"
"SUR-L1","SUR",18,"p","p"
"SUR-L1","SUR",19,"f","f"
"SUR-L1","SUR",20,"f","f"
"SUR-L1","SUR",1,"p","p"
"SUR-L1","SUR",2,"p","p"
"SUR-L1","SUR",3,"p","p"
"SUR-L1","SUR",4,"p","p"
"SUR-L1","SUR",5,"p","p"
"SUR-L1","SUR",6,"p","p"
"SUR-L1","SUR",7,"f","f"
"SUR-L1","SUR",8,"f","f"
"SUR-L1","SUR",9,"f","f"
"SUR-L1","SUR",10,"f","f"
"SUR-L1","SUR",11,"f","f"
"SUR-L1","SUR",12,"f","f"
"SUR-L1","SUR",13,"f","f"
"SUR-L1","SUR",14,"f","f"
"SUR-L1","SUR",15,"p","p"
"SUR-L1","SUR",16,"p","p"
"SUR-L1","SUR",17,"p","p"
"SUR-L1","SUR",18,"p","p"
"SUR-L1","SUR",19,"f","f"
"SUR-L1","SUR",20,"f","f"
"SUR-L1","SUR",1,"p","p"
"SUR-L1","SUR",2,"p","p"
"SUR-L1","SUR",3,"p","p"
"SUR-L1","SUR",4,"p","p"
"SUR-L1","SUR",5,"p","p"
"SUR-L1","SUR",6,"p","p"
"SUR-L1","SUR",7,"f","f"
"SUR-L1","SUR",8,"f","f"
"SUR-L1","SUR",9,"f","f"
"SUR-L1","SUR",10,"f","f"
"SUR-L1","SUR",11,"f","f"
"SUR-L1","SUR",12,"f","f"
"SUR-L1","SUR",13,"f","f"
"SUR-L1","SUR",14,"f","f"
"SUR-L1","SUR",15,"p","p"
"SUR-L1","SUR",16,"p","p"
"SUR-L1","SUR",17,"p","p"
"SUR-L1","SUR",18,"p","p"
"SUR-L1","SUR",19,"f","f"
"SUR-L1","SUR",20,"f","f"
"SUR-K2","SUR",1,"p","p"
"SUR-K2","SUR",2,"p","p"
"SUR-K2","SUR",3,"s","s"
"SUR-K2","SUR",4,"s","s"
"SUR-K2","SUR",5,"s","s"
"SUR-K2","SUR",6,"s","s"
"SUR-K2","SUR",7,"s","s"
"SUR-K2","SUR",8,"f","f"
"SUR-K2","SUR",9,"f","f"
"SUR-K2","SUR",10,"f","f"
"SUR-K2","SUR",11,"f","f"
"SUR-K2","SUR",12,"f","f"
"SUR-K2","SUR",13,"f","f"
"SUR-K2","SUR",14,"f","f"
"SUR-K2","SUR",15,"f","f"
"SUR-K2","SUR",16,"f","f"
"SUR-K2","SUR",17,"f","f"
"SUR-K2","SUR",18,"f","f"
"SUR-K2","SUR",19,"f","f"
"SUR-K2","SUR",20,"f","f"
"SUR-K2","SUR",1,"p","p"
"SUR-K2","SUR",2,"p","p"
"SUR-K2","SUR",3,"s","s"
"SUR-K2","SUR",4,"s","s"
"SUR-K2","SUR",5,"s","s"
"SUR-K2","SUR",6,"s","s"
"SUR-K2","SUR",7,"f","f"
"SUR-K2","SUR",8,"f","f"
"SUR-K2","SUR",9,"f","f"
"SUR-K2","SUR",10,"f","f"
"SUR-K2","SUR",11,"f","f"
"SUR-K2","SUR",12,"f","f"
"SUR-K2","SUR",13,"f","f"
"SUR-K2","SUR",14,"f","f"
"SUR-K2","SUR",15,"f","f"
"SUR-K2","SUR",16,"f","f"
"SUR-K2","SUR",17,"f","f"
"SUR-K2","SUR",18,"f","f"
"SUR-K2","SUR",19,"f","f"
"SUR-K2","SUR",20,"f","f"
"SUR-K2","SUR",1,"p","p"
"SUR-K2","SUR",2,"p","p"
"SUR-K2","SUR",3,"s","s"
"SUR-K2","SUR",4,"s","s"
"SUR-K2","SUR",5,"s","s"
"SUR-K2","SUR",6,"s","s"
"SUR-K2","SUR",7,"s","s"
"SUR-K2","SUR",8,"f","f"
"SUR-K2","SUR",9,"f","f"
"SUR-K2","SUR",10,"f","f"
"SUR-K2","SUR",11,"f","f"
"SUR-K2","SUR",12,"f","f"
"SUR-K2","SUR",13,"f","f"
"SUR-K2","SUR",14,"f","f"
"SUR-K2","SUR",15,"f","f"
"SUR-K2","SUR",16,"f","f"
"SUR-K2","SUR",17,"f","f"
"SUR-K2","SUR",18,"f","f"
"SUR-K2","SUR",19,"f","f"
"SUR-K2","SUR",20,"f","f"
"SUR-K2","SUR",1,"p","p"
"SUR-K2","SUR",2,"p","p"
"SUR-K2","SUR",3,"s","s"
"SUR-K2","SUR",4,"s","s"
"SUR-K2","SUR",5,"s","s"
"SUR-K2","SUR",6,"s","s"
"SUR-K2","SUR",7,"f","f"
"SUR-K2","SUR",8,"f","f"
"SUR-K2","SUR",9,"f","f"
"SUR-K2","SUR",10,"f","f"
"SUR-K2","SUR",11,"f","f"
"SUR-K2","SUR",12,"f","f"
"SUR-K2","SUR",13,"f","f"
"SUR-K2","SUR",14,"f","f"
"SUR-K2","SUR",15,"f","f"
"SUR-K2","SUR",16,"f","f"
"SUR-K2","SUR",17,"f","f"
"SUR-K2","SUR",18,"f","f"
"SUR-K2","SUR",19,"f","f"
"SUR-K2","SUR",20,"f","f"
"TR1-E1","TR1",1,"u","u"
"TR1-E1","TR1",2,"u","u"
"TR1-E1","TR1",3,"u","u"
"TR1-E1","TR1",4,"d","d"
"TR1-E1","TR1",5,"d","d"
"TR1-E1","TR1",6,"d","d"
"TR1-E1","TR1",7,"u","u"
"TR1-E1","TR1",8,"u","u"
"TR1-E1","TR1",9,"f","f"
"TR1-E1","TR1",10,"f","f"
"TR1-E1","TR1",11,"f","f"
"TR1-E1","TR1",12,"f","f"
"TR1-E1","TR1",13,"f","f"
"TR1-E1","TR1",14,"d","d"
"TR1-E1","TR1",15,"d","d"
"TR1-E1","TR1",16,"d","d"
"TR1-E1","TR1",17,"d","d"
"TR1-E1","TR1",18,"u","u"
"TR1-E1","TR1",19,"d","d"
"TR1-E1","TR1",20,"d","d"
"TR1-E1","TR1",1,"u","u"
"TR1-E1","TR1",2,"u","u"
"TR1-E1","TR1",3,"u","u"
"TR1-E1","TR1",4,"d","d"
"TR1-E1","TR1",5,"d","d"
"TR1-E1","TR1",6,"d","d"
"TR1-E1","TR1",7,"p","p"
"TR1-E1","TR1",8,"u","u"
"TR1-E1","TR1",9,"f","f"
"TR1-E1","TR1",10,"f","f"
"TR1-E1","TR1",11,"f","f"
"TR1-E1","TR1",12,"f","f"
"TR1-E1","TR1",13,"f","f"
"TR1-E1","TR1",14,"f","f"
"TR1-E1","TR1",15,"d","d"
"TR1-E1","TR1",16,"d","d"
"TR1-E1","TR1",17,"d","d"
"TR1-E1","TR1",18,"u","u"
"TR1-E1","TR1",19,"d","d"
"TR1-E1","TR1",20,"d","d"
"TR1-E1","TR1",1,"u","u"
"TR1-E1","TR1",2,"u","u"
"TR1-E1","TR1",3,"u","u"
"TR1-E1","TR1",4,"d","d"
"TR1-E1","TR1",5,"d","d"
"TR1-E1","TR1",6,"d","d"
"TR1-E1","TR1",7,"d","d"
"TR1-E1","TR1",8,"u","u"
"TR1-E1","TR1",9,"f","f"
"TR1-E1","TR1",10,"f","f"
"TR1-E1","TR1",11,"f","f"
"TR1-E1","TR1",12,"f","f"
"TR1-E1","TR1",13,"f","f"
"TR1-E1","TR1",14,"d","d"
"TR1-E1","TR1",15,"d","d"
"TR1-E1","TR1",16,"d","d"
"TR1-E1","TR1",17,"d","d"
"TR1-E1","TR1",18,"u","u"
"TR1-E1","TR1",19,"f","f"
"TR1-E1","TR1",20,"f","f"
"TR1-E1","TR1",1,"u","u"
"TR1-E1","TR1",2,"u","u"
"TR1-E1","TR1",3,"u","u"
"TR1-E1","TR1",4,"d","d"
"TR1-E1","TR1",5,"d","d"
"TR1-E1","TR1",6,"d","d"
"TR1-E1","TR1",7,"u","u"
"TR1-E1","TR1",8,"u","u"
"TR1-E1","TR1",9,"f","f"
"TR1-E1","TR1",10,"f","f"
"TR1-E1","TR1",11,"f","f"
"TR1-E1","TR1",12,"f","f"
"TR1-E1","TR1",13,"f","f"
"TR1-E1","TR1",14,"f","f"
"TR1-E1","TR1",15,"d","d"
"TR1-E1","TR1",16,"d","d"
"TR1-E1","TR1",17,"d","d"
"TR1-E1","TR1",18,"u","u"
"TR1-E1","TR1",19,"f","f"
"TR1-E1","TR1",20,"f","f"
"TR1-F1","TR1",1,"p","p"
"TR1-F1","TR1",2,"p","p"
"TR1-F1","TR1",3,"s","s"
"TR1-F1","TR1",4,"s","s"
"TR1-F1","TR1",5,"s","s"
"TR1-F1","TR1",6,"s","s"
"TR1-F1","TR1",7,"s","s"
"TR1-F1","TR1",8,"s","s"
"TR1-F1","TR1",9,"s","s"
"TR1-F1","TR1",10,"u","u"
"TR1-F1","TR1",11,"f","f"
"TR1-F1","TR1",12,"f","f"
"TR1-F1","TR1",13,"f","f"
"TR1-F1","TR1",14,"f","f"
"TR1-F1","TR1",15,"f","f"
"TR1-F1","TR1",16,"f","f"
"TR1-F1","TR1",17,"f","f"
"TR1-F1","TR1",18,"f","f"
"TR1-F1","TR1",19,"f","f"
"TR1-F1","TR1",20,"f","f"
"TR1-F1","TR1",1,"p","p"
"TR1-F1","TR1",2,"p","p"
"TR1-F1","TR1",3,"s","s"
"TR1-F1","TR1",4,"s","s"
"TR1-F1","TR1",5,"s","s"
"TR1-F1","TR1",6,"s","s"
"TR1-F1","TR1",7,"s","s"
"TR1-F1","TR1",8,"s","s"
"TR1-F1","TR1",9,"s","s"
"TR1-F1","TR1",10,"s","s"
"TR1-F1","TR1",11,"u","u"
"TR1-F1","TR1",12,"f","f"
"TR1-F1","TR1",13,"f","f"
"TR1-F1","TR1",14,"f","f"
"TR1-F1","TR1",15,"f","f"
"TR1-F1","TR1",16,"f","f"
"TR1-F1","TR1",17,"f","f"
"TR1-F1","TR1",18,"f","f"
"TR1-F1","TR1",19,"f","f"
"TR1-F1","TR1",20,"f","f"
"TR1-F1","TR1",1,"p","p"
"TR1-F1","TR1",2,"p","p"
"TR1-F1","TR1",3,"s","u"
"TR1-F1","TR1",4,"s","s"
"TR1-F1","TR1",5,"s","s"
"TR1-F1","TR1",6,"s","s"
"TR1-F1","TR1",7,"s","s"
"TR1-F1","TR1",8,"s","s"
"TR1-F1","TR1",9,"s","s"
"TR1-F1","TR1",10,"s","s"
"TR1-F1","TR1",11,"u","s"
"TR1-F1","TR1",12,"f","s"
"TR1-F1","TR1",13,"f","f"
"TR1-F1","TR1",14,"f","f"
"TR1-F1","TR1",15,"f","f"
"TR1-F1","TR1",16,"f","f"
"TR1-F1","TR1",17,"f","f"
"TR1-F1","TR1",18,"f","f"
"TR1-F1","TR1",19,"f","f"
"TR1-F1","TR1",20,"f","f"
"TR1-F1","TR1",1,"p","p"
"TR1-F1","TR1",2,"s","p"
"TR1-F1","TR1",3,"s","u"
"TR1-F1","TR1",4,"s","s"
"TR1-F1","TR1",5,"s","s"
"TR1-F1","TR1",6,"s","s"
"TR1-F1","TR1",7,"s","s"
"TR1-F1","TR1",8,"s","s"
"TR1-F1","TR1",9,"s","m"
"TR1-F1","TR1",10,"s","m"
"TR1-F1","TR1",11,"u","m"
"TR1-F1","TR1",12,"f","f"
"TR1-F1","TR1",13,"f","f"
"TR1-F1","TR1",14,"f","f"
"TR1-F1","TR1",15,"f","f"
"TR1-F1","TR1",16,"f","f"
"TR1-F1","TR1",17,"f","f"
"TR1-F1","TR1",18,"f","f"
"TR1-F1","TR1",19,"f","f"
"TR1-F1","TR1",20,"f","f"
"TR1-D3","TR1",1,"p","p"
"TR1-D3","TR1",2,"p","p"
"TR1-D3","TR1",3,"p","p"
"TR1-D3","TR1",4,"p","p"
"TR1-D3","TR1",5,"u","u"
"TR1-D3","TR1",6,"u","u"
"TR1-D3","TR1",7,"u","u"
"TR1-D3","TR1",8,"u","u"
"TR1-D3","TR1",9,"u","u"
"TR1-D3","TR1",10,"u","u"
"TR1-D3","TR1",11,"f","f"
"TR1-D3","TR1",12,"f","f"
"TR1-D3","TR1",13,"f","f"
"TR1-D3","TR1",14,"f","f"
"TR1-D3","TR1",15,"f","f"
"TR1-D3","TR1",16,"f","f"
"TR1-D3","TR1",17,"d","d"
"TR1-D3","TR1",18,"d","d"
"TR1-D3","TR1",19,"d","d"
"TR1-D3","TR1",20,"d","d"
"TR1-D3","TR1",1,"p","p"
"TR1-D3","TR1",2,"p","p"
"TR1-D3","TR1",3,"p","p"
"TR1-D3","TR1",4,"p","u"
"TR1-D3","TR1",5,"u","u"
"TR1-D3","TR1",6,"u","u"
"TR1-D3","TR1",7,"u","u"
"TR1-D3","TR1",8,"u","u"
"TR1-D3","TR1",9,"u","u"
"TR1-D3","TR1",10,"u","u"
"TR1-D3","TR1",11,"f","f"
"TR1-D3","TR1",12,"f","f"
"TR1-D3","TR1",13,"f","f"
"TR1-D3","TR1",14,"f","f"
"TR1-D3","TR1",15,"f","f"
"TR1-D3","TR1",16,"f","f"
"TR1-D3","TR1",17,"d","d"
"TR1-D3","TR1",18,"d","d"
"TR1-D3","TR1",19,"d","d"
"TR1-D3","TR1",20,"d","d"
"TR1-D3","TR1",1,"p","p"
"TR1-D3","TR1",2,"p","p"
"TR1-D3","TR1",3,"p","u"
"TR1-D3","TR1",4,"p","u"
"TR1-D3","TR1",5,"p","u"
"TR1-D3","TR1",6,"u","u"
"TR1-D3","TR1",7,"u","u"
"TR1-D3","TR1",8,"u","u"
"TR1-D3","TR1",9,"u","u"
"TR1-D3","TR1",10,"u","u"
"TR1-D3","TR1",11,"f","f"
"TR1-D3","TR1",12,"f","f"
"TR1-D3","TR1",13,"f","f"
"TR1-D3","TR1",14,"f","f"
"TR1-D3","TR1",15,"f","f"
"TR1-D3","TR1",16,"d","d"
"TR1-D3","TR1",17,"d","d"
"TR1-D3","TR1",18,"d","d"
"TR1-D3","TR1",19,"d","d"
"TR1-D3","TR1",20,"d","d"
"TR1-D3","TR1",1,"p","p"
"TR1-D3","TR1",2,"p","p"
"TR1-D3","TR1",3,"p","p"
"TR1-D3","TR1",4,"u","u"
"TR1-D3","TR1",5,"u","u"
"TR1-D3","TR1",6,"u","u"
"TR1-D3","TR1",7,"u","u"
"TR1-D3","TR1",8,"u","u"
"TR1-D3","TR1",9,"u","u"
"TR1-D3","TR1",10,"u","u"
"TR1-D3","TR1",11,"f","f"
"TR1-D3","TR1",12,"f","f"
"TR1-D3","TR1",13,"f","f"
"TR1-D3","TR1",14,"f","f"
"TR1-D3","TR1",15,"f","f"
"TR1-D3","TR1",16,"f","f"
"TR1-D3","TR1",17,"d","d"
"TR1-D3","TR1",18,"d","d"
"TR1-D3","TR1",19,"d","d"
"TR1-D3","TR1",20,"d","d"
"TR2-A2","TR2",1,"p","p"
"TR2-A2","TR2",2,"p","p"
"TR2-A2","TR2",3,"p","p"
"TR2-A2","TR2",4,"p","p"
"TR2-A2","TR2",5,"f","f"
"TR2-A2","TR2",6,"f","f"
"TR2-A2","TR2",7,"f","f"
"TR2-A2","TR2",8,"f","f"
"TR2-A2","TR2",9,"f","f"
"TR2-A2","TR2",10,"f","f"
"TR2-A2","TR2",11,"u","u"
"TR2-A2","TR2",12,"u","u"
"TR2-A2","TR2",13,"u","u"
"TR2-A2","TR2",14,"u","u"
"TR2-A2","TR2",15,"u","u"
"TR2-A2","TR2",16,"u","u"
"TR2-A2","TR2",17,"f","f"
"TR2-A2","TR2",18,"f","f"
"TR2-A2","TR2",19,"f","f"
"TR2-A2","TR2",20,"f","f"
"TR2-A2","TR2",1,"p","p"
"TR2-A2","TR2",2,"p","p"
"TR2-A2","TR2",3,"p","p"
"TR2-A2","TR2",4,"p","p"
"TR2-A2","TR2",5,"f","f"
"TR2-A2","TR2",6,"f","f"
"TR2-A2","TR2",7,"f","f"
"TR2-A2","TR2",8,"f","f"
"TR2-A2","TR2",9,"f","f"
"TR2-A2","TR2",10,"f","f"
"TR2-A2","TR2",11,"f","f"
"TR2-A2","TR2",12,"f","f"
"TR2-A2","TR2",13,"p","p"
"TR2-A2","TR2",14,"p","p"
"TR2-A2","TR2",15,"p","p"
"TR2-A2","TR2",16,"p","p"
"TR2-A2","TR2",17,"u","u"
"TR2-A2","TR2",18,"u","u"
"TR2-A2","TR2",19,"u","u"
"TR2-A2","TR2",20,"u","u"
"TR2-A2","TR2",1,"p","p"
"TR2-A2","TR2",2,"p","p"
"TR2-A2","TR2",3,"p","p"
"TR2-A2","TR2",4,"p","p"
"TR2-A2","TR2",5,"f","f"
"TR2-A2","TR2",6,"f","f"
"TR2-A2","TR2",7,"f","f"
"TR2-A2","TR2",8,"f","f"
"TR2-A2","TR2",9,"f","f"
"TR2-A2","TR2",10,"f","f"
"TR2-A2","TR2",11,"p","p"
"TR2-A2","TR2",12,"p","p"
"TR2-A2","TR2",13,"p","p"
"TR2-A2","TR2",14,"p","p"
"TR2-A2","TR2",15,"u","u"
"TR2-A2","TR2",16,"u","u"
"TR2-A2","TR2",17,"u","u"
"TR2-A2","TR2",18,"f","f"
"TR2-A2","TR2",19,"f","f"
"TR2-A2","TR2",20,"f","f"
"TR2-A2","TR2",1,"p","p"
"TR2-A2","TR2",2,"p","p"
"TR2-A2","TR2",3,"p","p"
"TR2-A2","TR2",4,"p","p"
"TR2-A2","TR2",5,"f","f"
"TR2-A2","TR2",6,"f","f"
"TR2-A2","TR2",7,"f","f"
"TR2-A2","TR2",8,"f","f"
"TR2-A2","TR2",9,"f","f"
"TR2-A2","TR2",10,"f","f"
"TR2-A2","TR2",11,"p","p"
"TR2-A2","TR2",12,"p","p"
"TR2-A2","TR2",13,"p","p"
"TR2-A2","TR2",14,"p","p"
"TR2-A2","TR2",15,"p","p"
"TR2-A2","TR2",16,"u","u"
"TR2-A2","TR2",17,"u","u"
"TR2-A2","TR2",18,"f","f"
"TR2-A2","TR2",19,"f","f"
"TR2-A2","TR2",20,"f","f"
"TR2-A3","TR2",1,"u","u"
"TR2-A3","TR2",2,"d","d"
"TR2-A3","TR2",3,"p","p"
"TR2-A3","TR2",4,"p","p"
"TR2-A3","TR2",5,"p","p"
"TR2-A3","TR2",6,"f","f"
"TR2-A3","TR2",7,"f","f"
"TR2-A3","TR2",8,"f","f"
"TR2-A3","TR2",9,"f","f"
"TR2-A3","TR2",10,"f","f"
"TR2-A3","TR2",11,"f","f"
"TR2-A3","TR2",12,"f","f"
"TR2-A3","TR2",13,"u","u"
"TR2-A3","TR2",14,"u","u"
"TR2-A3","TR2",15,"u","u"
"TR2-A3","TR2",16,"u","u"
"TR2-A3","TR2",17,"u","u"
"TR2-A3","TR2",18,"f","f"
"TR2-A3","TR2",19,"f","f"
"TR2-A3","TR2",20,"f","f"
"TR2-A3","TR2",1,"u","u"
"TR2-A3","TR2",2,"d","d"
"TR2-A3","TR2",3,"p","p"
"TR2-A3","TR2",4,"p","p"
"TR2-A3","TR2",5,"f","f"
"TR2-A3","TR2",6,"f","f"
"TR2-A3","TR2",7,"f","f"
"TR2-A3","TR2",8,"f","f"
"TR2-A3","TR2",9,"f","f"
"TR2-A3","TR2",10,"f","f"
"TR2-A3","TR2",11,"f","f"
"TR2-A3","TR2",12,"f","f"
"TR2-A3","TR2",13,"u","u"
"TR2-A3","TR2",14,"u","u"
"TR2-A3","TR2",15,"u","u"
"TR2-A3","TR2",16,"u","u"
"TR2-A3","TR2",17,"u","u"
"TR2-A3","TR2",18,"f","f"
"TR2-A3","TR2",19,"f","f"
"TR2-A3","TR2",20,"f","f"
"TR2-A3","TR2",1,"u","u"
"TR2-A3","TR2",2,"d","d"
"TR2-A3","TR2",3,"p","p"
"TR2-A3","TR2",4,"p","p"
"TR2-A3","TR2",5,"p","p"
"TR2-A3","TR2",6,"f","f"
"TR2-A3","TR2",7,"f","f"
"TR2-A3","TR2",8,"f","f"
"TR2-A3","TR2",9,"f","f"
"TR2-A3","TR2",10,"f","f"
"TR2-A3","TR2",11,"f","f"
"TR2-A3","TR2",12,"f","f"
"TR2-A3","TR2",13,"u","u"
"TR2-A3","TR2",14,"u","u"
"TR2-A3","TR2",15,"u","u"
"TR2-A3","TR2",16,"u","u"
"TR2-A3","TR2",17,"u","u"
"TR2-A3","TR2",18,"f","f"
"TR2-A3","TR2",19,"f","f"
"TR2-A3","TR2",20,"f","f"
"TR2-A3","TR2",1,"d","d"
"TR2-A3","TR2",2,"d","d"
"TR2-A3","TR2",3,"p","p"
"TR2-A3","TR2",4,"p","p"
"TR2-A3","TR2",5,"f","f"
"TR2-A3","TR2",6,"f","f"
"TR2-A3","TR2",7,"f","f"
"TR2-A3","TR2",8,"f","f"
"TR2-A3","TR2",9,"f","f"
"TR2-A3","TR2",10,"f","f"
"TR2-A3","TR2",11,"f","f"
"TR2-A3","TR2",12,"f","f"
"TR2-A3","TR2",13,"f","f"
"TR2-A3","TR2",14,"u","u"
"TR2-A3","TR2",15,"u","u"
"TR2-A3","TR2",16,"u","u"
"TR2-A3","TR2",17,"u","u"
"TR2-A3","TR2",18,"f","f"
"TR2-A3","TR2",19,"f","f"
"TR2-A3","TR2",20,"f","f"
"TR2-C1","TR2",1,"u","u"
"TR2-C1","TR2",2,"u","u"
"TR2-C1","TR2",3,"u","u"
"TR2-C1","TR2",4,"u","u"
"TR2-C1","TR2",5,"f","f"
"TR2-C1","TR2",6,"f","f"
"TR2-C1","TR2",7,"f","f"
"TR2-C1","TR2",8,"f","f"
"TR2-C1","TR2",9,"f","f"
"TR2-C1","TR2",10,"f","f"
"TR2-C1","TR2",11,"p","p"
"TR2-C1","TR2",12,"p","p"
"TR2-C1","TR2",13,"p","p"
"TR2-C1","TR2",14,"p","p"
"TR2-C1","TR2",15,"u","u"
"TR2-C1","TR2",16,"u","u"
"TR2-C1","TR2",17,"d","d"
"TR2-C1","TR2",18,"d","d"
"TR2-C1","TR2",19,"d","d"
"TR2-C1","TR2",20,"d","d"
"TR2-C1","TR2",1,"p","u"
"TR2-C1","TR2",2,"p","u"
"TR2-C1","TR2",3,"p","u"
"TR2-C1","TR2",4,"p","u"
"TR2-C1","TR2",5,"f","m"
"TR2-C1","TR2",6,"f","m"
"TR2-C1","TR2",7,"f","m"
"TR2-C1","TR2",8,"f","m"
"TR2-C1","TR2",9,"f","m"
"TR2-C1","TR2",10,"f","m"
"TR2-C1","TR2",11,"f","m"
"TR2-C1","TR2",12,"p","p"
"TR2-C1","TR2",13,"p","p"
"TR2-C1","TR2",14,"p","p"
"TR2-C1","TR2",15,"p","f"
"TR2-C1","TR2",16,"u","f"
"TR2-C1","TR2",17,"d","f"
"TR2-C1","TR2",18,"p","p"
"TR2-C1","TR2",19,"p","p"
"TR2-C1","TR2",20,"p","p"
"TR2-C1","TR2",1,"u","u"
"TR2-C1","TR2",2,"u","u"
"TR2-C1","TR2",3,"u","u"
"TR2-C1","TR2",4,"u","u"
"TR2-C1","TR2",5,"f","f"
"TR2-C1","TR2",6,"f","f"
"TR2-C1","TR2",7,"f","f"
"TR2-C1","TR2",8,"f","f"
"TR2-C1","TR2",9,"f","f"
"TR2-C1","TR2",10,"f","f"
"TR2-C1","TR2",11,"f","f"
"TR2-C1","TR2",12,"p","p"
"TR2-C1","TR2",13,"p","p"
"TR2-C1","TR2",14,"p","p"
"TR2-C1","TR2",15,"p","p"
"TR2-C1","TR2",16,"u","u"
"TR2-C1","TR2",17,"d","d"
"TR2-C1","TR2",18,"d","d"
"TR2-C1","TR2",19,"d","d"
"TR2-C1","TR2",20,"d","d"
"TR2-C1","TR2",1,"p","u"
"TR2-C1","TR2",2,"p","u"
"TR2-C1","TR2",3,"p","u"
"TR2-C1","TR2",4,"f","m"
"TR2-C1","TR2",5,"f","m"
"TR2-C1","TR2",6,"f","m"
"TR2-C1","TR2",7,"f","m"
"TR2-C1","TR2",8,"f","m"
"TR2-C1","TR2",9,"f","m"
"TR2-C1","TR2",10,"f","m"
"TR2-C1","TR2",11,"f","m"
"TR2-C1","TR2",12,"p","d"
"TR2-C1","TR2",13,"p","p"
"TR2-C1","TR2",14,"p","u"
"TR2-C1","TR2",15,"u","f"
"TR2-C1","TR2",16,"u","p"
"TR2-C1","TR2",17,"d","d"
"TR2-C1","TR2",18,"d","d"
"TR2-C1","TR2",19,"d","p"
"TR2-C1","TR2",20,"d","p"
"TR2-A1","TR2",1,"d","d"
"TR2-A1","TR2",2,"u","u"
"TR2-A1","TR2",3,"d","d"
"TR2-A1","TR2",4,"p","p"
"TR2-A1","TR2",5,"f","f"
"TR2-A1","TR2",6,"f","f"
"TR2-A1","TR2",7,"f","f"
"TR2-A1","TR2",8,"f","f"
"TR2-A1","TR2",9,"f","f"
"TR2-A1","TR2",10,"f","f"
"TR2-A1","TR2",11,"f","f"
"TR2-A1","TR2",12,"u","u"
"TR2-A1","TR2",13,"u","u"
"TR2-A1","TR2",14,"p","p"
"TR2-A1","TR2",15,"p","p"
"TR2-A1","TR2",16,"p","p"
"TR2-A1","TR2",17,"f","f"
"TR2-A1","TR2",18,"f","f"
"TR2-A1","TR2",19,"f","f"
"TR2-A1","TR2",20,"f","f"
"TR2-A1","TR2",1,"d","d"
"TR2-A1","TR2",2,"u","u"
"TR2-A1","TR2",3,"d","d"
"TR2-A1","TR2",4,"p","p"
"TR2-A1","TR2",5,"f","f"
"TR2-A1","TR2",6,"f","f"
"TR2-A1","TR2",7,"f","f"
"TR2-A1","TR2",8,"f","f"
"TR2-A1","TR2",9,"f","f"
"TR2-A1","TR2",10,"f","f"
"TR2-A1","TR2",11,"f","f"
"TR2-A1","TR2",12,"f","f"
"TR2-A1","TR2",13,"u","u"
"TR2-A1","TR2",14,"u","u"
"TR2-A1","TR2",15,"u","u"
"TR2-A1","TR2",16,"u","u"
"TR2-A1","TR2",17,"f","f"
"TR2-A1","TR2",18,"f","f"
"TR2-A1","TR2",19,"f","f"
"TR2-A1","TR2",20,"f","f"
"TR2-A1","TR2",1,"d","d"
"TR2-A1","TR2",2,"u","u"
"TR2-A1","TR2",3,"d","d"
"TR2-A1","TR2",4,"p","p"
"TR2-A1","TR2",5,"p","p"
"TR2-A1","TR2",6,"f","f"
"TR2-A1","TR2",7,"f","f"
"TR2-A1","TR2",8,"f","f"
"TR2-A1","TR2",9,"f","f"
"TR2-A1","TR2",10,"f","f"
"TR2-A1","TR2",11,"f","f"
"TR2-A1","TR2",12,"u","u"
"TR2-A1","TR2",13,"u","u"
"TR2-A1","TR2",14,"p","p"
"TR2-A1","TR2",15,"p","p"
"TR2-A1","TR2",16,"p","p"
"TR2-A1","TR2",17,"f","f"
"TR2-A1","TR2",18,"f","f"
"TR2-A1","TR2",19,"f","f"
"TR2-A1","TR2",20,"f","f"
"TR2-A1","TR2",1,"d","d"
"TR2-A1","TR2",2,"u","u"
"TR2-A1","TR2",3,"d","d"
"TR2-A1","TR2",4,"p","p"
"TR2-A1","TR2",5,"p","p"
"TR2-A1","TR2",6,"f","f"
"TR2-A1","TR2",7,"f","f"
"TR2-A1","TR2",8,"f","f"
"TR2-A1","TR2",9,"f","f"
"TR2-A1","TR2",10,"f","f"
"TR2-A1","TR2",11,"f","f"
"TR2-A1","TR2",12,"u","u"
"TR2-A1","TR2",13,"u","u"
"TR2-A1","TR2",14,"u","u"
"TR2-A1","TR2",15,"u","u"
"TR2-A1","TR2",16,"u","u"
"TR2-A1","TR2",17,"u","u"
"TR2-A1","TR2",18,"f","f"
"TR2-A1","TR2",19,"f","f"
"TR2-A1","TR2",20,"f","f"
"TR2-B2","TR2",1,"p","p"
"TR2-B2","TR2",2,"p","p"
"TR2-B2","TR2",3,"p","p"
"TR2-B2","TR2",4,"m","m"
"TR2-B2","TR2",5,"m","m"
"TR2-B2","TR2",6,"m","m"
"TR2-B2","TR2",7,"m","m"
"TR2-B2","TR2",8,"m","m"
"TR2-B2","TR2",9,"m","m"
"TR2-B2","TR2",10,"m","m"
"TR2-B2","TR2",11,"f","f"
"TR2-B2","TR2",12,"f","f"
"TR2-B2","TR2",13,"f","f"
"TR2-B2","TR2",14,"f","f"
"TR2-B2","TR2",15,"f","f"
"TR2-B2","TR2",16,"m","m"
"TR2-B2","TR2",17,"m","m"
"TR2-B2","TR2",18,"m","m"
"TR2-B2","TR2",19,"m","m"
"TR2-B2","TR2",20,"m","m"
"TR2-B2","TR2",1,"p","u"
"TR2-B2","TR2",2,"p","u"
"TR2-B2","TR2",3,"p","u"
"TR2-B2","TR2",4,"m","s"
"TR2-B2","TR2",5,"m","s"
"TR2-B2","TR2",6,"m","s"
"TR2-B2","TR2",7,"m","s"
"TR2-B2","TR2",8,"m","s"
"TR2-B2","TR2",9,"m","s"
"TR2-B2","TR2",10,"m","s"
"TR2-B2","TR2",11,"f","f"
"TR2-B2","TR2",12,"f","f"
"TR2-B2","TR2",13,"f","p"
"TR2-B2","TR2",14,"f","p"
"TR2-B2","TR2",15,"f","p"
"TR2-B2","TR2",16,"m","d"
"TR2-B2","TR2",17,"m","s"
"TR2-B2","TR2",18,"m","f"
"TR2-B2","TR2",19,"m","d"
"TR2-B2","TR2",20,"m","d"
"TR2-B2","TR2",1,"p","p"
"TR2-B2","TR2",2,"p","p"
"TR2-B2","TR2",3,"p","p"
"TR2-B2","TR2",4,"m","s"
"TR2-B2","TR2",5,"m","s"
"TR2-B2","TR2",6,"m","s"
"TR2-B2","TR2",7,"m","s"
"TR2-B2","TR2",8,"m","s"
"TR2-B2","TR2",9,"m","s"
"TR2-B2","TR2",10,"f","s"
"TR2-B2","TR2",11,"f","f"
"TR2-B2","TR2",12,"f","f"
"TR2-B2","TR2",13,"f","f"
"TR2-B2","TR2",14,"f","f"
"TR2-B2","TR2",15,"f","f"
"TR2-B2","TR2",16,"m","d"
"TR2-B2","TR2",17,"m","s"
"TR2-B2","TR2",18,"m","f"
"TR2-B2","TR2",19,"m","d"
"TR2-B2","TR2",20,"m","d"
"TR2-B2","TR2",1,"p","p"
"TR2-B2","TR2",2,"p","p"
"TR2-B2","TR2",3,"p","p"
"TR2-B2","TR2",4,"m","m"
"TR2-B2","TR2",5,"m","m"
"TR2-B2","TR2",6,"m","m"
"TR2-B2","TR2",7,"m","m"
"TR2-B2","TR2",8,"m","m"
"TR2-B2","TR2",9,"m","m"
"TR2-B2","TR2",10,"m","m"
"TR2-B2","TR2",11,"f","f"
"TR2-B2","TR2",12,"f","f"
"TR2-B2","TR2",13,"f","f"
"TR2-B2","TR2",14,"f","f"
"TR2-B2","TR2",15,"f","f"
"TR2-B2","TR2",16,"m","m"
"TR2-B2","TR2",17,"m","m"
"TR2-B2","TR2",18,"m","m"
"TR2-B2","TR2",19,"m","m"
"TR2-B2","TR2",20,"m","m"
"SUR-E1","SUR",1,"p","p"
"SUR-E1","SUR",2,"p","p"
"SUR-E1","SUR",3,"p","p"
"SUR-E1","SUR",4,"p","p"
"SUR-E1","SUR",5,"f","f"
"SUR-E1","SUR",6,"f","f"
"SUR-E1","SUR",7,"f","f"
"SUR-E1","SUR",8,"f","f"
"SUR-E1","SUR",9,"f","f"
"SUR-E1","SUR",10,"f","f"
"SUR-E1","SUR",11,"f","f"
"SUR-E1","SUR",12,"f","f"
"SUR-E1","SUR",13,"f","f"
"SUR-E1","SUR",14,"f","f"
"SUR-E1","SUR",15,"f","f"
"SUR-E1","SUR",16,"f","f"
"SUR-E1","SUR",17,"f","f"
"SUR-E1","SUR",18,"f","f"
"SUR-E1","SUR",19,"f","f"
"SUR-E1","SUR",20,"f","f"
"SUR-E1","SUR",1,"p","p"
"SUR-E1","SUR",2,"p","p"
"SUR-E1","SUR",3,"p","p"
"SUR-E1","SUR",4,"p","p"
"SUR-E1","SUR",5,"f","f"
"SUR-E1","SUR",6,"f","f"
"SUR-E1","SUR",7,"f","f"
"SUR-E1","SUR",8,"f","f"
"SUR-E1","SUR",9,"f","f"
"SUR-E1","SUR",10,"f","f"
"SUR-E1","SUR",11,"f","f"
"SUR-E1","SUR",12,"f","f"
"SUR-E1","SUR",13,"f","f"
"SUR-E1","SUR",14,"f","f"
"SUR-E1","SUR",15,"f","f"
"SUR-E1","SUR",16,"f","f"
"SUR-E1","SUR",17,"f","f"
"SUR-E1","SUR",18,"f","f"
"SUR-E1","SUR",19,"f","f"
"SUR-E1","SUR",20,"f","f"
"SUR-E1","SUR",1,"p","p"
"SUR-E1","SUR",2,"p","p"
"SUR-E1","SUR",3,"p","p"
"SUR-E1","SUR",4,"p","p"
"SUR-E1","SUR",5,"f","f"
"SUR-E1","SUR",6,"f","f"
"SUR-E1","SUR",7,"f","f"
"SUR-E1","SUR",8,"f","f"
"SUR-E1","SUR",9,"f","f"
"SUR-E1","SUR",10,"f","f"
"SUR-E1","SUR",11,"f","f"
"SUR-E1","SUR",12,"f","f"
"SUR-E1","SUR",13,"f","f"
"SUR-E1","SUR",14,"f","f"
"SUR-E1","SUR",15,"f","f"
"SUR-E1","SUR",16,"f","f"
"SUR-E1","SUR",17,"f","f"
"SUR-E1","SUR",18,"f","f"
"SUR-E1","SUR",19,"f","f"
"SUR-E1","SUR",20,"f","f"
"SUR-E1","SUR",1,"p","p"
"SUR-E1","SUR",2,"p","p"
"SUR-E1","SUR",3,"p","p"
"SUR-E1","SUR",4,"p","p"
"SUR-E1","SUR",5,"f","f"
"SUR-E1","SUR",6,"f","f"
"SUR-E1","SUR",7,"f","f"
"SUR-E1","SUR",8,"f","f"
"SUR-E1","SUR",9,"f","f"
"SUR-E1","SUR",10,"f","f"
"SUR-E1","SUR",11,"f","f"
"SUR-E1","SUR",12,"f","f"
"SUR-E1","SUR",13,"f","f"
"SUR-E1","SUR",14,"f","f"
"SUR-E1","SUR",15,"f","f"
"SUR-E1","SUR",16,"f","f"
"SUR-E1","SUR",17,"f","f"
"SUR-E1","SUR",18,"f","f"
"SUR-E1","SUR",19,"f","f"
"SUR-E1","SUR",20,"f","f"
"SUR-H1","SUR",1,"u","u"
"SUR-H1","SUR",2,"u","u"
"SUR-H1","SUR",3,"u","u"
"SUR-H1","SUR",4,"u","u"
"SUR-H1","SUR",5,"u","u"
"SUR-H1","SUR",6,"u","u"
"SUR-H1","SUR",7,"u","u"
"SUR-H1","SUR",8,"u","u"
"SUR-H1","SUR",9,"f","f"
"SUR-H1","SUR",10,"f","f"
"SUR-H1","SUR",11,"f","f"
"SUR-H1","SUR",12,"d","d"
"SUR-H1","SUR",13,"d","d"
"SUR-H1","SUR",14,"d","d"
"SUR-H1","SUR",15,"d","d"
"SUR-H1","SUR",16,"d","d"
"SUR-H1","SUR",17,"d","d"
"SUR-H1","SUR",18,"d","d"
"SUR-H1","SUR",19,"d","d"
"SUR-H1","SUR",20,"u","u"
"SUR-H1","SUR",1,"u","u"
"SUR-H1","SUR",2,"u","u"
"SUR-H1","SUR",3,"u","u"
"SUR-H1","SUR",4,"u","u"
"SUR-H1","SUR",5,"u","u"
"SUR-H1","SUR",6,"u","u"
"SUR-H1","SUR",7,"u","u"
"SUR-H1","SUR",8,"u","u"
"SUR-H1","SUR",9,"f","f"
"SUR-H1","SUR",10,"f","f"
"SUR-H1","SUR",11,"d","d"
"SUR-H1","SUR",12,"d","d"
"SUR-H1","SUR",13,"d","d"
"SUR-H1","SUR",14,"d","d"
"SUR-H1","SUR",15,"d","d"
"SUR-H1","SUR",16,"d","d"
"SUR-H1","SUR",17,"d","d"
"SUR-H1","SUR",18,"u","u"
"SUR-H1","SUR",19,"d","d"
"SUR-H1","SUR",20,"d","d"
"SUR-H1","SUR",1,"u","u"
"SUR-H1","SUR",2,"u","u"
"SUR-H1","SUR",3,"u","u"
"SUR-H1","SUR",4,"u","u"
"SUR-H1","SUR",5,"u","u"
"SUR-H1","SUR",6,"u","u"
"SUR-H1","SUR",7,"u","u"
"SUR-H1","SUR",8,"u","u"
"SUR-H1","SUR",9,"f","f"
"SUR-H1","SUR",10,"f","f"
"SUR-H1","SUR",11,"f","f"
"SUR-H1","SUR",12,"d","d"
"SUR-H1","SUR",13,"d","d"
"SUR-H1","SUR",14,"d","d"
"SUR-H1","SUR",15,"d","d"
"SUR-H1","SUR",16,"d","d"
"SUR-H1","SUR",17,"d","d"
"SUR-H1","SUR",18,"d","d"
"SUR-H1","SUR",19,"u","u"
"SUR-H1","SUR",20,"u","u"
"SUR-H1","SUR",1,"u","u"
"SUR-H1","SUR",2,"u","u"
"SUR-H1","SUR",3,"u","u"
"SUR-H1","SUR",4,"u","u"
"SUR-H1","SUR",5,"u","u"
"SUR-H1","SUR",6,"u","u"
"SUR-H1","SUR",7,"u","u"
"SUR-H1","SUR",8,"u","u"
"SUR-H1","SUR",9,"f","f"
"SUR-H1","SUR",10,"f","f"
"SUR-H1","SUR",11,"f","f"
"SUR-H1","SUR",12,"d","d"
"SUR-H1","SUR",13,"d","d"
"SUR-H1","SUR",14,"d","d"
"SUR-H1","SUR",15,"d","d"
"SUR-H1","SUR",16,"d","d"
"SUR-H1","SUR",17,"d","d"
"SUR-H1","SUR",18,"d","d"
"SUR-H1","SUR",19,"u","u"
"SUR-H1","SUR",20,"d","d"
"SUR-K3","SUR",1,"p","p"
"SUR-K3","SUR",2,"p","p"
"SUR-K3","SUR",3,"p","p"
"SUR-K3","SUR",4,"s","s"
"SUR-K3","SUR",5,"s","s"
"SUR-K3","SUR",6,"s","s"
"SUR-K3","SUR",7,"s","s"
"SUR-K3","SUR",8,"f","f"
"SUR-K3","SUR",9,"f","f"
"SUR-K3","SUR",10,"f","f"
"SUR-K3","SUR",11,"f","f"
"SUR-K3","SUR",12,"f","f"
"SUR-K3","SUR",13,"f","f"
"SUR-K3","SUR",14,"f","f"
"SUR-K3","SUR",15,"f","f"
"SUR-K3","SUR",16,"f","f"
"SUR-K3","SUR",17,"f","f"
"SUR-K3","SUR",18,"f","f"
"SUR-K3","SUR",19,"f","f"
"SUR-K3","SUR",20,"f","f"
"SUR-K3","SUR",1,"s","s"
"SUR-K3","SUR",2,"s","s"
"SUR-K3","SUR",3,"s","s"
"SUR-K3","SUR",4,"s","s"
"SUR-K3","SUR",5,"s","s"
"SUR-K3","SUR",6,"s","s"
"SUR-K3","SUR",7,"s","s"
"SUR-K3","SUR",8,"f","f"
"SUR-K3","SUR",9,"f","f"
"SUR-K3","SUR",10,"f","f"
"SUR-K3","SUR",11,"f","f"
"SUR-K3","SUR",12,"f","f"
"SUR-K3","SUR",13,"p","p"
"SUR-K3","SUR",14,"p","p"
"SUR-K3","SUR",15,"f","f"
"SUR-K3","SUR",16,"f","f"
"SUR-K3","SUR",17,"f","f"
"SUR-K3","SUR",18,"f","f"
"SUR-K3","SUR",19,"f","f"
"SUR-K3","SUR",20,"f","f"
"SUR-K3","SUR",1,"s","s"
"SUR-K3","SUR",2,"s","s"
"SUR-K3","SUR",3,"s","s"
"SUR-K3","SUR",4,"s","s"
"SUR-K3","SUR",5,"p","p"
"SUR-K3","SUR",6,"p","p"
"SUR-K3","SUR",7,"p","p"
"SUR-K3","SUR",8,"f","f"
"SUR-K3","SUR",9,"f","f"
"SUR-K3","SUR",10,"f","f"
"SUR-K3","SUR",11,"f","f"
"SUR-K3","SUR",12,"f","f"
"SUR-K3","SUR",13,"f","f"
"SUR-K3","SUR",14,"f","f"
"SUR-K3","SUR",15,"f","f"
"SUR-K3","SUR",16,"f","f"
"SUR-K3","SUR",17,"f","f"
"SUR-K3","SUR",18,"f","f"
"SUR-K3","SUR",19,"f","f"
"SUR-K3","SUR",20,"f","f"
"SUR-K3","SUR",1,"p","p"
"SUR-K3","SUR",2,"p","p"
"SUR-K3","SUR",3,"s","s"
"SUR-K3","SUR",4,"s","s"
"SUR-K3","SUR",5,"s","s"
"SUR-K3","SUR",6,"s","s"
"SUR-K3","SUR",7,"f","f"
"SUR-K3","SUR",8,"f","f"
"SUR-K3","SUR",9,"f","f"
"SUR-K3","SUR",10,"f","f"
"SUR-K3","SUR",11,"f","f"
"SUR-K3","SUR",12,"f","f"
"SUR-K3","SUR",13,"f","f"
"SUR-K3","SUR",14,"f","f"
"SUR-K3","SUR",15,"f","f"
"SUR-K3","SUR",16,"f","f"
"SUR-K3","SUR",17,"f","f"
"SUR-K3","SUR",18,"f","f"
"SUR-K3","SUR",19,"f","f"
"SUR-K3","SUR",20,"f","f"
"SJA-E2","SJA",1,"m","m"
"SJA-E2","SJA",2,"m","m"
"SJA-E2","SJA",3,"m","m"
"SJA-E2","SJA",4,"m","m"
"SJA-E2","SJA",5,"m","m"
"SJA-E2","SJA",6,"m","m"
"SJA-E2","SJA",7,"f","f"
"SJA-E2","SJA",8,"f","f"
"SJA-E2","SJA",9,"f","f"
"SJA-E2","SJA",10,"f","f"
"SJA-E2","SJA",11,"f","f"
"SJA-E2","SJA",12,"f","f"
"SJA-E2","SJA",13,"f","f"
"SJA-E2","SJA",14,"f","f"
"SJA-E2","SJA",15,"f","f"
"SJA-E2","SJA",16,"d","d"
"SJA-E2","SJA",17,"d","d"
"SJA-E2","SJA",18,"u","u"
"SJA-E2","SJA",19,"d","d"
"SJA-E2","SJA",20,"d","d"
"SJA-E2","SJA",1,"m","u"
"SJA-E2","SJA",2,"m","f"
"SJA-E2","SJA",3,"m","m"
"SJA-E2","SJA",4,"m","m"
"SJA-E2","SJA",5,"m","m"
"SJA-E2","SJA",6,"m","m"
"SJA-E2","SJA",7,"f","f"
"SJA-E2","SJA",8,"f","f"
"SJA-E2","SJA",9,"f","f"
"SJA-E2","SJA",10,"f","f"
"SJA-E2","SJA",11,"f","f"
"SJA-E2","SJA",12,"f","f"
"SJA-E2","SJA",13,"f","f"
"SJA-E2","SJA",14,"f","f"
"SJA-E2","SJA",15,"f","f"
"SJA-E2","SJA",16,"f","f"
"SJA-E2","SJA",17,"d","d"
"SJA-E2","SJA",18,"d","d"
"SJA-E2","SJA",19,"u","m"
"SJA-E2","SJA",20,"d","m"
"SJA-E2","SJA",1,"m","m"
"SJA-E2","SJA",2,"m","m"
"SJA-E2","SJA",3,"m","m"
"SJA-E2","SJA",4,"m","m"
"SJA-E2","SJA",5,"m","m"
"SJA-E2","SJA",6,"m","m"
"SJA-E2","SJA",7,"m","m"
"SJA-E2","SJA",8,"f","f"
"SJA-E2","SJA",9,"f","f"
"SJA-E2","SJA",10,"f","f"
"SJA-E2","SJA",11,"f","f"
"SJA-E2","SJA",12,"f","f"
"SJA-E2","SJA",13,"f","f"
"SJA-E2","SJA",14,"f","f"
"SJA-E2","SJA",15,"f","f"
"SJA-E2","SJA",16,"f","f"
"SJA-E2","SJA",17,"d","d"
"SJA-E2","SJA",18,"d","d"
"SJA-E2","SJA",19,"u","u"
"SJA-E2","SJA",20,"d","d"
"SJA-E2","SJA",1,"m","u"
"SJA-E2","SJA",2,"m","f"
"SJA-E2","SJA",3,"m","m"
"SJA-E2","SJA",4,"m","m"
"SJA-E2","SJA",5,"m","m"
"SJA-E2","SJA",6,"m","m"
"SJA-E2","SJA",7,"f","f"
"SJA-E2","SJA",8,"f","f"
"SJA-E2","SJA",9,"f","f"
"SJA-E2","SJA",10,"f","f"
"SJA-E2","SJA",11,"f","f"
"SJA-E2","SJA",12,"f","f"
"SJA-E2","SJA",13,"f","f"
"SJA-E2","SJA",14,"f","f"
"SJA-E2","SJA",15,"f","f"
"SJA-E2","SJA",16,"f","d"
"SJA-E2","SJA",17,"d","d"
"SJA-E2","SJA",18,"d","d"
"SJA-E2","SJA",19,"u","m"
"SJA-E2","SJA",20,"d","m"
"LSU-A1","LSU",1,"p","p"
"LSU-A1","LSU",2,"p","p"
"LSU-A1","LSU",3,"p","p"
"LSU-A1","LSU",4,"p","p"
"LSU-A1","LSU",5,"p","p"
"LSU-A1","LSU",6,"p","p"
"LSU-A1","LSU",7,"f","f"
"LSU-A1","LSU",8,"f","f"
"LSU-A1","LSU",9,"f","f"
"LSU-A1","LSU",10,"f","f"
"LSU-A1","LSU",11,"f","f"
"LSU-A1","LSU",12,"f","f"
"LSU-A1","LSU",13,"p","p"
"LSU-A1","LSU",14,"p","p"
"LSU-A1","LSU",15,"p","p"
"LSU-A1","LSU",16,"p","p"
"LSU-A1","LSU",17,"u","u"
"LSU-A1","LSU",18,"d","d"
"LSU-A1","LSU",19,"d","d"
"LSU-A1","LSU",20,"d","d"
"LSU-A1","LSU",1,"p","p"
"LSU-A1","LSU",2,"p","p"
"LSU-A1","LSU",3,"p","p"
"LSU-A1","LSU",4,"p","p"
"LSU-A1","LSU",5,"p","p"
"LSU-A1","LSU",6,"p","p"
"LSU-A1","LSU",7,"f","f"
"LSU-A1","LSU",8,"f","f"
"LSU-A1","LSU",9,"f","f"
"LSU-A1","LSU",10,"f","f"
"LSU-A1","LSU",11,"f","f"
"LSU-A1","LSU",12,"f","f"
"LSU-A1","LSU",13,"f","f"
"LSU-A1","LSU",14,"p","p"
"LSU-A1","LSU",15,"p","p"
"LSU-A1","LSU",16,"p","p"
"LSU-A1","LSU",17,"u","u"
"LSU-A1","LSU",18,"d","d"
"LSU-A1","LSU",19,"d","d"
"LSU-A1","LSU",20,"d","d"
"LSU-A1","LSU",1,"p","p"
"LSU-A1","LSU",2,"p","p"
"LSU-A1","LSU",3,"p","p"
"LSU-A1","LSU",4,"p","p"
"LSU-A1","LSU",5,"p","p"
"LSU-A1","LSU",6,"p","p"
"LSU-A1","LSU",7,"f","f"
"LSU-A1","LSU",8,"f","f"
"LSU-A1","LSU",9,"f","f"
"LSU-A1","LSU",10,"f","f"
"LSU-A1","LSU",11,"f","f"
"LSU-A1","LSU",12,"f","f"
"LSU-A1","LSU",13,"f","f"
"LSU-A1","LSU",14,"p","p"
"LSU-A1","LSU",15,"p","p"
"LSU-A1","LSU",16,"p","p"
"LSU-A1","LSU",17,"u","u"
"LSU-A1","LSU",18,"d","d"
"LSU-A1","LSU",19,"d","d"
"LSU-A1","LSU",20,"d","d"
"LSU-A1","LSU",1,"p","p"
"LSU-A1","LSU",2,"p","p"
"LSU-A1","LSU",3,"p","p"
"LSU-A1","LSU",4,"p","p"
"LSU-A1","LSU",5,"p","p"
"LSU-A1","LSU",6,"p","p"
"LSU-A1","LSU",7,"f","f"
"LSU-A1","LSU",8,"f","f"
"LSU-A1","LSU",9,"f","f"
"LSU-A1","LSU",10,"f","f"
"LSU-A1","LSU",11,"f","f"
"LSU-A1","LSU",12,"f","f"
"LSU-A1","LSU",13,"f","f"
"LSU-A1","LSU",14,"p","p"
"LSU-A1","LSU",15,"p","p"
"LSU-A1","LSU",16,"p","p"
"LSU-A1","LSU",17,"p","p"
"LSU-A1","LSU",18,"u","u"
"LSU-A1","LSU",19,"d","d"
"LSU-A1","LSU",20,"d","d"
"LOC-A2","LOC",1,"f","f"
"LOC-A2","LOC",2,"f","f"
"LOC-A2","LOC",3,"f","f"
"LOC-A2","LOC",4,"f","f"
"LOC-A2","LOC",5,"f","f"
"LOC-A2","LOC",6,"f","f"
"LOC-A2","LOC",7,"f","f"
"LOC-A2","LOC",8,"f","f"
"LOC-A2","LOC",9,"f","f"
"LOC-A2","LOC",10,"f","f"
"LOC-A2","LOC",11,"f","f"
"LOC-A2","LOC",12,"f","f"
"LOC-A2","LOC",13,"f","f"
"LOC-A2","LOC",14,"f","f"
"LOC-A2","LOC",15,"f","f"
"LOC-A2","LOC",16,"f","f"
"LOC-A2","LOC",17,"f","f"
"LOC-A2","LOC",18,"f","f"
"LOC-A2","LOC",19,"f","f"
"LOC-A2","LOC",20,"f","f"
"LOC-A2","LOC",1,"f","f"
"LOC-A2","LOC",2,"f","f"
"LOC-A2","LOC",3,"f","f"
"LOC-A2","LOC",4,"f","f"
"LOC-A2","LOC",5,"f","f"
"LOC-A2","LOC",6,"f","f"
"LOC-A2","LOC",7,"f","f"
"LOC-A2","LOC",8,"f","f"
"LOC-A2","LOC",9,"f","f"
"LOC-A2","LOC",10,"f","f"
"LOC-A2","LOC",11,"f","f"
"LOC-A2","LOC",12,"f","f"
"LOC-A2","LOC",13,"f","f"
"LOC-A2","LOC",14,"f","f"
"LOC-A2","LOC",15,"f","f"
"LOC-A2","LOC",16,"f","f"
"LOC-A2","LOC",17,"f","f"
"LOC-A2","LOC",18,"f","f"
"LOC-A2","LOC",19,"f","f"
"LOC-A2","LOC",20,"f","f"
"LOC-A2","LOC",1,"f","f"
"LOC-A2","LOC",2,"f","f"
"LOC-A2","LOC",3,"f","f"
"LOC-A2","LOC",4,"f","f"
"LOC-A2","LOC",5,"f","f"
"LOC-A2","LOC",6,"f","f"
"LOC-A2","LOC",7,"f","f"
"LOC-A2","LOC",8,"f","f"
"LOC-A2","LOC",9,"f","f"
"LOC-A2","LOC",10,"f","f"
"LOC-A2","LOC",11,"f","f"
"LOC-A2","LOC",12,"f","f"
"LOC-A2","LOC",13,"f","f"
"LOC-A2","LOC",14,"f","f"
"LOC-A2","LOC",15,"f","f"
"LOC-A2","LOC",16,"f","f"
"LOC-A2","LOC",17,"f","f"
"LOC-A2","LOC",18,"f","f"
"LOC-A2","LOC",19,"f","f"
"LOC-A2","LOC",20,"f","f"
"LOC-A2","LOC",1,"f","f"
"LOC-A2","LOC",2,"f","f"
"LOC-A2","LOC",3,"f","f"
"LOC-A2","LOC",4,"f","f"
"LOC-A2","LOC",5,"f","f"
"LOC-A2","LOC",6,"f","f"
"LOC-A2","LOC",7,"f","f"
"LOC-A2","LOC",8,"f","f"
"LOC-A2","LOC",9,"f","f"
"LOC-A2","LOC",10,"f","f"
"LOC-A2","LOC",11,"f","f"
"LOC-A2","LOC",12,"f","f"
"LOC-A2","LOC",13,"f","f"
"LOC-A2","LOC",14,"f","f"
"LOC-A2","LOC",15,"f","f"
"LOC-A2","LOC",16,"f","f"
"LOC-A2","LOC",17,"f","f"
"LOC-A2","LOC",18,"f","f"
"LOC-A2","LOC",19,"f","f"
"LOC-A2","LOC",20,"f","f"
"SUR-E2","SUR",1,"u","u"
"SUR-E2","SUR",2,"u","u"
"SUR-E2","SUR",3,"u","u"
"SUR-E2","SUR",4,"u","u"
"SUR-E2","SUR",5,"u","u"
"SUR-E2","SUR",6,"f","f"
"SUR-E2","SUR",7,"f","f"
"SUR-E2","SUR",8,"f","f"
"SUR-E2","SUR",9,"f","f"
"SUR-E2","SUR",10,"f","f"
"SUR-E2","SUR",11,"f","f"
"SUR-E2","SUR",12,"f","f"
"SUR-E2","SUR",13,"f","f"
"SUR-E2","SUR",14,"f","f"
"SUR-E2","SUR",15,"f","f"
"SUR-E2","SUR",16,"f","f"
"SUR-E2","SUR",17,"f","f"
"SUR-E2","SUR",18,"f","f"
"SUR-E2","SUR",19,"f","f"
"SUR-E2","SUR",20,"f","f"
"SUR-E2","SUR",1,"u","p"
"SUR-E2","SUR",2,"u","u"
"SUR-E2","SUR",3,"u","u"
"SUR-E2","SUR",4,"u","u"
"SUR-E2","SUR",5,"f","m"
"SUR-E2","SUR",6,"f","m"
"SUR-E2","SUR",7,"f","m"
"SUR-E2","SUR",8,"f","m"
"SUR-E2","SUR",9,"f","m"
"SUR-E2","SUR",10,"f","m"
"SUR-E2","SUR",11,"f","f"
"SUR-E2","SUR",12,"f","f"
"SUR-E2","SUR",13,"f","f"
"SUR-E2","SUR",14,"f","f"
"SUR-E2","SUR",15,"f","f"
"SUR-E2","SUR",16,"f","f"
"SUR-E2","SUR",17,"f","f"
"SUR-E2","SUR",18,"f","f"
"SUR-E2","SUR",19,"f","f"
"SUR-E2","SUR",20,"f","f"
"SUR-E2","SUR",1,"u","u"
"SUR-E2","SUR",2,"u","u"
"SUR-E2","SUR",3,"u","u"
"SUR-E2","SUR",4,"u","u"
"SUR-E2","SUR",5,"f","m"
"SUR-E2","SUR",6,"f","m"
"SUR-E2","SUR",7,"f","m"
"SUR-E2","SUR",8,"f","f"
"SUR-E2","SUR",9,"f","f"
"SUR-E2","SUR",10,"f","f"
"SUR-E2","SUR",11,"f","f"
"SUR-E2","SUR",12,"f","f"
"SUR-E2","SUR",13,"f","f"
"SUR-E2","SUR",14,"f","f"
"SUR-E2","SUR",15,"f","f"
"SUR-E2","SUR",16,"f","f"
"SUR-E2","SUR",17,"f","f"
"SUR-E2","SUR",18,"f","f"
"SUR-E2","SUR",19,"f","f"
"SUR-E2","SUR",20,"f","f"
"SUR-E2","SUR",1,"u","u"
"SUR-E2","SUR",2,"u","u"
"SUR-E2","SUR",3,"u","u"
"SUR-E2","SUR",4,"u","u"
"SUR-E2","SUR",5,"f","f"
"SUR-E2","SUR",6,"f","f"
"SUR-E2","SUR",7,"f","f"
"SUR-E2","SUR",8,"f","f"
"SUR-E2","SUR",9,"f","f"
"SUR-E2","SUR",10,"f","f"
"SUR-E2","SUR",11,"f","f"
"SUR-E2","SUR",12,"f","f"
"SUR-E2","SUR",13,"f","f"
"SUR-E2","SUR",14,"f","f"
"SUR-E2","SUR",15,"f","f"
"SUR-E2","SUR",16,"f","f"
"SUR-E2","SUR",17,"f","f"
"SUR-E2","SUR",18,"f","f"
"SUR-E2","SUR",19,"f","f"
"SUR-E2","SUR",20,"f","f"
"CCE-J2","CCE",1,"f","f"
"CCE-J2","CCE",2,"f","f"
"CCE-J2","CCE",3,"f","f"
"CCE-J2","CCE",4,"f","f"
"CCE-J2","CCE",5,"f","f"
"CCE-J2","CCE",6,"f","f"
"CCE-J2","CCE",7,"f","f"
"CCE-J2","CCE",8,"f","f"
"CCE-J2","CCE",9,"f","f"
"CCE-J2","CCE",10,"f","f"
"CCE-J2","CCE",11,"d","d"
"CCE-J2","CCE",12,"d","d"
"CCE-J2","CCE",13,"d","d"
"CCE-J2","CCE",14,"d","d"
"CCE-J2","CCE",15,"p","p"
"CCE-J2","CCE",16,"p","p"
"CCE-J2","CCE",17,"f","f"
"CCE-J2","CCE",18,"f","f"
"CCE-J2","CCE",19,"f","f"
"CCE-J2","CCE",20,"f","f"
"CCE-J2","CCE",1,"f","f"
"CCE-J2","CCE",2,"f","f"
"CCE-J2","CCE",3,"f","f"
"CCE-J2","CCE",4,"f","f"
"CCE-J2","CCE",5,"f","f"
"CCE-J2","CCE",6,"f","f"
"CCE-J2","CCE",7,"f","f"
"CCE-J2","CCE",8,"f","f"
"CCE-J2","CCE",9,"f","f"
"CCE-J2","CCE",10,"f","f"
"CCE-J2","CCE",11,"d","d"
"CCE-J2","CCE",12,"d","d"
"CCE-J2","CCE",13,"d","d"
"CCE-J2","CCE",14,"p","p"
"CCE-J2","CCE",15,"p","p"
"CCE-J2","CCE",16,"p","p"
"CCE-J2","CCE",17,"f","f"
"CCE-J2","CCE",18,"f","f"
"CCE-J2","CCE",19,"f","f"
"CCE-J2","CCE",20,"f","f"
"CCE-J2","CCE",1,"f","f"
"CCE-J2","CCE",2,"f","f"
"CCE-J2","CCE",3,"f","f"
"CCE-J2","CCE",4,"f","f"
"CCE-J2","CCE",5,"f","f"
"CCE-J2","CCE",6,"f","f"
"CCE-J2","CCE",7,"f","f"
"CCE-J2","CCE",8,"f","f"
"CCE-J2","CCE",9,"f","f"
"CCE-J2","CCE",10,"f","f"
"CCE-J2","CCE",11,"f","f"
"CCE-J2","CCE",12,"d","d"
"CCE-J2","CCE",13,"d","d"
"CCE-J2","CCE",14,"d","d"
"CCE-J2","CCE",15,"d","d"
"CCE-J2","CCE",16,"d","d"
"CCE-J2","CCE",17,"f","f"
"CCE-J2","CCE",18,"f","f"
"CCE-J2","CCE",19,"f","f"
"CCE-J2","CCE",20,"f","f"
"CCE-J2","CCE",1,"f","f"
"CCE-J2","CCE",2,"f","f"
"CCE-J2","CCE",3,"f","f"
"CCE-J2","CCE",4,"f","f"
"CCE-J2","CCE",5,"f","f"
"CCE-J2","CCE",6,"f","f"
"CCE-J2","CCE",7,"f","f"
"CCE-J2","CCE",8,"f","f"
"CCE-J2","CCE",9,"f","f"
"CCE-J2","CCE",10,"f","f"
"CCE-J2","CCE",11,"d","d"
"CCE-J2","CCE",12,"d","d"
"CCE-J2","CCE",13,"d","d"
"CCE-J2","CCE",14,"d","d"
"CCE-J2","CCE",15,"d","d"
"CCE-J2","CCE",16,"d","d"
"CCE-J2","CCE",17,"d","d"
"CCE-J2","CCE",18,"f","f"
"CCE-J2","CCE",19,"f","f"
"CCE-J2","CCE",20,"f","f"
"SUR-E5","SUR",1,"u","u"
"SUR-E5","SUR",2,"u","u"
"SUR-E5","SUR",3,"u","u"
"SUR-E5","SUR",4,"u","u"
"SUR-E5","SUR",5,"f","f"
"SUR-E5","SUR",6,"f","f"
"SUR-E5","SUR",7,"f","f"
"SUR-E5","SUR",8,"f","f"
"SUR-E5","SUR",9,"f","f"
"SUR-E5","SUR",10,"f","f"
"SUR-E5","SUR",11,"f","f"
"SUR-E5","SUR",12,"f","f"
"SUR-E5","SUR",13,"f","f"
"SUR-E5","SUR",14,"f","f"
"SUR-E5","SUR",15,"f","f"
"SUR-E5","SUR",16,"f","f"
"SUR-E5","SUR",17,"f","f"
"SUR-E5","SUR",18,"f","f"
"SUR-E5","SUR",19,"f","f"
"SUR-E5","SUR",20,"f","f"
"SUR-E5","SUR",1,"u","u"
"SUR-E5","SUR",2,"u","u"
"SUR-E5","SUR",3,"u","u"
"SUR-E5","SUR",4,"u","u"
"SUR-E5","SUR",5,"f","f"
"SUR-E5","SUR",6,"f","m"
"SUR-E5","SUR",7,"f","m"
"SUR-E5","SUR",8,"f","f"
"SUR-E5","SUR",9,"f","f"
"SUR-E5","SUR",10,"f","f"
"SUR-E5","SUR",11,"f","f"
"SUR-E5","SUR",12,"f","f"
"SUR-E5","SUR",13,"f","f"
"SUR-E5","SUR",14,"f","f"
"SUR-E5","SUR",15,"f","f"
"SUR-E5","SUR",16,"f","f"
"SUR-E5","SUR",17,"f","f"
"SUR-E5","SUR",18,"f","f"
"SUR-E5","SUR",19,"f","f"
"SUR-E5","SUR",20,"f","f"
"SUR-E5","SUR",1,"u","u"
"SUR-E5","SUR",2,"u","u"
"SUR-E5","SUR",3,"u","u"
"SUR-E5","SUR",4,"u","u"
"SUR-E5","SUR",5,"f","f"
"SUR-E5","SUR",6,"f","f"
"SUR-E5","SUR",7,"f","f"
"SUR-E5","SUR",8,"f","f"
"SUR-E5","SUR",9,"f","f"
"SUR-E5","SUR",10,"f","f"
"SUR-E5","SUR",11,"f","f"
"SUR-E5","SUR",12,"f","f"
"SUR-E5","SUR",13,"f","f"
"SUR-E5","SUR",14,"f","f"
"SUR-E5","SUR",15,"f","f"
"SUR-E5","SUR",16,"f","f"
"SUR-E5","SUR",17,"f","f"
"SUR-E5","SUR",18,"f","f"
"SUR-E5","SUR",19,"f","f"
"SUR-E5","SUR",20,"f","f"
"SUR-E5","SUR",1,"p","u"
"SUR-E5","SUR",2,"p","u"
"SUR-E5","SUR",3,"p","u"
"SUR-E5","SUR",4,"p","u"
"SUR-E5","SUR",5,"f","f"
"SUR-E5","SUR",6,"f","f"
"SUR-E5","SUR",7,"f","f"
"SUR-E5","SUR",8,"f","f"
"SUR-E5","SUR",9,"f","f"
"SUR-E5","SUR",10,"f","f"
"SUR-E5","SUR",11,"f","f"
"SUR-E5","SUR",12,"f","f"
"SUR-E5","SUR",13,"f","f"
"SUR-E5","SUR",14,"f","f"
"SUR-E5","SUR",15,"f","f"
"SUR-E5","SUR",16,"f","f"
"SUR-E5","SUR",17,"f","f"
"SUR-E5","SUR",18,"f","f"
"SUR-E5","SUR",19,"f","f"
"SUR-E5","SUR",20,"f","f"
"SUR-E4","SUR",1,"p","p"
"SUR-E4","SUR",2,"p","p"
"SUR-E4","SUR",3,"p","p"
"SUR-E4","SUR",4,"p","p"
"SUR-E4","SUR",5,"f","f"
"SUR-E4","SUR",6,"f","f"
"SUR-E4","SUR",7,"f","f"
"SUR-E4","SUR",8,"f","f"
"SUR-E4","SUR",9,"f","f"
"SUR-E4","SUR",10,"f","f"
"SUR-E4","SUR",11,"f","f"
"SUR-E4","SUR",12,"f","f"
"SUR-E4","SUR",13,"f","f"
"SUR-E4","SUR",14,"f","f"
"SUR-E4","SUR",15,"f","f"
"SUR-E4","SUR",16,"f","f"
"SUR-E4","SUR",17,"f","f"
"SUR-E4","SUR",18,"f","f"
"SUR-E4","SUR",19,"f","f"
"SUR-E4","SUR",20,"f","f"
"SUR-E4","SUR",1,"p","u"
"SUR-E4","SUR",2,"p","u"
"SUR-E4","SUR",3,"p","u"
"SUR-E4","SUR",4,"p","p"
"SUR-E4","SUR",5,"f","f"
"SUR-E4","SUR",6,"f","f"
"SUR-E4","SUR",7,"f","u"
"SUR-E4","SUR",8,"f","f"
"SUR-E4","SUR",9,"f","f"
"SUR-E4","SUR",10,"f","f"
"SUR-E4","SUR",11,"f","f"
"SUR-E4","SUR",12,"f","f"
"SUR-E4","SUR",13,"f","f"
"SUR-E4","SUR",14,"f","f"
"SUR-E4","SUR",15,"f","f"
"SUR-E4","SUR",16,"f","f"
"SUR-E4","SUR",17,"f","f"
"SUR-E4","SUR",18,"f","f"
"SUR-E4","SUR",19,"f","p"
"SUR-E4","SUR",20,"f","p"
"SUR-E4","SUR",1,"u","u"
"SUR-E4","SUR",2,"p","p"
"SUR-E4","SUR",3,"p","p"
"SUR-E4","SUR",4,"p","p"
"SUR-E4","SUR",5,"f","f"
"SUR-E4","SUR",6,"f","f"
"SUR-E4","SUR",7,"f","f"
"SUR-E4","SUR",8,"f","f"
"SUR-E4","SUR",9,"f","f"
"SUR-E4","SUR",10,"f","f"
"SUR-E4","SUR",11,"f","f"
"SUR-E4","SUR",12,"f","f"
"SUR-E4","SUR",13,"f","f"
"SUR-E4","SUR",14,"f","f"
"SUR-E4","SUR",15,"f","f"
"SUR-E4","SUR",16,"f","f"
"SUR-E4","SUR",17,"f","f"
"SUR-E4","SUR",18,"f","f"
"SUR-E4","SUR",19,"f","f"
"SUR-E4","SUR",20,"f","f"
"SUR-E4","SUR",1,"p","u"
"SUR-E4","SUR",2,"p","u"
"SUR-E4","SUR",3,"p","u"
"SUR-E4","SUR",4,"p","p"
"SUR-E4","SUR",5,"p","f"
"SUR-E4","SUR",6,"f","f"
"SUR-E4","SUR",7,"f","f"
"SUR-E4","SUR",8,"f","f"
"SUR-E4","SUR",9,"f","f"
"SUR-E4","SUR",10,"f","f"
"SUR-E4","SUR",11,"f","f"
"SUR-E4","SUR",12,"f","f"
"SUR-E4","SUR",13,"f","f"
"SUR-E4","SUR",14,"f","f"
"SUR-E4","SUR",15,"f","f"
"SUR-E4","SUR",16,"f","f"
"SUR-E4","SUR",17,"f","f"
"SUR-E4","SUR",18,"f","f"
"SUR-E4","SUR",19,"f","f"
"SUR-E4","SUR",20,"f","f"
"SUR-H2","SUR",1,"u","u"
"SUR-H2","SUR",2,"u","u"
"SUR-H2","SUR",3,"u","u"
"SUR-H2","SUR",4,"u","u"
"SUR-H2","SUR",5,"u","u"
"SUR-H2","SUR",6,"u","u"
"SUR-H2","SUR",7,"u","u"
"SUR-H2","SUR",8,"f","f"
"SUR-H2","SUR",9,"f","f"
"SUR-H2","SUR",10,"p","p"
"SUR-H2","SUR",11,"p","p"
"SUR-H2","SUR",12,"p","p"
"SUR-H2","SUR",13,"d","d"
"SUR-H2","SUR",14,"d","d"
"SUR-H2","SUR",15,"d","d"
"SUR-H2","SUR",16,"d","d"
"SUR-H2","SUR",17,"f","f"
"SUR-H2","SUR",18,"f","f"
"SUR-H2","SUR",19,"f","f"
"SUR-H2","SUR",20,"f","f"
"SUR-H2","SUR",1,"u","u"
"SUR-H2","SUR",2,"u","u"
"SUR-H2","SUR",3,"u","u"
"SUR-H2","SUR",4,"u","u"
"SUR-H2","SUR",5,"u","u"
"SUR-H2","SUR",6,"u","u"
"SUR-H2","SUR",7,"u","u"
"SUR-H2","SUR",8,"f","f"
"SUR-H2","SUR",9,"f","f"
"SUR-H2","SUR",10,"f","f"
"SUR-H2","SUR",11,"p","p"
"SUR-H2","SUR",12,"p","p"
"SUR-H2","SUR",13,"p","p"
"SUR-H2","SUR",14,"d","d"
"SUR-H2","SUR",15,"d","d"
"SUR-H2","SUR",16,"d","d"
"SUR-H2","SUR",17,"f","f"
"SUR-H2","SUR",18,"f","f"
"SUR-H2","SUR",19,"f","f"
"SUR-H2","SUR",20,"f","f"
"SUR-H2","SUR",1,"u","u"
"SUR-H2","SUR",2,"u","u"
"SUR-H2","SUR",3,"u","u"
"SUR-H2","SUR",4,"u","u"
"SUR-H2","SUR",5,"u","u"
"SUR-H2","SUR",6,"u","u"
"SUR-H2","SUR",7,"u","u"
"SUR-H2","SUR",8,"u","u"
"SUR-H2","SUR",9,"f","f"
"SUR-H2","SUR",10,"f","f"
"SUR-H2","SUR",11,"d","d"
"SUR-H2","SUR",12,"d","d"
"SUR-H2","SUR",13,"d","d"
"SUR-H2","SUR",14,"d","d"
"SUR-H2","SUR",15,"d","d"
"SUR-H2","SUR",16,"d","d"
"SUR-H2","SUR",17,"d","d"
"SUR-H2","SUR",18,"f","f"
"SUR-H2","SUR",19,"f","f"
"SUR-H2","SUR",20,"f","f"
"SUR-H2","SUR",1,"u","u"
"SUR-H2","SUR",2,"u","u"
"SUR-H2","SUR",3,"u","u"
"SUR-H2","SUR",4,"u","u"
"SUR-H2","SUR",5,"u","u"
"SUR-H2","SUR",6,"u","u"
"SUR-H2","SUR",7,"u","u"
"SUR-H2","SUR",8,"f","f"
"SUR-H2","SUR",9,"f","f"
"SUR-H2","SUR",10,"f","f"
"SUR-H2","SUR",11,"p","p"
"SUR-H2","SUR",12,"p","p"
"SUR-H2","SUR",13,"p","p"
"SUR-H2","SUR",14,"d","d"
"SUR-H2","SUR",15,"d","d"
"SUR-H2","SUR",16,"d","d"
"SUR-H2","SUR",17,"d","d"
"SUR-H2","SUR",18,"f","f"
"SUR-H2","SUR",19,"f","f"
"SUR-H2","SUR",20,"f","f"
"SUR-K1","SUR",1,"p","p"
"SUR-K1","SUR",2,"p","p"
"SUR-K1","SUR",3,"u","u"
"SUR-K1","SUR",4,"d","d"
"SUR-K1","SUR",5,"u","u"
"SUR-K1","SUR",6,"f","f"
"SUR-K1","SUR",7,"f","f"
"SUR-K1","SUR",8,"f","f"
"SUR-K1","SUR",9,"f","f"
"SUR-K1","SUR",10,"f","f"
"SUR-K1","SUR",11,"f","f"
"SUR-K1","SUR",12,"f","f"
"SUR-K1","SUR",13,"f","f"
"SUR-K1","SUR",14,"f","f"
"SUR-K1","SUR",15,"f","f"
"SUR-K1","SUR",16,"f","f"
"SUR-K1","SUR",17,"f","f"
"SUR-K1","SUR",18,"f","f"
"SUR-K1","SUR",19,"f","f"
"SUR-K1","SUR",20,"f","f"
"SUR-K1","SUR",1,"p","p"
"SUR-K1","SUR",2,"p","p"
"SUR-K1","SUR",3,"u","u"
"SUR-K1","SUR",4,"d","d"
"SUR-K1","SUR",5,"u","u"
"SUR-K1","SUR",6,"u","u"
"SUR-K1","SUR",7,"f","f"
"SUR-K1","SUR",8,"f","f"
"SUR-K1","SUR",9,"f","f"
"SUR-K1","SUR",10,"f","f"
"SUR-K1","SUR",11,"f","f"
"SUR-K1","SUR",12,"f","f"
"SUR-K1","SUR",13,"f","f"
"SUR-K1","SUR",14,"f","f"
"SUR-K1","SUR",15,"f","f"
"SUR-K1","SUR",16,"f","f"
"SUR-K1","SUR",17,"f","f"
"SUR-K1","SUR",18,"f","f"
"SUR-K1","SUR",19,"f","f"
"SUR-K1","SUR",20,"f","f"
"SUR-K1","SUR",1,"u","u"
"SUR-K1","SUR",2,"u","u"
"SUR-K1","SUR",3,"u","u"
"SUR-K1","SUR",4,"d","d"
"SUR-K1","SUR",5,"u","u"
"SUR-K1","SUR",6,"f","f"
"SUR-K1","SUR",7,"f","f"
"SUR-K1","SUR",8,"f","f"
"SUR-K1","SUR",9,"f","f"
"SUR-K1","SUR",10,"f","f"
"SUR-K1","SUR",11,"f","f"
"SUR-K1","SUR",12,"f","f"
"SUR-K1","SUR",13,"f","f"
"SUR-K1","SUR",14,"f","f"
"SUR-K1","SUR",15,"f","f"
"SUR-K1","SUR",16,"f","f"
"SUR-K1","SUR",17,"f","f"
"SUR-K1","SUR",18,"f","f"
"SUR-K1","SUR",19,"f","f"
"SUR-K1","SUR",20,"f","f"
"SUR-K1","SUR",1,"u","u"
"SUR-K1","SUR",2,"u","u"
"SUR-K1","SUR",3,"u","u"
"SUR-K1","SUR",4,"d","d"
"SUR-K1","SUR",5,"u","u"
"SUR-K1","SUR",6,"f","f"
"SUR-K1","SUR",7,"f","f"
"SUR-K1","SUR",8,"f","f"
"SUR-K1","SUR",9,"f","f"
"SUR-K1","SUR",10,"f","f"
"SUR-K1","SUR",11,"f","f"
"SUR-K1","SUR",12,"f","f"
"SUR-K1","SUR",13,"f","f"
"SUR-K1","SUR",14,"f","f"
"SUR-K1","SUR",15,"f","f"
"SUR-K1","SUR",16,"f","f"
"SUR-K1","SUR",17,"f","f"
"SUR-K1","SUR",18,"f","f"
"SUR-K1","SUR",19,"f","f"
"SUR-K1","SUR",20,"f","f"
"CCE-I1","CCE",1,"u","u"
"CCE-I1","CCE",2,"f","f"
"CCE-I1","CCE",3,"f","f"
"CCE-I1","CCE",4,"f","f"
"CCE-I1","CCE",5,"f","f"
"CCE-I1","CCE",6,"f","f"
"CCE-I1","CCE",7,"f","f"
"CCE-I1","CCE",8,"f","f"
"CCE-I1","CCE",9,"d","d"
"CCE-I1","CCE",10,"d","d"
"CCE-I1","CCE",11,"d","d"
"CCE-I1","CCE",12,"d","d"
"CCE-I1","CCE",13,"d","d"
"CCE-I1","CCE",14,"u","u"
"CCE-I1","CCE",15,"d","d"
"CCE-I1","CCE",16,"d","d"
"CCE-I1","CCE",17,"d","d"
"CCE-I1","CCE",18,"d","d"
"CCE-I1","CCE",19,"u","u"
"CCE-I1","CCE",20,"d","d"
"CCE-I1","CCE",1,"u","u"
"CCE-I1","CCE",2,"f","f"
"CCE-I1","CCE",3,"f","f"
"CCE-I1","CCE",4,"f","f"
"CCE-I1","CCE",5,"f","f"
"CCE-I1","CCE",6,"f","f"
"CCE-I1","CCE",7,"f","f"
"CCE-I1","CCE",8,"f","f"
"CCE-I1","CCE",9,"d","d"
"CCE-I1","CCE",10,"d","d"
"CCE-I1","CCE",11,"d","d"
"CCE-I1","CCE",12,"d","d"
"CCE-I1","CCE",13,"d","d"
"CCE-I1","CCE",14,"u","u"
"CCE-I1","CCE",15,"d","d"
"CCE-I1","CCE",16,"d","d"
"CCE-I1","CCE",17,"d","d"
"CCE-I1","CCE",18,"u","u"
"CCE-I1","CCE",19,"d","d"
"CCE-I1","CCE",20,"d","d"
"CCE-I1","CCE",1,"u","u"
"CCE-I1","CCE",2,"f","f"
"CCE-I1","CCE",3,"f","f"
"CCE-I1","CCE",4,"f","f"
"CCE-I1","CCE",5,"f","f"
"CCE-I1","CCE",6,"f","f"
"CCE-I1","CCE",7,"f","f"
"CCE-I1","CCE",8,"f","f"
"CCE-I1","CCE",9,"d","d"
"CCE-I1","CCE",10,"d","d"
"CCE-I1","CCE",11,"d","d"
"CCE-I1","CCE",12,"d","d"
"CCE-I1","CCE",13,"d","d"
"CCE-I1","CCE",14,"u","u"
"CCE-I1","CCE",15,"d","d"
"CCE-I1","CCE",16,"d","d"
"CCE-I1","CCE",17,"d","d"
"CCE-I1","CCE",18,"u","u"
"CCE-I1","CCE",19,"d","d"
"CCE-I1","CCE",20,"d","d"
"CCE-J1","CCE",1,"m","m"
"CCE-J1","CCE",2,"m","m"
"CCE-J1","CCE",3,"m","m"
"CCE-J1","CCE",4,"m","m"
"CCE-J1","CCE",5,"m","m"
"CCE-J1","CCE",6,"m","m"
"CCE-J1","CCE",7,"m","m"
"CCE-J1","CCE",8,"m","m"
"CCE-J1","CCE",9,"m","m"
"CCE-J1","CCE",10,"m","m"
"CCE-J1","CCE",11,"d","d"
"CCE-J1","CCE",12,"d","d"
"CCE-J1","CCE",13,"d","d"
"CCE-J1","CCE",14,"d","d"
"CCE-J1","CCE",15,"d","d"
"CCE-J1","CCE",16,"d","d"
"CCE-J1","CCE",17,"p","p"
"CCE-J1","CCE",18,"p","p"
"CCE-J1","CCE",19,"p","p"
"CCE-J1","CCE",20,"p","p"
"CCE-J1","CCE",1,"m","m"
"CCE-J1","CCE",2,"m","m"
"CCE-J1","CCE",3,"m","m"
"CCE-J1","CCE",4,"m","m"
"CCE-J1","CCE",5,"m","m"
"CCE-J1","CCE",6,"m","m"
"CCE-J1","CCE",7,"m","m"
"CCE-J1","CCE",8,"m","m"
"CCE-J1","CCE",9,"m","m"
"CCE-J1","CCE",10,"m","m"
"CCE-J1","CCE",11,"d","d"
"CCE-J1","CCE",12,"d","d"
"CCE-J1","CCE",13,"d","d"
"CCE-J1","CCE",14,"d","d"
"CCE-J1","CCE",15,"d","d"
"CCE-J1","CCE",16,"d","d"
"CCE-J1","CCE",17,"p","p"
"CCE-J1","CCE",18,"p","p"
"CCE-J1","CCE",19,"p","p"
"CCE-J1","CCE",20,"p","p"
"CCE-J1","CCE",1,"m","m"
"CCE-J1","CCE",2,"m","m"
"CCE-J1","CCE",3,"m","m"
"CCE-J1","CCE",4,"m","m"
"CCE-J1","CCE",5,"m","m"
"CCE-J1","CCE",6,"m","m"
"CCE-J1","CCE",7,"m","m"
"CCE-J1","CCE",8,"m","m"
"CCE-J1","CCE",9,"m","m"
"CCE-J1","CCE",10,"m","m"
"CCE-J1","CCE",11,"d","d"
"CCE-J1","CCE",12,"d","d"
"CCE-J1","CCE",13,"d","d"
"CCE-J1","CCE",14,"d","d"
"CCE-J1","CCE",15,"d","d"
"CCE-J1","CCE",16,"d","d"
"CCE-J1","CCE",17,"p","p"
"CCE-J1","CCE",18,"p","p"
"CCE-J1","CCE",19,"p","p"
"CCE-J1","CCE",20,"p","p"
"CCE-J1","CCE",1,"m","m"
"CCE-J1","CCE",2,"m","m"
"CCE-J1","CCE",3,"m","m"
"CCE-J1","CCE",4,"m","m"
"CCE-J1","CCE",5,"m","m"
"CCE-J1","CCE",6,"m","m"
"CCE-J1","CCE",7,"m","m"
"CCE-J1","CCE",8,"m","m"
"CCE-J1","CCE",9,"m","m"
"CCE-J1","CCE",10,"m","m"
"CCE-J1","CCE",11,"d","d"
"CCE-J1","CCE",12,"d","d"
"CCE-J1","CCE",13,"d","d"
"CCE-J1","CCE",14,"d","d"
"CCE-J1","CCE",15,"d","d"
"CCE-J1","CCE",16,"d","d"
"CCE-J1","CCE",17,"d","d"
"CCE-J1","CCE",18,"p","p"
"CCE-J1","CCE",19,"p","p"
"CCE-J1","CCE",20,"p","p"
"CCL-C1","CCL",1,"u","u"
"CCL-C1","CCL",2,"u","u"
"CCL-C1","CCL",3,"u","p"
"CCL-C1","CCL",4,"u","u"
"CCL-C1","CCL",5,"u","u"
"CCL-C1","CCL",6,"p","d"
"CCL-C1","CCL",7,"s","s"
"CCL-C1","CCL",8,"s","s"
"CCL-C1","CCL",9,"s","s"
"CCL-C1","CCL",10,"s","s"
"CCL-C1","CCL",11,"s","s"
"CCL-C1","CCL",12,"s","s"
"CCL-C1","CCL",13,"m","m"
"CCL-C1","CCL",14,"m","m"
"CCL-C1","CCL",15,"m","m"
"CCL-C1","CCL",16,"d","d"
"CCL-C1","CCL",17,"d","d"
"CCL-C1","CCL",18,"s","p"
"CCL-C1","CCL",19,"s","m"
"CCL-C1","CCL",20,"s","m"
"CCL-C1","CCL",1,"u","u"
"CCL-C1","CCL",2,"u","u"
"CCL-C1","CCL",3,"u","u"
"CCL-C1","CCL",4,"u","u"
"CCL-C1","CCL",5,"u","u"
"CCL-C1","CCL",6,"d","d"
"CCL-C1","CCL",7,"s","s"
"CCL-C1","CCL",8,"s","s"
"CCL-C1","CCL",9,"s","s"
"CCL-C1","CCL",10,"s","s"
"CCL-C1","CCL",11,"s","s"
"CCL-C1","CCL",12,"m","m"
"CCL-C1","CCL",13,"m","m"
"CCL-C1","CCL",14,"m","m"
"CCL-C1","CCL",15,"m","m"
"CCL-C1","CCL",16,"d","d"
"CCL-C1","CCL",17,"d","d"
"CCL-C1","CCL",18,"s","s"
"CCL-C1","CCL",19,"s","s"
"CCL-C1","CCL",20,"s","s"
"CCL-C1","CCL",1,"u","u"
"CCL-C1","CCL",2,"u","u"
"CCL-C1","CCL",3,"u","u"
"CCL-C1","CCL",4,"u","u"
"CCL-C1","CCL",5,"u","u"
"CCL-C1","CCL",6,"d","d"
"CCL-C1","CCL",7,"s","s"
"CCL-C1","CCL",8,"s","s"
"CCL-C1","CCL",9,"s","s"
"CCL-C1","CCL",10,"s","s"
"CCL-C1","CCL",11,"s","s"
"CCL-C1","CCL",12,"s","s"
"CCL-C1","CCL",13,"m","m"
"CCL-C1","CCL",14,"m","m"
"CCL-C1","CCL",15,"m","m"
"CCL-C1","CCL",16,"m","m"
"CCL-C1","CCL",17,"d","d"
"CCL-C1","CCL",18,"s","s"
"CCL-C1","CCL",19,"s","s"
"CCL-C1","CCL",20,"s","s"
"CCL-C1","CCL",1,"u","p"
"CCL-C1","CCL",2,"u","u"
"CCL-C1","CCL",3,"u","u"
"CCL-C1","CCL",4,"u","u"
"CCL-C1","CCL",5,"u","u"
"CCL-C1","CCL",6,"d","f"
"CCL-C1","CCL",7,"s","s"
"CCL-C1","CCL",8,"s","s"
"CCL-C1","CCL",9,"s","s"
"CCL-C1","CCL",10,"s","s"
"CCL-C1","CCL",11,"s","s"
"CCL-C1","CCL",12,"s","s"
"CCL-C1","CCL",13,"s","s"
"CCL-C1","CCL",14,"m","m"
"CCL-C1","CCL",15,"m","m"
"CCL-C1","CCL",16,"d","m"
"CCL-C1","CCL",17,"d","d"
"CCL-C1","CCL",18,"s","m"
"CCL-C1","CCL",19,"s","f"
"CCL-C1","CCL",20,"s","f"
"CCL-C2","CCL",1,"u","p"
"CCL-C2","CCL",2,"u","u"
"CCL-C2","CCL",3,"u","u"
"CCL-C2","CCL",4,"u","u"
"CCL-C2","CCL",5,"u","u"
"CCL-C2","CCL",6,"p","p"
"CCL-C2","CCL",7,"m","s"
"CCL-C2","CCL",8,"m","s"
"CCL-C2","CCL",9,"m","s"
"CCL-C2","CCL",10,"m","s"
"CCL-C2","CCL",11,"m","m"
"CCL-C2","CCL",12,"m","m"
"CCL-C2","CCL",13,"m","m"
"CCL-C2","CCL",14,"m","m"
"CCL-C2","CCL",15,"m","f"
"CCL-C2","CCL",16,"d","d"
"CCL-C2","CCL",17,"p","p"
"CCL-C2","CCL",18,"m","f"
"CCL-C2","CCL",19,"m","f"
"CCL-C2","CCL",20,"m","f"
"CCL-C2","CCL",1,"u","u"
"CCL-C2","CCL",2,"u","u"
"CCL-C2","CCL",3,"u","u"
"CCL-C2","CCL",4,"u","u"
"CCL-C2","CCL",5,"u","u"
"CCL-C2","CCL",6,"u","u"
"CCL-C2","CCL",7,"m","m"
"CCL-C2","CCL",8,"m","m"
"CCL-C2","CCL",9,"m","m"
"CCL-C2","CCL",10,"m","m"
"CCL-C2","CCL",11,"m","m"
"CCL-C2","CCL",12,"m","m"
"CCL-C2","CCL",13,"m","m"
"CCL-C2","CCL",14,"m","m"
"CCL-C2","CCL",15,"m","m"
"CCL-C2","CCL",16,"d","d"
"CCL-C2","CCL",17,"p","p"
"CCL-C2","CCL",18,"m","m"
"CCL-C2","CCL",19,"m","m"
"CCL-C2","CCL",20,"m","m"
"CCL-C2","CCL",1,"u","p"
"CCL-C2","CCL",2,"u","u"
"CCL-C2","CCL",3,"u","u"
"CCL-C2","CCL",4,"u","u"
"CCL-C2","CCL",5,"u","u"
"CCL-C2","CCL",6,"p","p"
"CCL-C2","CCL",7,"m","s"
"CCL-C2","CCL",8,"m","s"
"CCL-C2","CCL",9,"m","s"
"CCL-C2","CCL",10,"m","s"
"CCL-C2","CCL",11,"m","s"
"CCL-C2","CCL",12,"m","m"
"CCL-C2","CCL",13,"m","m"
"CCL-C2","CCL",14,"m","m"
"CCL-C2","CCL",15,"m","m"
"CCL-C2","CCL",16,"d","d"
"CCL-C2","CCL",17,"p","p"
"CCL-C2","CCL",18,"m","f"
"CCL-C2","CCL",19,"m","f"
"CCL-C2","CCL",20,"m","f"
"CCL-C2","CCL",1,"u","u"
"CCL-C2","CCL",2,"u","u"
"CCL-C2","CCL",3,"u","u"
"CCL-C2","CCL",4,"u","u"
"CCL-C2","CCL",5,"u","u"
"CCL-C2","CCL",6,"p","p"
"CCL-C2","CCL",7,"m","m"
"CCL-C2","CCL",8,"m","m"
"CCL-C2","CCL",9,"m","m"
"CCL-C2","CCL",10,"m","m"
"CCL-C2","CCL",11,"m","m"
"CCL-C2","CCL",12,"m","m"
"CCL-C2","CCL",13,"m","m"
"CCL-C2","CCL",14,"m","m"
"CCL-C2","CCL",15,"m","m"
"CCL-C2","CCL",16,"d","d"
"CCL-C2","CCL",17,"p","p"
"CCL-C2","CCL",18,"m","m"
"CCL-C2","CCL",19,"m","m"
"CCL-C2","CCL",20,"m","m"
"HC1-D1","HC1",1,"p","p"
"HC1-D1","HC1",2,"u","u"
"HC1-D1","HC1",3,"p","p"
"HC1-D1","HC1",4,"p","p"
"HC1-D1","HC1",5,"p","p"
"HC1-D1","HC1",6,"p","p"
"HC1-D1","HC1",7,"p","p"
"HC1-D1","HC1",8,"m","m"
"HC1-D1","HC1",9,"m","m"
"HC1-D1","HC1",10,"m","m"
"HC1-D1","HC1",11,"m","m"
"HC1-D1","HC1",12,"m","m"
"HC1-D1","HC1",13,"m","m"
"HC1-D1","HC1",14,"p","p"
"HC1-D1","HC1",15,"p","p"
"HC1-D1","HC1",16,"p","p"
"HC1-D1","HC1",17,"d","d"
"HC1-D1","HC1",18,"d","d"
"HC1-D1","HC1",19,"d","d"
"HC1-D1","HC1",20,"m","m"
"HC1-D1","HC1",1,"p","p"
"HC1-D1","HC1",2,"u","u"
"HC1-D1","HC1",3,"p","p"
"HC1-D1","HC1",4,"p","p"
"HC1-D1","HC1",5,"p","p"
"HC1-D1","HC1",6,"p","p"
"HC1-D1","HC1",7,"p","p"
"HC1-D1","HC1",8,"m","m"
"HC1-D1","HC1",9,"m","m"
"HC1-D1","HC1",10,"m","m"
"HC1-D1","HC1",11,"m","m"
"HC1-D1","HC1",12,"m","m"
"HC1-D1","HC1",13,"m","m"
"HC1-D1","HC1",14,"m","m"
"HC1-D1","HC1",15,"p","p"
"HC1-D1","HC1",16,"p","p"
"HC1-D1","HC1",17,"d","d"
"HC1-D1","HC1",18,"d","d"
"HC1-D1","HC1",19,"d","d"
"HC1-D1","HC1",20,"m","m"
"HC1-D1","HC1",1,"p","p"
"HC1-D1","HC1",2,"u","u"
"HC1-D1","HC1",3,"p","p"
"HC1-D1","HC1",4,"p","p"
"HC1-D1","HC1",5,"p","p"
"HC1-D1","HC1",6,"p","p"
"HC1-D1","HC1",7,"m","m"
"HC1-D1","HC1",8,"m","m"
"HC1-D1","HC1",9,"m","m"
"HC1-D1","HC1",10,"m","m"
"HC1-D1","HC1",11,"m","m"
"HC1-D1","HC1",12,"m","m"
"HC1-D1","HC1",13,"m","m"
"HC1-D1","HC1",14,"p","p"
"HC1-D1","HC1",15,"p","p"
"HC1-D1","HC1",16,"p","p"
"HC1-D1","HC1",17,"p","p"
"HC1-D1","HC1",18,"d","d"
"HC1-D1","HC1",19,"m","m"
"HC1-D1","HC1",20,"m","m"
"HC1-A2","HC1",1,"u","u"
"HC1-A2","HC1",2,"u","u"
"HC1-A2","HC1",3,"u","u"
"HC1-A2","HC1",4,"u","u"
"HC1-A2","HC1",5,"u","u"
"HC1-A2","HC1",6,"u","u"
"HC1-A2","HC1",7,"u","u"
"HC1-A2","HC1",8,"u","u"
"HC1-A2","HC1",9,"u","u"
"HC1-A2","HC1",10,"m","m"
"HC1-A2","HC1",11,"m","m"
"HC1-A2","HC1",12,"m","m"
"HC1-A2","HC1",13,"m","m"
"HC1-A2","HC1",14,"d","d"
"HC1-A2","HC1",15,"d","d"
"HC1-A2","HC1",16,"d","d"
"HC1-A2","HC1",17,"d","d"
"HC1-A2","HC1",18,"d","d"
"HC1-A2","HC1",19,"d","d"
"HC1-A2","HC1",20,"d","d"
"HC1-A2","HC1",1,"u","u"
"HC1-A2","HC1",2,"u","u"
"HC1-A2","HC1",3,"u","u"
"HC1-A2","HC1",4,"u","u"
"HC1-A2","HC1",5,"u","u"
"HC1-A2","HC1",6,"u","u"
"HC1-A2","HC1",7,"u","u"
"HC1-A2","HC1",8,"u","u"
"HC1-A2","HC1",9,"u","u"
"HC1-A2","HC1",10,"m","m"
"HC1-A2","HC1",11,"m","m"
"HC1-A2","HC1",12,"m","m"
"HC1-A2","HC1",13,"m","m"
"HC1-A2","HC1",14,"m","m"
"HC1-A2","HC1",15,"d","d"
"HC1-A2","HC1",16,"d","d"
"HC1-A2","HC1",17,"d","d"
"HC1-A2","HC1",18,"d","d"
"HC1-A2","HC1",19,"d","d"
"HC1-A2","HC1",20,"d","d"
"HC1-A2","HC1",1,"u","u"
"HC1-A2","HC1",2,"u","u"
"HC1-A2","HC1",3,"u","u"
"HC1-A2","HC1",4,"u","u"
"HC1-A2","HC1",5,"u","u"
"HC1-A2","HC1",6,"u","u"
"HC1-A2","HC1",7,"u","u"
"HC1-A2","HC1",8,"u","u"
"HC1-A2","HC1",9,"u","u"
"HC1-A2","HC1",10,"m","m"
"HC1-A2","HC1",11,"m","m"
"HC1-A2","HC1",12,"m","m"
"HC1-A2","HC1",13,"m","m"
"HC1-A2","HC1",14,"m","m"
"HC1-A2","HC1",15,"d","d"
"HC1-A2","HC1",16,"d","d"
"HC1-A2","HC1",17,"d","d"
"HC1-A2","HC1",18,"d","d"
"HC1-A2","HC1",19,"d","d"
"HC1-A2","HC1",20,"d","d"
"HC1-A2","HC1",1,"u","u"
"HC1-A2","HC1",2,"u","u"
"HC1-A2","HC1",3,"u","u"
"HC1-A2","HC1",4,"u","u"
"HC1-A2","HC1",5,"u","u"
"HC1-A2","HC1",6,"u","u"
"HC1-A2","HC1",7,"u","u"
"HC1-A2","HC1",8,"u","u"
"HC1-A2","HC1",9,"m","m"
"HC1-A2","HC1",10,"m","m"
"HC1-A2","HC1",11,"m","m"
"HC1-A2","HC1",12,"m","m"
"HC1-A2","HC1",13,"m","m"
"HC1-A2","HC1",14,"m","m"
"HC1-A2","HC1",15,"d","d"
"HC1-A2","HC1",16,"d","d"
"HC1-A2","HC1",17,"d","d"
"HC1-A2","HC1",18,"d","d"
"HC1-A2","HC1",19,"d","d"
"HC1-A2","HC1",20,"d","d"
"HC1-L1","HC1",1,"p","p"
"HC1-L1","HC1",2,"p","p"
"HC1-L1","HC1",3,"p","p"
"HC1-L1","HC1",4,"p","p"
"HC1-L1","HC1",5,"p","p"
"HC1-L1","HC1",6,"s","s"
"HC1-L1","HC1",7,"s","s"
"HC1-L1","HC1",8,"p","p"
"HC1-L1","HC1",9,"p","p"
"HC1-L1","HC1",10,"m","m"
"HC1-L1","HC1",11,"m","m"
"HC1-L1","HC1",12,"m","m"
"HC1-L1","HC1",13,"m","m"
"HC1-L1","HC1",14,"p","p"
"HC1-L1","HC1",15,"p","p"
"HC1-L1","HC1",16,"p","p"
"HC1-L1","HC1",17,"p","p"
"HC1-L1","HC1",18,"p","p"
"HC1-L1","HC1",19,"s","s"
"HC1-L1","HC1",20,"s","s"
"HC1-L1","HC1",1,"p","p"
"HC1-L1","HC1",2,"p","p"
"HC1-L1","HC1",3,"p","p"
"HC1-L1","HC1",4,"p","p"
"HC1-L1","HC1",5,"p","p"
"HC1-L1","HC1",6,"s","s"
"HC1-L1","HC1",7,"s","s"
"HC1-L1","HC1",8,"p","p"
"HC1-L1","HC1",9,"p","p"
"HC1-L1","HC1",10,"m","m"
"HC1-L1","HC1",11,"m","m"
"HC1-L1","HC1",12,"m","m"
"HC1-L1","HC1",13,"m","m"
"HC1-L1","HC1",14,"p","p"
"HC1-L1","HC1",15,"p","p"
"HC1-L1","HC1",16,"p","p"
"HC1-L1","HC1",17,"p","p"
"HC1-L1","HC1",18,"p","p"
"HC1-L1","HC1",19,"s","s"
"HC1-L1","HC1",20,"s","s"
"HC1-L1","HC1",1,"p","p"
"HC1-L1","HC1",2,"p","p"
"HC1-L1","HC1",3,"p","p"
"HC1-L1","HC1",4,"p","p"
"HC1-L1","HC1",5,"p","p"
"HC1-L1","HC1",6,"s","s"
"HC1-L1","HC1",7,"s","s"
"HC1-L1","HC1",8,"p","p"
"HC1-L1","HC1",9,"p","p"
"HC1-L1","HC1",10,"m","m"
"HC1-L1","HC1",11,"m","m"
"HC1-L1","HC1",12,"m","m"
"HC1-L1","HC1",13,"m","m"
"HC1-L1","HC1",14,"m","m"
"HC1-L1","HC1",15,"p","p"
"HC1-L1","HC1",16,"p","p"
"HC1-L1","HC1",17,"p","p"
"HC1-L1","HC1",18,"p","p"
"HC1-L1","HC1",19,"s","s"
"HC1-L1","HC1",20,"s","s"
"HC1-L1","HC1",1,"p","p"
"HC1-L1","HC1",2,"p","p"
"HC1-L1","HC1",3,"p","p"
"HC1-L1","HC1",4,"p","p"
"HC1-L1","HC1",5,"p","p"
"HC1-L1","HC1",6,"s","s"
"HC1-L1","HC1",7,"s","s"
"HC1-L1","HC1",8,"p","p"
"HC1-L1","HC1",9,"p","p"
"HC1-L1","HC1",10,"m","m"
"HC1-L1","HC1",11,"m","m"
"HC1-L1","HC1",12,"m","m"
"HC1-L1","HC1",13,"m","m"
"HC1-L1","HC1",14,"p","p"
"HC1-L1","HC1",15,"p","p"
"HC1-L1","HC1",16,"p","p"
"HC1-L1","HC1",17,"p","p"
"HC1-L1","HC1",18,"p","p"
"HC1-L1","HC1",19,"s","s"
"HC1-L1","HC1",20,"s","s"
"SAT-G1","SAT",1,"u","u"
"SAT-G1","SAT",2,"u","u"
"SAT-G1","SAT",3,"s","s"
"SAT-G1","SAT",4,"s","s"
"SAT-G1","SAT",5,"s","s"
"SAT-G1","SAT",6,"s","s"
"SAT-G1","SAT",7,"s","s"
"SAT-G1","SAT",8,"s","s"
"SAT-G1","SAT",9,"s","s"
"SAT-G1","SAT",10,"s","s"
"SAT-G1","SAT",11,"s","s"
"SAT-G1","SAT",12,"s","s"
"SAT-G1","SAT",13,"m","m"
"SAT-G1","SAT",14,"m","m"
"SAT-G1","SAT",15,"m","m"
"SAT-G1","SAT",16,"m","m"
"SAT-G1","SAT",17,"m","m"
"SAT-G1","SAT",18,"m","m"
"SAT-G1","SAT",19,"m","m"
"SAT-G1","SAT",20,"m","m"
"SAT-G1","SAT",1,"u","u"
"SAT-G1","SAT",2,"u","u"
"SAT-G1","SAT",3,"s","s"
"SAT-G1","SAT",4,"s","s"
"SAT-G1","SAT",5,"s","s"
"SAT-G1","SAT",6,"s","s"
"SAT-G1","SAT",7,"s","s"
"SAT-G1","SAT",8,"s","s"
"SAT-G1","SAT",9,"s","s"
"SAT-G1","SAT",10,"s","s"
"SAT-G1","SAT",11,"s","s"
"SAT-G1","SAT",12,"s","s"
"SAT-G1","SAT",13,"m","m"
"SAT-G1","SAT",14,"m","m"
"SAT-G1","SAT",15,"m","m"
"SAT-G1","SAT",16,"m","m"
"SAT-G1","SAT",17,"m","m"
"SAT-G1","SAT",18,"m","m"
"SAT-G1","SAT",19,"m","m"
"SAT-G1","SAT",20,"m","m"
"SAT-G1","SAT",1,"u","u"
"SAT-G1","SAT",2,"u","u"
"SAT-G1","SAT",3,"s","s"
"SAT-G1","SAT",4,"s","s"
"SAT-G1","SAT",5,"s","s"
"SAT-G1","SAT",6,"s","s"
"SAT-G1","SAT",7,"s","s"
"SAT-G1","SAT",8,"s","s"
"SAT-G1","SAT",9,"s","s"
"SAT-G1","SAT",10,"s","s"
"SAT-G1","SAT",11,"s","s"
"SAT-G1","SAT",12,"m","m"
"SAT-G1","SAT",13,"m","m"
"SAT-G1","SAT",14,"m","m"
"SAT-G1","SAT",15,"m","m"
"SAT-G1","SAT",16,"m","m"
"SAT-G1","SAT",17,"m","m"
"SAT-G1","SAT",18,"m","m"
"SAT-G1","SAT",19,"m","m"
"SAT-G1","SAT",20,"m","m"
"SUR-G1","SUR",1,"p","p"
"SUR-G1","SUR",2,"p","p"
"SUR-G1","SUR",3,"p","p"
"SUR-G1","SUR",4,"p","p"
"SUR-G1","SUR",5,"p","p"
"SUR-G1","SUR",6,"m","m"
"SUR-G1","SUR",7,"m","m"
"SUR-G1","SUR",8,"m","m"
"SUR-G1","SUR",9,"m","m"
"SUR-G1","SUR",10,"m","m"
"SUR-G1","SUR",11,"m","m"
"SUR-G1","SUR",12,"m","m"
"SUR-G1","SUR",13,"m","m"
"SUR-G1","SUR",14,"m","m"
"SUR-G1","SUR",15,"m","m"
"SUR-G1","SUR",16,"m","m"
"SUR-G1","SUR",17,"m","m"
"SUR-G1","SUR",18,"m","m"
"SUR-G1","SUR",19,"m","m"
"SUR-G1","SUR",20,"m","m"
"SUR-G1","SUR",1,"p","p"
"SUR-G1","SUR",2,"p","p"
"SUR-G1","SUR",3,"p","p"
"SUR-G1","SUR",4,"p","p"
"SUR-G1","SUR",5,"m","m"
"SUR-G1","SUR",6,"m","m"
"SUR-G1","SUR",7,"m","m"
"SUR-G1","SUR",8,"m","m"
"SUR-G1","SUR",9,"m","m"
"SUR-G1","SUR",10,"m","m"
"SUR-G1","SUR",11,"m","m"
"SUR-G1","SUR",12,"m","m"
"SUR-G1","SUR",13,"m","m"
"SUR-G1","SUR",14,"m","m"
"SUR-G1","SUR",15,"m","m"
"SUR-G1","SUR",16,"m","m"
"SUR-G1","SUR",17,"m","m"
"SUR-G1","SUR",18,"m","m"
"SUR-G1","SUR",19,"m","m"
"SUR-G1","SUR",20,"m","m"
"SUR-G1","SUR",1,"p","p"
"SUR-G1","SUR",2,"p","p"
"SUR-G1","SUR",3,"p","p"
"SUR-G1","SUR",4,"p","p"
"SUR-G1","SUR",5,"p","p"
"SUR-G1","SUR",6,"m","m"
"SUR-G1","SUR",7,"m","m"
"SUR-G1","SUR",8,"m","m"
"SUR-G1","SUR",9,"m","m"
"SUR-G1","SUR",10,"m","m"
"SUR-G1","SUR",11,"m","m"
"SUR-G1","SUR",12,"m","m"
"SUR-G1","SUR",13,"m","m"
"SUR-G1","SUR",14,"m","m"
"SUR-G1","SUR",15,"m","m"
"SUR-G1","SUR",16,"m","m"
"SUR-G1","SUR",17,"m","m"
"SUR-G1","SUR",18,"m","m"
"SUR-G1","SUR",19,"m","m"
"SUR-G1","SUR",20,"m","m"
"SUR-G1","SUR",1,"p","p"
"SUR-G1","SUR",2,"p","p"
"SUR-G1","SUR",3,"p","p"
"SUR-G1","SUR",4,"p","p"
"SUR-G1","SUR",5,"m","m"
"SUR-G1","SUR",6,"m","m"
"SUR-G1","SUR",7,"m","m"
"SUR-G1","SUR",8,"m","m"
"SUR-G1","SUR",9,"m","m"
"SUR-G1","SUR",10,"m","m"
"SUR-G1","SUR",11,"m","m"
"SUR-G1","SUR",12,"m","m"
"SUR-G1","SUR",13,"m","m"
"SUR-G1","SUR",14,"m","m"
"SUR-G1","SUR",15,"m","m"
"SUR-G1","SUR",16,"m","m"
"SUR-G1","SUR",17,"m","m"
"SUR-G1","SUR",18,"m","m"
"SUR-G1","SUR",19,"m","m"
"SUR-G1","SUR",20,"m","m"
"TR1-A1","TR1",1,"d","d"
"TR1-A1","TR1",2,"p","p"
"TR1-A1","TR1",3,"p","p"
"TR1-A1","TR1",4,"p","p"
"TR1-A1","TR1",5,"m","m"
"TR1-A1","TR1",6,"m","m"
"TR1-A1","TR1",7,"m","m"
"TR1-A1","TR1",8,"m","m"
"TR1-A1","TR1",9,"m","m"
"TR1-A1","TR1",10,"m","m"
"TR1-A1","TR1",11,"p","p"
"TR1-A1","TR1",12,"p","p"
"TR1-A1","TR1",13,"p","p"
"TR1-A1","TR1",14,"u","u"
"TR1-A1","TR1",15,"p","p"
"TR1-A1","TR1",16,"p","p"
"TR1-A1","TR1",17,"p","p"
"TR1-A1","TR1",18,"p","p"
"TR1-A1","TR1",19,"p","p"
"TR1-A1","TR1",20,"d","d"
"TR1-A1","TR1",1,"d","d"
"TR1-A1","TR1",2,"d","d"
"TR1-A1","TR1",3,"p","p"
"TR1-A1","TR1",4,"p","p"
"TR1-A1","TR1",5,"m","m"
"TR1-A1","TR1",6,"m","m"
"TR1-A1","TR1",7,"m","m"
"TR1-A1","TR1",8,"m","m"
"TR1-A1","TR1",9,"m","m"
"TR1-A1","TR1",10,"m","m"
"TR1-A1","TR1",11,"p","p"
"TR1-A1","TR1",12,"p","p"
"TR1-A1","TR1",13,"p","p"
"TR1-A1","TR1",14,"u","u"
"TR1-A1","TR1",15,"p","p"
"TR1-A1","TR1",16,"p","p"
"TR1-A1","TR1",17,"p","p"
"TR1-A1","TR1",18,"p","p"
"TR1-A1","TR1",19,"d","d"
"TR1-A1","TR1",20,"d","d"
"TR1-A1","TR1",1,"d","d"
"TR1-A1","TR1",2,"p","p"
"TR1-A1","TR1",3,"p","p"
"TR1-A1","TR1",4,"p","p"
"TR1-A1","TR1",5,"m","m"
"TR1-A1","TR1",6,"m","m"
"TR1-A1","TR1",7,"m","m"
"TR1-A1","TR1",8,"m","m"
"TR1-A1","TR1",9,"m","m"
"TR1-A1","TR1",10,"m","m"
"TR1-A1","TR1",11,"p","p"
"TR1-A1","TR1",12,"p","p"
"TR1-A1","TR1",13,"p","p"
"TR1-A1","TR1",14,"u","u"
"TR1-A1","TR1",15,"p","p"
"TR1-A1","TR1",16,"p","p"
"TR1-A1","TR1",17,"p","p"
"TR1-A1","TR1",18,"p","p"
"TR1-A1","TR1",19,"p","p"
"TR1-A1","TR1",20,"d","d"
"TR1-A1","TR1",1,"d","d"
"TR1-A1","TR1",2,"d","d"
"TR1-A1","TR1",3,"p","p"
"TR1-A1","TR1",4,"p","p"
"TR1-A1","TR1",5,"m","m"
"TR1-A1","TR1",6,"m","m"
"TR1-A1","TR1",7,"m","m"
"TR1-A1","TR1",8,"m","m"
"TR1-A1","TR1",9,"m","m"
"TR1-A1","TR1",10,"m","m"
"TR1-A1","TR1",11,"p","p"
"TR1-A1","TR1",12,"p","p"
"TR1-A1","TR1",13,"p","p"
"TR1-A1","TR1",14,"u","u"
"TR1-A1","TR1",15,"p","p"
"TR1-A1","TR1",16,"p","p"
"TR1-A1","TR1",17,"p","p"
"TR1-A1","TR1",18,"p","p"
"TR1-A1","TR1",19,"p","p"
"TR1-A1","TR1",20,"d","d"
"TR1-D2","TR1",1,"p","p"
"TR1-D2","TR1",2,"p","p"
"TR1-D2","TR1",3,"p","p"
"TR1-D2","TR1",4,"u","u"
"TR1-D2","TR1",5,"u","u"
"TR1-D2","TR1",6,"u","u"
"TR1-D2","TR1",7,"u","u"
"TR1-D2","TR1",8,"p","p"
"TR1-D2","TR1",9,"p","p"
"TR1-D2","TR1",10,"m","m"
"TR1-D2","TR1",11,"m","m"
"TR1-D2","TR1",12,"m","m"
"TR1-D2","TR1",13,"m","m"
"TR1-D2","TR1",14,"m","m"
"TR1-D2","TR1",15,"m","m"
"TR1-D2","TR1",16,"m","m"
"TR1-D2","TR1",17,"m","m"
"TR1-D2","TR1",18,"p","p"
"TR1-D2","TR1",19,"p","p"
"TR1-D2","TR1",20,"p","p"
"TR1-D2","TR1",1,"p","p"
"TR1-D2","TR1",2,"p","p"
"TR1-D2","TR1",3,"p","u"
"TR1-D2","TR1",4,"u","u"
"TR1-D2","TR1",5,"u","u"
"TR1-D2","TR1",6,"u","u"
"TR1-D2","TR1",7,"u","u"
"TR1-D2","TR1",8,"u","u"
"TR1-D2","TR1",9,"u","p"
"TR1-D2","TR1",10,"u","s"
"TR1-D2","TR1",11,"m","s"
"TR1-D2","TR1",12,"m","s"
"TR1-D2","TR1",13,"m","m"
"TR1-D2","TR1",14,"m","m"
"TR1-D2","TR1",15,"m","m"
"TR1-D2","TR1",16,"m","f"
"TR1-D2","TR1",17,"m","f"
"TR1-D2","TR1",18,"d","d"
"TR1-D2","TR1",19,"d","d"
"TR1-D2","TR1",20,"d","d"
"TR1-D2","TR1",1,"p","p"
"TR1-D2","TR1",2,"p","p"
"TR1-D2","TR1",3,"u","u"
"TR1-D2","TR1",4,"u","u"
"TR1-D2","TR1",5,"u","u"
"TR1-D2","TR1",6,"u","u"
"TR1-D2","TR1",7,"u","u"
"TR1-D2","TR1",8,"u","u"
"TR1-D2","TR1",9,"u","u"
"TR1-D2","TR1",10,"u","u"
"TR1-D2","TR1",11,"m","m"
"TR1-D2","TR1",12,"m","m"
"TR1-D2","TR1",13,"m","m"
"TR1-D2","TR1",14,"m","m"
"TR1-D2","TR1",15,"m","m"
"TR1-D2","TR1",16,"m","m"
"TR1-D2","TR1",17,"d","d"
"TR1-D2","TR1",18,"d","d"
"TR1-D2","TR1",19,"d","d"
"TR1-D2","TR1",20,"d","d"
"TR1-D2","TR1",1,"p","p"
"TR1-D2","TR1",2,"p","p"
"TR1-D2","TR1",3,"u","u"
"TR1-D2","TR1",4,"u","u"
"TR1-D2","TR1",5,"u","u"
"TR1-D2","TR1",6,"u","u"
"TR1-D2","TR1",7,"u","u"
"TR1-D2","TR1",8,"u","p"
"TR1-D2","TR1",9,"u","p"
"TR1-D2","TR1",10,"m","s"
"TR1-D2","TR1",11,"m","s"
"TR1-D2","TR1",12,"m","s"
"TR1-D2","TR1",13,"m","m"
"TR1-D2","TR1",14,"m","m"
"TR1-D2","TR1",15,"m","f"
"TR1-D2","TR1",16,"m","f"
"TR1-D2","TR1",17,"m","d"
"TR1-D2","TR1",18,"d","d"
"TR1-D2","TR1",19,"d","d"
"TR1-D2","TR1",20,"d","d"
"TR1-C4","TR1",1,"u","u"
"TR1-C4","TR1",2,"u","d"
"TR1-C4","TR1",3,"d","d"
"TR1-C4","TR1",4,"d","d"
"TR1-C4","TR1",5,"d","d"
"TR1-C4","TR1",6,"d","d"
"TR1-C4","TR1",7,"m","s"
"TR1-C4","TR1",8,"m","s"
"TR1-C4","TR1",9,"m","s"
"TR1-C4","TR1",10,"m","s"
"TR1-C4","TR1",11,"m","s"
"TR1-C4","TR1",12,"m","s"
"TR1-C4","TR1",13,"m","s"
"TR1-C4","TR1",14,"m","s"
"TR1-C4","TR1",15,"m","s"
"TR1-C4","TR1",16,"m","m"
"TR1-C4","TR1",17,"m","m"
"TR1-C4","TR1",18,"m","m"
"TR1-C4","TR1",19,"m","m"
"TR1-C4","TR1",20,"m","m"
"TR1-C2","TR1",1,"m","m"
"TR1-C2","TR1",2,"m","m"
"TR1-C2","TR1",3,"m","m"
"TR1-C2","TR1",4,"m","m"
"TR1-C2","TR1",5,"m","m"
"TR1-C2","TR1",6,"m","m"
"TR1-C2","TR1",7,"m","m"
"TR1-C2","TR1",8,"m","m"
"TR1-C2","TR1",9,"m","m"
"TR1-C2","TR1",10,"m","m"
"TR1-C2","TR1",11,"m","m"
"TR1-C2","TR1",12,"m","m"
"TR1-C2","TR1",13,"m","m"
"TR1-C2","TR1",14,"m","m"
"TR1-C2","TR1",15,"m","m"
"TR1-C2","TR1",16,"m","m"
"TR1-C2","TR1",17,"m","m"
"TR1-C2","TR1",18,"m","m"
"TR1-C2","TR1",19,"m","m"
"TR1-C2","TR1",20,"m","m"
"TR1-C2","TR1",1,"m","m"
"TR1-C2","TR1",2,"m","m"
"TR1-C2","TR1",3,"m","m"
"TR1-C2","TR1",4,"m","m"
"TR1-C2","TR1",5,"m","m"
"TR1-C2","TR1",6,"m","m"
"TR1-C2","TR1",7,"m","m"
"TR1-C2","TR1",8,"m","m"
"TR1-C2","TR1",9,"m","m"
"TR1-C2","TR1",10,"m","m"
"TR1-C2","TR1",11,"m","m"
"TR1-C2","TR1",12,"m","m"
"TR1-C2","TR1",13,"m","m"
"TR1-C2","TR1",14,"m","m"
"TR1-C2","TR1",15,"m","m"
"TR1-C2","TR1",16,"m","m"
"TR1-C2","TR1",17,"m","m"
"TR1-C2","TR1",18,"m","m"
"TR1-C2","TR1",19,"m","m"
"TR1-C2","TR1",20,"m","m"
"TR1-C2","TR1",1,"m","m"
"TR1-C2","TR1",2,"m","m"
"TR1-C2","TR1",3,"m","m"
"TR1-C2","TR1",4,"m","m"
"TR1-C2","TR1",5,"m","m"
"TR1-C2","TR1",6,"m","m"
"TR1-C2","TR1",7,"m","m"
"TR1-C2","TR1",8,"m","m"
"TR1-C2","TR1",9,"m","m"
"TR1-C2","TR1",10,"m","m"
"TR1-C2","TR1",11,"m","m"
"TR1-C2","TR1",12,"m","m"
"TR1-C2","TR1",13,"m","m"
"TR1-C2","TR1",14,"m","m"
"TR1-C2","TR1",15,"m","m"
"TR1-C2","TR1",16,"m","m"
"TR1-C2","TR1",17,"m","m"
"TR1-C2","TR1",18,"m","m"
"TR1-C2","TR1",19,"m","m"
"TR1-C2","TR1",20,"m","m"
"TR1-C2","TR1",1,"m","m"
"TR1-C2","TR1",2,"m","m"
"TR1-C2","TR1",3,"m","m"
"TR1-C2","TR1",4,"m","m"
"TR1-C2","TR1",5,"m","m"
"TR1-C2","TR1",6,"m","m"
"TR1-C2","TR1",7,"m","m"
"TR1-C2","TR1",8,"m","m"
"TR1-C2","TR1",9,"m","m"
"TR1-C2","TR1",10,"m","m"
"TR1-C2","TR1",11,"m","m"
"TR1-C2","TR1",12,"m","m"
"TR1-C2","TR1",13,"m","m"
"TR1-C2","TR1",14,"m","m"
"TR1-C2","TR1",15,"m","m"
"TR1-C2","TR1",16,"m","m"
"TR1-C2","TR1",17,"m","m"
"TR1-C2","TR1",18,"m","m"
"TR1-C2","TR1",19,"m","m"
"TR1-C2","TR1",20,"m","m"
"TR1-C5","TR1",1,"p","u"
"TR1-C5","TR1",2,"p","u"
"TR1-C5","TR1",3,"p","u"
"TR1-C5","TR1",4,"p","p"
"TR1-C5","TR1",5,"p","u"
"TR1-C5","TR1",6,"p","u"
"TR1-C5","TR1",7,"p","u"
"TR1-C5","TR1",8,"m","s"
"TR1-C5","TR1",9,"m","s"
"TR1-C5","TR1",10,"m","s"
"TR1-C5","TR1",11,"m","s"
"TR1-C5","TR1",12,"m","s"
"TR1-C5","TR1",13,"m","s"
"TR1-C5","TR1",14,"m","s"
"TR1-C5","TR1",15,"m","s"
"TR1-C5","TR1",16,"m","s"
"TR1-C5","TR1",17,"m","s"
"TR1-C5","TR1",18,"m","s"
"TR1-C5","TR1",19,"m","s"
"TR1-C5","TR1",20,"m","s"
"TR1-C5","TR1",1,"p","u"
"TR1-C5","TR1",2,"p","u"
"TR1-C5","TR1",3,"p","u"
"TR1-C5","TR1",4,"p","u"
"TR1-C5","TR1",5,"p","u"
"TR1-C5","TR1",6,"p","u"
"TR1-C5","TR1",7,"p","u"
"TR1-C5","TR1",8,"m","s"
"TR1-C5","TR1",9,"m","s"
"TR1-C5","TR1",10,"m","s"
"TR1-C5","TR1",11,"m","s"
"TR1-C5","TR1",12,"m","s"
"TR1-C5","TR1",13,"m","s"
"TR1-C5","TR1",14,"m","s"
"TR1-C5","TR1",15,"m","s"
"TR1-C5","TR1",16,"m","s"
"TR1-C5","TR1",17,"m","s"
"TR1-C5","TR1",18,"m","s"
"TR1-C5","TR1",19,"m","s"
"TR1-C5","TR1",20,"m","s"
"TR1-C5","TR1",1,"p","p"
"TR1-C5","TR1",2,"p","p"
"TR1-C5","TR1",3,"p","p"
"TR1-C5","TR1",4,"p","p"
"TR1-C5","TR1",5,"p","p"
"TR1-C5","TR1",6,"p","p"
"TR1-C5","TR1",7,"p","p"
"TR1-C5","TR1",8,"m","m"
"TR1-C5","TR1",9,"m","m"
"TR1-C5","TR1",10,"m","m"
"TR1-C5","TR1",11,"m","m"
"TR1-C5","TR1",12,"m","m"
"TR1-C5","TR1",13,"m","m"
"TR1-C5","TR1",14,"m","m"
"TR1-C5","TR1",15,"m","m"
"TR1-C5","TR1",16,"m","m"
"TR1-C5","TR1",17,"m","m"
"TR1-C5","TR1",18,"m","m"
"TR1-C5","TR1",19,"m","m"
"TR1-C5","TR1",20,"m","m"
"TR1-C5","TR1",1,"p","p"
"TR1-C5","TR1",2,"p","p"
"TR1-C5","TR1",3,"p","p"
"TR1-C5","TR1",4,"p","p"
"TR1-C5","TR1",5,"p","p"
"TR1-C5","TR1",6,"p","p"
"TR1-C5","TR1",7,"p","p"
"TR1-C5","TR1",8,"m","m"
"TR1-C5","TR1",9,"m","m"
"TR1-C5","TR1",10,"m","m"
"TR1-C5","TR1",11,"m","m"
"TR1-C5","TR1",12,"m","m"
"TR1-C5","TR1",13,"m","m"
"TR1-C5","TR1",14,"m","m"
"TR1-C5","TR1",15,"m","m"
"TR1-C5","TR1",16,"m","m"
"TR1-C5","TR1",17,"m","m"
"TR1-C5","TR1",18,"m","m"
"TR1-C5","TR1",19,"m","m"
"TR1-C5","TR1",20,"m","m"
"SJA-C1","SJA",1,"u","u"
"SJA-C1","SJA",2,"d","d"
"SJA-C1","SJA",3,"d","d"
"SJA-C1","SJA",4,"m","m"
"SJA-C1","SJA",5,"m","m"
"SJA-C1","SJA",6,"m","m"
"SJA-C1","SJA",7,"m","m"
"SJA-C1","SJA",8,"m","m"
"SJA-C1","SJA",9,"m","m"
"SJA-C1","SJA",10,"m","m"
"SJA-C1","SJA",11,"m","m"
"SJA-C1","SJA",12,"m","m"
"SJA-C1","SJA",13,"m","m"
"SJA-C1","SJA",14,"m","m"
"SJA-C1","SJA",15,"m","m"
"SJA-C1","SJA",16,"m","m"
"SJA-C1","SJA",17,"m","m"
"SJA-C1","SJA",18,"m","m"
"SJA-C1","SJA",19,"m","m"
"SJA-C1","SJA",20,"m","m"
"SJA-C1","SJA",1,"u","u"
"SJA-C1","SJA",2,"d","d"
"SJA-C1","SJA",3,"d","d"
"SJA-C1","SJA",4,"m","m"
"SJA-C1","SJA",5,"m","m"
"SJA-C1","SJA",6,"m","m"
"SJA-C1","SJA",7,"m","m"
"SJA-C1","SJA",8,"m","m"
"SJA-C1","SJA",9,"m","m"
"SJA-C1","SJA",10,"m","m"
"SJA-C1","SJA",11,"m","m"
"SJA-C1","SJA",12,"m","m"
"SJA-C1","SJA",13,"m","m"
"SJA-C1","SJA",14,"m","m"
"SJA-C1","SJA",15,"m","m"
"SJA-C1","SJA",16,"m","m"
"SJA-C1","SJA",17,"m","m"
"SJA-C1","SJA",18,"m","m"
"SJA-C1","SJA",19,"m","m"
"SJA-C1","SJA",20,"m","m"
"SJA-C1","SJA",1,"u","u"
"SJA-C1","SJA",2,"d","d"
"SJA-C1","SJA",3,"d","d"
"SJA-C1","SJA",4,"m","m"
"SJA-C1","SJA",5,"m","m"
"SJA-C1","SJA",6,"m","m"
"SJA-C1","SJA",7,"m","m"
"SJA-C1","SJA",8,"m","m"
"SJA-C1","SJA",9,"m","m"
"SJA-C1","SJA",10,"m","m"
"SJA-C1","SJA",11,"m","m"
"SJA-C1","SJA",12,"m","m"
"SJA-C1","SJA",13,"m","m"
"SJA-C1","SJA",14,"m","m"
"SJA-C1","SJA",15,"m","m"
"SJA-C1","SJA",16,"m","m"
"SJA-C1","SJA",17,"m","m"
"SJA-C1","SJA",18,"m","m"
"SJA-C1","SJA",19,"m","m"
"SJA-C1","SJA",20,"m","m"
"SJA-C1","SJA",1,"u","u"
"SJA-C1","SJA",2,"d","d"
"SJA-C1","SJA",3,"d","d"
"SJA-C1","SJA",4,"m","m"
"SJA-C1","SJA",5,"m","m"
"SJA-C1","SJA",6,"m","m"
"SJA-C1","SJA",7,"m","m"
"SJA-C1","SJA",8,"m","m"
"SJA-C1","SJA",9,"m","m"
"SJA-C1","SJA",10,"m","m"
"SJA-C1","SJA",11,"m","m"
"SJA-C1","SJA",12,"m","m"
"SJA-C1","SJA",13,"m","m"
"SJA-C1","SJA",14,"m","m"
"SJA-C1","SJA",15,"m","m"
"SJA-C1","SJA",16,"m","m"
"SJA-C1","SJA",17,"m","m"
"SJA-C1","SJA",18,"m","m"
"SJA-C1","SJA",19,"m","m"
"SJA-C1","SJA",20,"m","m"
"SJA-D1","SJA",1,"d","d"
"SJA-D1","SJA",2,"d","d"
"SJA-D1","SJA",3,"p","p"
"SJA-D1","SJA",4,"p","p"
"SJA-D1","SJA",5,"m","m"
"SJA-D1","SJA",6,"m","m"
"SJA-D1","SJA",7,"m","m"
"SJA-D1","SJA",8,"m","m"
"SJA-D1","SJA",9,"m","m"
"SJA-D1","SJA",10,"m","m"
"SJA-D1","SJA",11,"m","m"
"SJA-D1","SJA",12,"m","m"
"SJA-D1","SJA",13,"m","m"
"SJA-D1","SJA",14,"m","m"
"SJA-D1","SJA",15,"m","m"
"SJA-D1","SJA",16,"m","m"
"SJA-D1","SJA",17,"m","m"
"SJA-D1","SJA",18,"m","m"
"SJA-D1","SJA",19,"m","m"
"SJA-D1","SJA",20,"m","m"
"SJA-D1","SJA",1,"d","d"
"SJA-D1","SJA",2,"d","d"
"SJA-D1","SJA",3,"p","p"
"SJA-D1","SJA",4,"p","p"
"SJA-D1","SJA",5,"m","m"
"SJA-D1","SJA",6,"m","m"
"SJA-D1","SJA",7,"m","m"
"SJA-D1","SJA",8,"m","m"
"SJA-D1","SJA",9,"m","m"
"SJA-D1","SJA",10,"m","m"
"SJA-D1","SJA",11,"m","m"
"SJA-D1","SJA",12,"m","m"
"SJA-D1","SJA",13,"m","m"
"SJA-D1","SJA",14,"m","m"
"SJA-D1","SJA",15,"m","m"
"SJA-D1","SJA",16,"m","m"
"SJA-D1","SJA",17,"m","m"
"SJA-D1","SJA",18,"m","m"
"SJA-D1","SJA",19,"m","m"
"SJA-D1","SJA",20,"m","m"
"SJA-D1","SJA",1,"d","d"
"SJA-D1","SJA",2,"d","d"
"SJA-D1","SJA",3,"p","p"
"SJA-D1","SJA",4,"p","p"
"SJA-D1","SJA",5,"p","p"
"SJA-D1","SJA",6,"m","m"
"SJA-D1","SJA",7,"m","m"
"SJA-D1","SJA",8,"m","m"
"SJA-D1","SJA",9,"m","m"
"SJA-D1","SJA",10,"m","m"
"SJA-D1","SJA",11,"m","m"
"SJA-D1","SJA",12,"m","m"
"SJA-D1","SJA",13,"m","m"
"SJA-D1","SJA",14,"m","m"
"SJA-D1","SJA",15,"m","m"
"SJA-D1","SJA",16,"m","m"
"SJA-D1","SJA",17,"m","m"
"SJA-D1","SJA",18,"m","m"
"SJA-D1","SJA",19,"m","m"
"SJA-D1","SJA",20,"m","m"
"SJA-D1","SJA",1,"d","d"
"SJA-D1","SJA",2,"p","p"
"SJA-D1","SJA",3,"p","p"
"SJA-D1","SJA",4,"p","p"
"SJA-D1","SJA",5,"m","m"
"SJA-D1","SJA",6,"m","m"
"SJA-D1","SJA",7,"m","m"
"SJA-D1","SJA",8,"m","m"
"SJA-D1","SJA",9,"m","m"
"SJA-D1","SJA",10,"m","m"
"SJA-D1","SJA",11,"m","m"
"SJA-D1","SJA",12,"m","m"
"SJA-D1","SJA",13,"m","m"
"SJA-D1","SJA",14,"m","m"
"SJA-D1","SJA",15,"m","m"
"SJA-D1","SJA",16,"m","m"
"SJA-D1","SJA",17,"m","m"
"SJA-D1","SJA",18,"m","m"
"SJA-D1","SJA",19,"m","m"
"SJA-D1","SJA",20,"m","m"
"SJA-E1","SJA",1,"m","m"
"SJA-E1","SJA",2,"m","m"
"SJA-E1","SJA",3,"m","m"
"SJA-E1","SJA",4,"m","m"
"SJA-E1","SJA",5,"m","m"
"SJA-E1","SJA",6,"m","m"
"SJA-E1","SJA",7,"m","m"
"SJA-E1","SJA",8,"m","m"
"SJA-E1","SJA",9,"m","m"
"SJA-E1","SJA",10,"m","m"
"SJA-E1","SJA",11,"m","m"
"SJA-E1","SJA",12,"m","m"
"SJA-E1","SJA",13,"m","m"
"SJA-E1","SJA",14,"m","m"
"SJA-E1","SJA",15,"m","m"
"SJA-E1","SJA",16,"m","m"
"SJA-E1","SJA",17,"m","m"
"SJA-E1","SJA",18,"d","d"
"SJA-E1","SJA",19,"d","d"
"SJA-E1","SJA",20,"d","d"
"SJA-E1","SJA",1,"m","u"
"SJA-E1","SJA",2,"m","u"
"SJA-E1","SJA",3,"m","m"
"SJA-E1","SJA",4,"m","m"
"SJA-E1","SJA",5,"m","m"
"SJA-E1","SJA",6,"m","f"
"SJA-E1","SJA",7,"m","f"
"SJA-E1","SJA",8,"m","f"
"SJA-E1","SJA",9,"m","f"
"SJA-E1","SJA",10,"m","f"
"SJA-E1","SJA",11,"m","f"
"SJA-E1","SJA",12,"m","f"
"SJA-E1","SJA",13,"m","f"
"SJA-E1","SJA",14,"m","f"
"SJA-E1","SJA",15,"m","f"
"SJA-E1","SJA",16,"m","f"
"SJA-E1","SJA",17,"m","f"
"SJA-E1","SJA",18,"d","d"
"SJA-E1","SJA",19,"d","d"
"SJA-E1","SJA",20,"d","d"
"SJA-E1","SJA",1,"m","m"
"SJA-E1","SJA",2,"m","m"
"SJA-E1","SJA",3,"m","m"
"SJA-E1","SJA",4,"m","m"
"SJA-E1","SJA",5,"m","m"
"SJA-E1","SJA",6,"m","m"
"SJA-E1","SJA",7,"m","m"
"SJA-E1","SJA",8,"m","m"
"SJA-E1","SJA",9,"m","m"
"SJA-E1","SJA",10,"m","m"
"SJA-E1","SJA",11,"m","m"
"SJA-E1","SJA",12,"m","m"
"SJA-E1","SJA",13,"m","m"
"SJA-E1","SJA",14,"m","m"
"SJA-E1","SJA",15,"m","m"
"SJA-E1","SJA",16,"m","m"
"SJA-E1","SJA",17,"m","m"
"SJA-E1","SJA",18,"d","d"
"SJA-E1","SJA",19,"d","d"
"SJA-E1","SJA",20,"d","d"
"SJA-E1","SJA",1,"m","u"
"SJA-E1","SJA",2,"m","u"
"SJA-E1","SJA",3,"m","f"
"SJA-E1","SJA",4,"m","m"
"SJA-E1","SJA",5,"m","m"
"SJA-E1","SJA",6,"m","m"
"SJA-E1","SJA",7,"m","f"
"SJA-E1","SJA",8,"m","f"
"SJA-E1","SJA",9,"m","f"
"SJA-E1","SJA",10,"m","f"
"SJA-E1","SJA",11,"m","f"
"SJA-E1","SJA",12,"m","f"
"SJA-E1","SJA",13,"m","f"
"SJA-E1","SJA",14,"m","f"
"SJA-E1","SJA",15,"m","f"
"SJA-E1","SJA",16,"m","f"
"SJA-E1","SJA",17,"m","f"
"SJA-E1","SJA",18,"d","d"
"SJA-E1","SJA",19,"d","d"
"SJA-E1","SJA",20,"d","d"
"SJA-C3","SJA",1,"p","p"
"SJA-C3","SJA",2,"p","p"
"SJA-C3","SJA",3,"p","p"
"SJA-C3","SJA",4,"p","p"
"SJA-C3","SJA",5,"m","m"
"SJA-C3","SJA",6,"m","m"
"SJA-C3","SJA",7,"m","m"
"SJA-C3","SJA",8,"m","m"
"SJA-C3","SJA",9,"m","m"
"SJA-C3","SJA",10,"m","m"
"SJA-C3","SJA",11,"m","m"
"SJA-C3","SJA",12,"m","m"
"SJA-C3","SJA",13,"m","m"
"SJA-C3","SJA",14,"m","m"
"SJA-C3","SJA",15,"m","m"
"SJA-C3","SJA",16,"m","m"
"SJA-C3","SJA",17,"m","m"
"SJA-C3","SJA",18,"m","m"
"SJA-C3","SJA",19,"m","m"
"SJA-C3","SJA",20,"m","m"
"SJA-C3","SJA",1,"p","u"
"SJA-C3","SJA",2,"p","p"
"SJA-C3","SJA",3,"p","d"
"SJA-C3","SJA",4,"p","p"
"SJA-C3","SJA",5,"m","f"
"SJA-C3","SJA",6,"m","m"
"SJA-C3","SJA",7,"m","f"
"SJA-C3","SJA",8,"m","m"
"SJA-C3","SJA",9,"m","m"
"SJA-C3","SJA",10,"m","m"
"SJA-C3","SJA",11,"m","f"
"SJA-C3","SJA",12,"m","f"
"SJA-C3","SJA",13,"m","f"
"SJA-C3","SJA",14,"m","f"
"SJA-C3","SJA",15,"m","f"
"SJA-C3","SJA",16,"m","m"
"SJA-C3","SJA",17,"m","m"
"SJA-C3","SJA",18,"m","f"
"SJA-C3","SJA",19,"m","f"
"SJA-C3","SJA",20,"m","f"
"SJA-C3","SJA",1,"p","p"
"SJA-C3","SJA",2,"p","p"
"SJA-C3","SJA",3,"p","p"
"SJA-C3","SJA",4,"p","p"
"SJA-C3","SJA",5,"p","p"
"SJA-C3","SJA",6,"m","m"
"SJA-C3","SJA",7,"m","m"
"SJA-C3","SJA",8,"m","m"
"SJA-C3","SJA",9,"m","m"
"SJA-C3","SJA",10,"m","m"
"SJA-C3","SJA",11,"m","m"
"SJA-C3","SJA",12,"m","m"
"SJA-C3","SJA",13,"m","m"
"SJA-C3","SJA",14,"m","m"
"SJA-C3","SJA",15,"m","m"
"SJA-C3","SJA",16,"m","m"
"SJA-C3","SJA",17,"m","m"
"SJA-C3","SJA",18,"m","m"
"SJA-C3","SJA",19,"m","m"
"SJA-C3","SJA",20,"m","m"
"SJA-C3","SJA",1,"p","p"
"SJA-C3","SJA",2,"p","p"
"SJA-C3","SJA",3,"p","p"
"SJA-C3","SJA",4,"p","p"
"SJA-C3","SJA",5,"m","m"
"SJA-C3","SJA",6,"m","m"
"SJA-C3","SJA",7,"m","m"
"SJA-C3","SJA",8,"m","m"
"SJA-C3","SJA",9,"m","m"
"SJA-C3","SJA",10,"m","m"
"SJA-C3","SJA",11,"m","m"
"SJA-C3","SJA",12,"m","m"
"SJA-C3","SJA",13,"m","m"
"SJA-C3","SJA",14,"m","m"
"SJA-C3","SJA",15,"m","m"
"SJA-C3","SJA",16,"m","m"
"SJA-C3","SJA",17,"m","m"
"SJA-C3","SJA",18,"m","m"
"SJA-C3","SJA",19,"m","m"
"SJA-C3","SJA",20,"m","m"
"CCL-I1","CCL",1,"p","p"
"CCL-I1","CCL",2,"p","p"
"CCL-I1","CCL",3,"p","p"
"CCL-I1","CCL",4,"p","p"
"CCL-I1","CCL",5,"p","p"
"CCL-I1","CCL",6,"m","m"
"CCL-I1","CCL",7,"m","m"
"CCL-I1","CCL",8,"m","m"
"CCL-I1","CCL",9,"m","m"
"CCL-I1","CCL",10,"m","m"
"CCL-I1","CCL",11,"m","m"
"CCL-I1","CCL",12,"m","m"
"CCL-I1","CCL",13,"m","m"
"CCL-I1","CCL",14,"m","m"
"CCL-I1","CCL",15,"m","m"
"CCL-I1","CCL",16,"m","m"
"CCL-I1","CCL",17,"m","m"
"CCL-I1","CCL",18,"m","m"
"CCL-I1","CCL",19,"m","m"
"CCL-I1","CCL",20,"m","m"
"CCL-I1","CCL",1,"p","p"
"CCL-I1","CCL",2,"p","p"
"CCL-I1","CCL",3,"p","p"
"CCL-I1","CCL",4,"p","p"
"CCL-I1","CCL",5,"p","p"
"CCL-I1","CCL",6,"m","m"
"CCL-I1","CCL",7,"m","m"
"CCL-I1","CCL",8,"m","m"
"CCL-I1","CCL",9,"m","m"
"CCL-I1","CCL",10,"m","m"
"CCL-I1","CCL",11,"m","m"
"CCL-I1","CCL",12,"m","m"
"CCL-I1","CCL",13,"m","m"
"CCL-I1","CCL",14,"m","m"
"CCL-I1","CCL",15,"m","m"
"CCL-I1","CCL",16,"m","m"
"CCL-I1","CCL",17,"m","m"
"CCL-I1","CCL",18,"m","m"
"CCL-I1","CCL",19,"m","m"
"CCL-I1","CCL",20,"m","m"
"CCL-I1","CCL",1,"p","p"
"CCL-I1","CCL",2,"p","p"
"CCL-I1","CCL",3,"p","p"
"CCL-I1","CCL",4,"p","p"
"CCL-I1","CCL",5,"p","p"
"CCL-I1","CCL",6,"m","m"
"CCL-I1","CCL",7,"m","m"
"CCL-I1","CCL",8,"m","m"
"CCL-I1","CCL",9,"m","m"
"CCL-I1","CCL",10,"m","m"
"CCL-I1","CCL",11,"m","m"
"CCL-I1","CCL",12,"m","m"
"CCL-I1","CCL",13,"m","m"
"CCL-I1","CCL",14,"m","m"
"CCL-I1","CCL",15,"m","m"
"CCL-I1","CCL",16,"m","m"
"CCL-I1","CCL",17,"m","m"
"CCL-I1","CCL",18,"m","m"
"CCL-I1","CCL",19,"m","m"
"CCL-I1","CCL",20,"m","m"
"CCL-I1","CCL",1,"p","p"
"CCL-I1","CCL",2,"p","p"
"CCL-I1","CCL",3,"p","p"
"CCL-I1","CCL",4,"p","p"
"CCL-I1","CCL",5,"p","p"
"CCL-I1","CCL",6,"m","m"
"CCL-I1","CCL",7,"m","m"
"CCL-I1","CCL",8,"m","m"
"CCL-I1","CCL",9,"m","m"
"CCL-I1","CCL",10,"m","m"
"CCL-I1","CCL",11,"m","m"
"CCL-I1","CCL",12,"m","m"
"CCL-I1","CCL",13,"m","m"
"CCL-I1","CCL",14,"m","m"
"CCL-I1","CCL",15,"m","m"
"CCL-I1","CCL",16,"m","m"
"CCL-I1","CCL",17,"m","m"
"CCL-I1","CCL",18,"m","m"
"CCL-I1","CCL",19,"m","m"
"CCL-I1","CCL",20,"m","m"
"SUR-J1","SUR",1,"p","p"
"SUR-J1","SUR",2,"p","p"
"SUR-J1","SUR",3,"p","p"
"SUR-J1","SUR",4,"p","p"
"SUR-J1","SUR",5,"p","p"
"SUR-J1","SUR",6,"m","m"
"SUR-J1","SUR",7,"m","m"
"SUR-J1","SUR",8,"m","m"
"SUR-J1","SUR",9,"m","m"
"SUR-J1","SUR",10,"m","m"
"SUR-J1","SUR",11,"m","m"
"SUR-J1","SUR",12,"m","m"
"SUR-J1","SUR",13,"m","m"
"SUR-J1","SUR",14,"m","m"
"SUR-J1","SUR",15,"m","m"
"SUR-J1","SUR",16,"m","m"
"SUR-J1","SUR",17,"m","m"
"SUR-J1","SUR",18,"m","m"
"SUR-J1","SUR",19,"m","m"
"SUR-J1","SUR",20,"m","m"
"SUR-J1","SUR",1,"p","p"
"SUR-J1","SUR",2,"p","p"
"SUR-J1","SUR",3,"p","p"
"SUR-J1","SUR",4,"p","p"
"SUR-J1","SUR",5,"p","p"
"SUR-J1","SUR",6,"p","p"
"SUR-J1","SUR",7,"m","m"
"SUR-J1","SUR",8,"m","m"
"SUR-J1","SUR",9,"m","m"
"SUR-J1","SUR",10,"m","m"
"SUR-J1","SUR",11,"m","m"
"SUR-J1","SUR",12,"m","m"
"SUR-J1","SUR",13,"m","m"
"SUR-J1","SUR",14,"m","m"
"SUR-J1","SUR",15,"m","m"
"SUR-J1","SUR",16,"m","m"
"SUR-J1","SUR",17,"m","m"
"SUR-J1","SUR",18,"m","m"
"SUR-J1","SUR",19,"m","m"
"SUR-J1","SUR",20,"m","m"
"SUR-J1","SUR",1,"p","p"
"SUR-J1","SUR",2,"p","p"
"SUR-J1","SUR",3,"p","p"
"SUR-J1","SUR",4,"p","p"
"SUR-J1","SUR",5,"p","p"
"SUR-J1","SUR",6,"m","m"
"SUR-J1","SUR",7,"m","m"
"SUR-J1","SUR",8,"m","m"
"SUR-J1","SUR",9,"m","m"
"SUR-J1","SUR",10,"m","m"
"SUR-J1","SUR",11,"m","m"
"SUR-J1","SUR",12,"m","m"
"SUR-J1","SUR",13,"m","m"
"SUR-J1","SUR",14,"m","m"
"SUR-J1","SUR",15,"m","m"
"SUR-J1","SUR",16,"m","m"
"SUR-J1","SUR",17,"m","m"
"SUR-J1","SUR",18,"m","m"
"SUR-J1","SUR",19,"m","m"
"SUR-J1","SUR",20,"m","m"
"SUR-J1","SUR",1,"p","p"
"SUR-J1","SUR",2,"p","p"
"SUR-J1","SUR",3,"p","p"
"SUR-J1","SUR",4,"p","p"
"SUR-J1","SUR",5,"p","p"
"SUR-J1","SUR",6,"m","m"
"SUR-J1","SUR",7,"m","m"
"SUR-J1","SUR",8,"m","m"
"SUR-J1","SUR",9,"m","m"
"SUR-J1","SUR",10,"m","m"
"SUR-J1","SUR",11,"m","m"
"SUR-J1","SUR",12,"m","m"
"SUR-J1","SUR",13,"m","m"
"SUR-J1","SUR",14,"m","m"
"SUR-J1","SUR",15,"m","m"
"SUR-J1","SUR",16,"m","m"
"SUR-J1","SUR",17,"m","m"
"SUR-J1","SUR",18,"m","m"
"SUR-J1","SUR",19,"m","m"
"SUR-J1","SUR",20,"m","m"
"CCE-I3","CCE",1,"m","m"
"CCE-I3","CCE",2,"m","m"
"CCE-I3","CCE",3,"m","m"
"CCE-I3","CCE",4,"m","m"
"CCE-I3","CCE",5,"m","m"
"CCE-I3","CCE",6,"m","m"
"CCE-I3","CCE",7,"m","m"
"CCE-I3","CCE",8,"m","m"
"CCE-I3","CCE",9,"m","m"
"CCE-I3","CCE",10,"p","p"
"CCE-I3","CCE",11,"p","p"
"CCE-I3","CCE",12,"p","p"
"CCE-I3","CCE",13,"p","p"
"CCE-I3","CCE",14,"u","u"
"CCE-I3","CCE",15,"d","d"
"CCE-I3","CCE",16,"p","p"
"CCE-I3","CCE",17,"p","p"
"CCE-I3","CCE",18,"u","u"
"CCE-I3","CCE",19,"d","d"
"CCE-I3","CCE",20,"d","d"
"CCE-I3","CCE",1,"u","u"
"CCE-I3","CCE",2,"u","u"
"CCE-I3","CCE",3,"u","u"
"CCE-I3","CCE",4,"d","d"
"CCE-I3","CCE",5,"m","m"
"CCE-I3","CCE",6,"m","m"
"CCE-I3","CCE",7,"m","m"
"CCE-I3","CCE",8,"m","m"
"CCE-I3","CCE",9,"m","m"
"CCE-I3","CCE",10,"m","m"
"CCE-I3","CCE",11,"m","m"
"CCE-I3","CCE",12,"m","m"
"CCE-I3","CCE",13,"u","u"
"CCE-I3","CCE",14,"d","d"
"CCE-I3","CCE",15,"d","d"
"CCE-I3","CCE",16,"d","d"
"CCE-I3","CCE",17,"p","p"
"CCE-I3","CCE",18,"u","u"
"CCE-I3","CCE",19,"d","d"
"CCE-I3","CCE",20,"d","d"
"CCE-I3","CCE",1,"m","m"
"CCE-I3","CCE",2,"m","m"
"CCE-I3","CCE",3,"m","m"
"CCE-I3","CCE",4,"m","m"
"CCE-I3","CCE",5,"m","m"
"CCE-I3","CCE",6,"m","m"
"CCE-I3","CCE",7,"m","m"
"CCE-I3","CCE",8,"m","m"
"CCE-I3","CCE",9,"m","m"
"CCE-I3","CCE",10,"p","p"
"CCE-I3","CCE",11,"p","p"
"CCE-I3","CCE",12,"p","p"
"CCE-I3","CCE",13,"p","p"
"CCE-I3","CCE",14,"p","p"
"CCE-I3","CCE",15,"d","d"
"CCE-I3","CCE",16,"d","d"
"CCE-I3","CCE",17,"p","p"
"CCE-I3","CCE",18,"u","u"
"CCE-I3","CCE",19,"d","d"
"CCE-I3","CCE",20,"d","d"
"CCE-I3","CCE",1,"m","m"
"CCE-I3","CCE",2,"m","m"
"CCE-I3","CCE",3,"m","m"
"CCE-I3","CCE",4,"m","m"
"CCE-I3","CCE",5,"m","m"
"CCE-I3","CCE",6,"m","m"
"CCE-I3","CCE",7,"m","m"
"CCE-I3","CCE",8,"m","m"
"CCE-I3","CCE",9,"d","d"
"CCE-I3","CCE",10,"d","d"
"CCE-I3","CCE",11,"d","d"
"CCE-I3","CCE",12,"d","d"
"CCE-I3","CCE",13,"d","d"
"CCE-I3","CCE",14,"d","d"
"CCE-I3","CCE",15,"d","d"
"CCE-I3","CCE",16,"d","d"
"CCE-I3","CCE",17,"u","u"
"CCE-I3","CCE",18,"u","u"
"CCE-I3","CCE",19,"d","d"
"CCE-I3","CCE",20,"d","d"
"SJA-B1","SJA",1,"p","p"
"SJA-B1","SJA",2,"p","p"
"SJA-B1","SJA",3,"m","m"
"SJA-B1","SJA",4,"m","m"
"SJA-B1","SJA",5,"m","m"
"SJA-B1","SJA",6,"m","m"
"SJA-B1","SJA",7,"m","m"
"SJA-B1","SJA",8,"m","m"
"SJA-B1","SJA",9,"m","m"
"SJA-B1","SJA",10,"m","m"
"SJA-B1","SJA",11,"m","m"
"SJA-B1","SJA",12,"m","m"
"SJA-B1","SJA",13,"m","m"
"SJA-B1","SJA",14,"m","m"
"SJA-B1","SJA",15,"m","m"
"SJA-B1","SJA",16,"m","m"
"SJA-B1","SJA",17,"m","m"
"SJA-B1","SJA",18,"m","m"
"SJA-B1","SJA",19,"m","m"
"SJA-B1","SJA",20,"m","m"
"SJA-B1","SJA",1,"p","u"
"SJA-B1","SJA",2,"p","p"
"SJA-B1","SJA",3,"m","m"
"SJA-B1","SJA",4,"m","m"
"SJA-B1","SJA",5,"m","m"
"SJA-B1","SJA",6,"m","m"
"SJA-B1","SJA",7,"m","m"
"SJA-B1","SJA",8,"m","m"
"SJA-B1","SJA",9,"m","m"
"SJA-B1","SJA",10,"m","m"
"SJA-B1","SJA",11,"m","m"
"SJA-B1","SJA",12,"m","m"
"SJA-B1","SJA",13,"m","m"
"SJA-B1","SJA",14,"m","m"
"SJA-B1","SJA",15,"m","m"
"SJA-B1","SJA",16,"m","m"
"SJA-B1","SJA",17,"m","f"
"SJA-B1","SJA",18,"m","f"
"SJA-B1","SJA",19,"m","f"
"SJA-B1","SJA",20,"m","f"
"SJA-B1","SJA",1,"p","u"
"SJA-B1","SJA",2,"p","u"
"SJA-B1","SJA",3,"p","m"
"SJA-B1","SJA",4,"m","m"
"SJA-B1","SJA",5,"m","m"
"SJA-B1","SJA",6,"m","f"
"SJA-B1","SJA",7,"m","f"
"SJA-B1","SJA",8,"m","f"
"SJA-B1","SJA",9,"m","m"
"SJA-B1","SJA",10,"m","m"
"SJA-B1","SJA",11,"m","m"
"SJA-B1","SJA",12,"m","m"
"SJA-B1","SJA",13,"m","m"
"SJA-B1","SJA",14,"m","m"
"SJA-B1","SJA",15,"m","m"
"SJA-B1","SJA",16,"m","f"
"SJA-B1","SJA",17,"m","f"
"SJA-B1","SJA",18,"m","f"
"SJA-B1","SJA",19,"m","f"
"SJA-B1","SJA",20,"m","f"
"SJA-B1","SJA",1,"p","p"
"SJA-B1","SJA",2,"p","p"
"SJA-B1","SJA",3,"m","m"
"SJA-B1","SJA",4,"m","m"
"SJA-B1","SJA",5,"m","m"
"SJA-B1","SJA",6,"m","m"
"SJA-B1","SJA",7,"m","m"
"SJA-B1","SJA",8,"m","m"
"SJA-B1","SJA",9,"m","m"
"SJA-B1","SJA",10,"m","m"
"SJA-B1","SJA",11,"m","m"
"SJA-B1","SJA",12,"m","m"
"SJA-B1","SJA",13,"m","m"
"SJA-B1","SJA",14,"m","m"
"SJA-B1","SJA",15,"m","m"
"SJA-B1","SJA",16,"m","m"
"SJA-B1","SJA",17,"m","m"
"SJA-B1","SJA",18,"m","m"
"SJA-B1","SJA",19,"m","m"
"SJA-B1","SJA",20,"m","m"
"SAT-F1","SAT",1,"p","p"
"SAT-F1","SAT",2,"p","u"
"SAT-F1","SAT",3,"p","u"
"SAT-F1","SAT",4,"p","u"
"SAT-F1","SAT",5,"m","s"
"SAT-F1","SAT",6,"m","s"
"SAT-F1","SAT",7,"m","s"
"SAT-F1","SAT",8,"m","s"
"SAT-F1","SAT",9,"m","s"
"SAT-F1","SAT",10,"m","s"
"SAT-F1","SAT",11,"m","s"
"SAT-F1","SAT",12,"m","s"
"SAT-F1","SAT",13,"m","s"
"SAT-F1","SAT",14,"m","s"
"SAT-F1","SAT",15,"m","s"
"SAT-F1","SAT",16,"m","s"
"SAT-F1","SAT",17,"m","d"
"SAT-F1","SAT",18,"d","d"
"SAT-F1","SAT",19,"d","d"
"SAT-F1","SAT",20,"d","p"
"SAT-F1","SAT",1,"p","p"
"SAT-F1","SAT",2,"p","p"
"SAT-F1","SAT",3,"p","p"
"SAT-F1","SAT",4,"p","p"
"SAT-F1","SAT",5,"m","m"
"SAT-F1","SAT",6,"m","m"
"SAT-F1","SAT",7,"m","m"
"SAT-F1","SAT",8,"m","m"
"SAT-F1","SAT",9,"m","m"
"SAT-F1","SAT",10,"m","m"
"SAT-F1","SAT",11,"m","m"
"SAT-F1","SAT",12,"m","m"
"SAT-F1","SAT",13,"m","m"
"SAT-F1","SAT",14,"m","m"
"SAT-F1","SAT",15,"m","m"
"SAT-F1","SAT",16,"m","m"
"SAT-F1","SAT",17,"m","m"
"SAT-F1","SAT",18,"p","p"
"SAT-F1","SAT",19,"p","p"
"SAT-F1","SAT",20,"p","p"
"SAT-F1","SAT",1,"p","p"
"SAT-F1","SAT",2,"p","p"
"SAT-F1","SAT",3,"p","p"
"SAT-F1","SAT",4,"p","p"
"SAT-F1","SAT",5,"p","p"
"SAT-F1","SAT",6,"m","m"
"SAT-F1","SAT",7,"m","m"
"SAT-F1","SAT",8,"m","m"
"SAT-F1","SAT",9,"m","m"
"SAT-F1","SAT",10,"m","m"
"SAT-F1","SAT",11,"m","m"
"SAT-F1","SAT",12,"m","m"
"SAT-F1","SAT",13,"m","m"
"SAT-F1","SAT",14,"m","m"
"SAT-F1","SAT",15,"m","m"
"SAT-F1","SAT",16,"m","m"
"SAT-F1","SAT",17,"m","m"
"SAT-F1","SAT",18,"d","d"
"SAT-F1","SAT",19,"d","d"
"SAT-F1","SAT",20,"d","d"
"SAT-F1","SAT",1,"p","p"
"SAT-F1","SAT",2,"p","p"
"SAT-F1","SAT",3,"p","p"
"SAT-F1","SAT",4,"p","p"
"SAT-F1","SAT",5,"p","p"
"SAT-F1","SAT",6,"m","m"
"SAT-F1","SAT",7,"m","m"
"SAT-F1","SAT",8,"m","m"
"SAT-F1","SAT",9,"m","m"
"SAT-F1","SAT",10,"m","m"
"SAT-F1","SAT",11,"m","m"
"SAT-F1","SAT",12,"m","m"
"SAT-F1","SAT",13,"m","m"
"SAT-F1","SAT",14,"m","m"
"SAT-F1","SAT",15,"m","m"
"SAT-F1","SAT",16,"m","m"
"SAT-F1","SAT",17,"d","d"
"SAT-F1","SAT",18,"d","d"
"SAT-F1","SAT",19,"d","d"
"SAT-F1","SAT",20,"d","d"
"SAT-G2","SAT",1,"s","s"
"SAT-G2","SAT",2,"s","s"
"SAT-G2","SAT",3,"s","s"
"SAT-G2","SAT",4,"s","s"
"SAT-G2","SAT",5,"s","s"
"SAT-G2","SAT",6,"s","s"
"SAT-G2","SAT",7,"s","s"
"SAT-G2","SAT",8,"s","s"
"SAT-G2","SAT",9,"s","s"
"SAT-G2","SAT",10,"s","s"
"SAT-G2","SAT",11,"m","m"
"SAT-G2","SAT",12,"m","m"
"SAT-G2","SAT",13,"m","m"
"SAT-G2","SAT",14,"m","m"
"SAT-G2","SAT",15,"m","m"
"SAT-G2","SAT",16,"m","m"
"SAT-G2","SAT",17,"m","m"
"SAT-G2","SAT",18,"m","m"
"SAT-G2","SAT",19,"m","m"
"SAT-G2","SAT",20,"m","m"
"SAT-G2","SAT",1,"s","s"
"SAT-G2","SAT",2,"s","s"
"SAT-G2","SAT",3,"s","s"
"SAT-G2","SAT",4,"s","s"
"SAT-G2","SAT",5,"s","s"
"SAT-G2","SAT",6,"s","s"
"SAT-G2","SAT",7,"s","s"
"SAT-G2","SAT",8,"s","s"
"SAT-G2","SAT",9,"s","s"
"SAT-G2","SAT",10,"s","s"
"SAT-G2","SAT",11,"m","m"
"SAT-G2","SAT",12,"m","m"
"SAT-G2","SAT",13,"m","m"
"SAT-G2","SAT",14,"m","m"
"SAT-G2","SAT",15,"m","m"
"SAT-G2","SAT",16,"m","m"
"SAT-G2","SAT",17,"m","m"
"SAT-G2","SAT",18,"m","m"
"SAT-G2","SAT",19,"m","m"
"SAT-G2","SAT",20,"m","m"
"SAT-G2","SAT",1,"s","s"
"SAT-G2","SAT",2,"s","s"
"SAT-G2","SAT",3,"s","s"
"SAT-G2","SAT",4,"s","s"
"SAT-G2","SAT",5,"s","s"
"SAT-G2","SAT",6,"s","s"
"SAT-G2","SAT",7,"s","s"
"SAT-G2","SAT",8,"s","s"
"SAT-G2","SAT",9,"s","s"
"SAT-G2","SAT",10,"m","m"
"SAT-G2","SAT",11,"m","m"
"SAT-G2","SAT",12,"m","m"
"SAT-G2","SAT",13,"m","m"
"SAT-G2","SAT",14,"m","m"
"SAT-G2","SAT",15,"m","m"
"SAT-G2","SAT",16,"m","m"
"SAT-G2","SAT",17,"m","m"
"SAT-G2","SAT",18,"m","m"
"SAT-G2","SAT",19,"m","m"
"SAT-G2","SAT",20,"m","m"
"SAT-G2","SAT",1,"s","s"
"SAT-G2","SAT",2,"s","s"
"SAT-G2","SAT",3,"s","s"
"SAT-G2","SAT",4,"s","s"
"SAT-G2","SAT",5,"s","s"
"SAT-G2","SAT",6,"s","s"
"SAT-G2","SAT",7,"s","s"
"SAT-G2","SAT",8,"s","s"
"SAT-G2","SAT",9,"s","s"
"SAT-G2","SAT",10,"m","m"
"SAT-G2","SAT",11,"m","m"
"SAT-G2","SAT",12,"m","m"
"SAT-G2","SAT",13,"m","m"
"SAT-G2","SAT",14,"m","m"
"SAT-G2","SAT",15,"m","m"
"SAT-G2","SAT",16,"m","m"
"SAT-G2","SAT",17,"m","m"
"SAT-G2","SAT",18,"m","m"
"SAT-G2","SAT",19,"m","m"
"SAT-G2","SAT",20,"m","m"
"SUR-J2","SUR",1,"p","p"
"SUR-J2","SUR",2,"p","p"
"SUR-J2","SUR",3,"p","p"
"SUR-J2","SUR",4,"p","p"
"SUR-J2","SUR",5,"p","p"
"SUR-J2","SUR",6,"m","m"
"SUR-J2","SUR",7,"m","m"
"SUR-J2","SUR",8,"m","m"
"SUR-J2","SUR",9,"m","m"
"SUR-J2","SUR",10,"m","m"
"SUR-J2","SUR",11,"m","m"
"SUR-J2","SUR",12,"m","m"
"SUR-J2","SUR",13,"m","m"
"SUR-J2","SUR",14,"m","m"
"SUR-J2","SUR",15,"p","p"
"SUR-J2","SUR",16,"p","p"
"SUR-J2","SUR",17,"p","p"
"SUR-J2","SUR",18,"m","m"
"SUR-J2","SUR",19,"m","m"
"SUR-J2","SUR",20,"m","m"
"SUR-J2","SUR",1,"p","p"
"SUR-J2","SUR",2,"p","p"
"SUR-J2","SUR",3,"p","p"
"SUR-J2","SUR",4,"p","p"
"SUR-J2","SUR",5,"p","p"
"SUR-J2","SUR",6,"p","p"
"SUR-J2","SUR",7,"m","m"
"SUR-J2","SUR",8,"m","m"
"SUR-J2","SUR",9,"m","m"
"SUR-J2","SUR",10,"m","m"
"SUR-J2","SUR",11,"m","m"
"SUR-J2","SUR",12,"m","m"
"SUR-J2","SUR",13,"m","m"
"SUR-J2","SUR",14,"m","m"
"SUR-J2","SUR",15,"m","m"
"SUR-J2","SUR",16,"m","m"
"SUR-J2","SUR",17,"m","m"
"SUR-J2","SUR",18,"m","m"
"SUR-J2","SUR",19,"m","m"
"SUR-J2","SUR",20,"m","m"
"SUR-J2","SUR",1,"p","p"
"SUR-J2","SUR",2,"p","p"
"SUR-J2","SUR",3,"p","p"
"SUR-J2","SUR",4,"p","p"
"SUR-J2","SUR",5,"p","p"
"SUR-J2","SUR",6,"m","m"
"SUR-J2","SUR",7,"m","m"
"SUR-J2","SUR",8,"m","m"
"SUR-J2","SUR",9,"m","m"
"SUR-J2","SUR",10,"m","m"
"SUR-J2","SUR",11,"m","m"
"SUR-J2","SUR",12,"m","m"
"SUR-J2","SUR",13,"m","m"
"SUR-J2","SUR",14,"m","m"
"SUR-J2","SUR",15,"m","m"
"SUR-J2","SUR",16,"m","m"
"SUR-J2","SUR",17,"m","m"
"SUR-J2","SUR",18,"m","m"
"SUR-J2","SUR",19,"m","m"
"SUR-J2","SUR",20,"m","m"
"SUR-J2","SUR",1,"p","p"
"SUR-J2","SUR",2,"p","p"
"SUR-J2","SUR",3,"p","p"
"SUR-J2","SUR",4,"p","p"
"SUR-J2","SUR",5,"p","p"
"SUR-J2","SUR",6,"p","p"
"SUR-J2","SUR",7,"m","m"
"SUR-J2","SUR",8,"m","m"
"SUR-J2","SUR",9,"m","m"
"SUR-J2","SUR",10,"m","m"
"SUR-J2","SUR",11,"m","m"
"SUR-J2","SUR",12,"m","m"
"SUR-J2","SUR",13,"m","m"
"SUR-J2","SUR",14,"m","m"
"SUR-J2","SUR",15,"m","m"
"SUR-J2","SUR",16,"m","m"
"SUR-J2","SUR",17,"m","m"
"SUR-J2","SUR",18,"m","m"
"SUR-J2","SUR",19,"m","m"
"SUR-J2","SUR",20,"m","m"
"CCL-E1","CCL",1,"p","d"
"CCL-E1","CCL",2,"p","d"
"CCL-E1","CCL",3,"p","p"
"CCL-E1","CCL",4,"p","u"
"CCL-E1","CCL",5,"p","u"
"CCL-E1","CCL",6,"p","u"
"CCL-E1","CCL",7,"s","u"
"CCL-E1","CCL",8,"s","f"
"CCL-E1","CCL",9,"s","p"
"CCL-E1","CCL",10,"s","f"
"CCL-E1","CCL",11,"s","f"
"CCL-E1","CCL",12,"s","f"
"CCL-E1","CCL",13,"s","p"
"CCL-E1","CCL",14,"s","p"
"CCL-E1","CCL",15,"s","f"
"CCL-E1","CCL",16,"s","f"
"CCL-E1","CCL",17,"s","u"
"CCL-E1","CCL",18,"s","u"
"CCL-E1","CCL",19,"s","f"
"CCL-E1","CCL",20,"s","f"
"CCL-E1","CCL",1,"p","d"
"CCL-E1","CCL",2,"p","d"
"CCL-E1","CCL",3,"p","p"
"CCL-E1","CCL",4,"p","u"
"CCL-E1","CCL",5,"p","u"
"CCL-E1","CCL",6,"p","u"
"CCL-E1","CCL",7,"s","f"
"CCL-E1","CCL",8,"s","f"
"CCL-E1","CCL",9,"s","p"
"CCL-E1","CCL",10,"s","f"
"CCL-E1","CCL",11,"s","f"
"CCL-E1","CCL",12,"s","f"
"CCL-E1","CCL",13,"s","p"
"CCL-E1","CCL",14,"s","f"
"CCL-E1","CCL",15,"s","f"
"CCL-E1","CCL",16,"s","f"
"CCL-E1","CCL",17,"p","p"
"CCL-E1","CCL",18,"s","u"
"CCL-E1","CCL",19,"s","f"
"CCL-E1","CCL",20,"s","f"
"CCL-E1","CCL",1,"p","p"
"CCL-E1","CCL",2,"p","p"
"CCL-E1","CCL",3,"p","p"
"CCL-E1","CCL",4,"p","p"
"CCL-E1","CCL",5,"p","p"
"CCL-E1","CCL",6,"p","p"
"CCL-E1","CCL",7,"s","s"
"CCL-E1","CCL",8,"s","s"
"CCL-E1","CCL",9,"s","s"
"CCL-E1","CCL",10,"s","s"
"CCL-E1","CCL",11,"s","s"
"CCL-E1","CCL",12,"s","s"
"CCL-E1","CCL",13,"s","s"
"CCL-E1","CCL",14,"s","s"
"CCL-E1","CCL",15,"s","s"
"CCL-E1","CCL",16,"s","s"
"CCL-E1","CCL",17,"s","s"
"CCL-E1","CCL",18,"s","s"
"CCL-E1","CCL",19,"s","s"
"CCL-E1","CCL",20,"s","s"
"CCL-E1","CCL",1,"p","p"
"CCL-E1","CCL",2,"p","p"
"CCL-E1","CCL",3,"p","p"
"CCL-E1","CCL",4,"p","p"
"CCL-E1","CCL",5,"p","p"
"CCL-E1","CCL",6,"p","p"
"CCL-E1","CCL",7,"s","s"
"CCL-E1","CCL",8,"s","s"
"CCL-E1","CCL",9,"s","s"
"CCL-E1","CCL",10,"s","s"
"CCL-E1","CCL",11,"s","s"
"CCL-E1","CCL",12,"s","s"
"CCL-E1","CCL",13,"s","s"
"CCL-E1","CCL",14,"s","s"
"CCL-E1","CCL",15,"s","s"
"CCL-E1","CCL",16,"s","s"
"CCL-E1","CCL",17,"s","s"
"CCL-E1","CCL",18,"s","s"
"CCL-E1","CCL",19,"s","s"
"CCL-E1","CCL",20,"s","s"
"CCL-G1","CCL",1,"p","p"
"CCL-G1","CCL",2,"p","p"
"CCL-G1","CCL",3,"p","p"
"CCL-G1","CCL",4,"p","p"
"CCL-G1","CCL",5,"u","u"
"CCL-G1","CCL",6,"p","p"
"CCL-G1","CCL",7,"p","p"
"CCL-G1","CCL",8,"p","p"
"CCL-G1","CCL",9,"p","p"
"CCL-G1","CCL",10,"p","p"
"CCL-G1","CCL",11,"p","p"
"CCL-G1","CCL",12,"p","p"
"CCL-G1","CCL",13,"p","p"
"CCL-G1","CCL",14,"u","u"
"CCL-G1","CCL",15,"d","d"
"CCL-G1","CCL",16,"p","p"
"CCL-G1","CCL",17,"p","p"
"CCL-G1","CCL",18,"p","p"
"CCL-G1","CCL",19,"d","d"
"CCL-G1","CCL",20,"d","d"
"CCL-G1","CCL",1,"p","p"
"CCL-G1","CCL",2,"p","p"
"CCL-G1","CCL",3,"p","p"
"CCL-G1","CCL",4,"p","p"
"CCL-G1","CCL",5,"u","u"
"CCL-G1","CCL",6,"p","p"
"CCL-G1","CCL",7,"p","p"
"CCL-G1","CCL",8,"p","p"
"CCL-G1","CCL",9,"p","p"
"CCL-G1","CCL",10,"p","p"
"CCL-G1","CCL",11,"p","p"
"CCL-G1","CCL",12,"p","p"
"CCL-G1","CCL",13,"u","u"
"CCL-G1","CCL",14,"u","u"
"CCL-G1","CCL",15,"d","d"
"CCL-G1","CCL",16,"p","p"
"CCL-G1","CCL",17,"p","p"
"CCL-G1","CCL",18,"p","p"
"CCL-G1","CCL",19,"d","d"
"CCL-G1","CCL",20,"d","d"
"CCL-G1","CCL",1,"p","p"
"CCL-G1","CCL",2,"p","p"
"CCL-G1","CCL",3,"p","p"
"CCL-G1","CCL",4,"p","p"
"CCL-G1","CCL",5,"u","u"
"CCL-G1","CCL",6,"p","p"
"CCL-G1","CCL",7,"p","p"
"CCL-G1","CCL",8,"p","p"
"CCL-G1","CCL",9,"p","p"
"CCL-G1","CCL",10,"p","p"
"CCL-G1","CCL",11,"p","p"
"CCL-G1","CCL",12,"u","u"
"CCL-G1","CCL",13,"d","d"
"CCL-G1","CCL",14,"d","d"
"CCL-G1","CCL",15,"p","p"
"CCL-G1","CCL",16,"p","p"
"CCL-G1","CCL",17,"d","d"
"CCL-G1","CCL",18,"d","d"
"CCL-G1","CCL",19,"d","d"
"CCL-G1","CCL",20,"d","d"
"CCL-G1","CCL",1,"p","p"
"CCL-G1","CCL",2,"p","p"
"CCL-G1","CCL",3,"p","p"
"CCL-G1","CCL",4,"p","p"
"CCL-G1","CCL",5,"u","u"
"CCL-G1","CCL",6,"p","p"
"CCL-G1","CCL",7,"p","p"
"CCL-G1","CCL",8,"p","p"
"CCL-G1","CCL",9,"p","p"
"CCL-G1","CCL",10,"p","p"
"CCL-G1","CCL",11,"p","p"
"CCL-G1","CCL",12,"p","p"
"CCL-G1","CCL",13,"u","u"
"CCL-G1","CCL",14,"d","d"
"CCL-G1","CCL",15,"p","p"
"CCL-G1","CCL",16,"p","p"
"CCL-G1","CCL",17,"p","p"
"CCL-G1","CCL",18,"d","d"
"CCL-G1","CCL",19,"d","d"
"CCL-G1","CCL",20,"d","d"
"DAR-A1","DAR",1,"u","u"
"DAR-A1","DAR",2,"u","u"
"DAR-A1","DAR",3,"d","d"
"DAR-A1","DAR",4,"u","u"
"DAR-A1","DAR",5,"d","d"
"DAR-A1","DAR",6,"p","p"
"DAR-A1","DAR",7,"p","p"
"DAR-A1","DAR",8,"u","u"
"DAR-A1","DAR",9,"u","u"
"DAR-A1","DAR",10,"u","u"
"DAR-A1","DAR",11,"d","d"
"DAR-A1","DAR",12,"d","d"
"DAR-A1","DAR",13,"d","d"
"DAR-A1","DAR",14,"d","d"
"DAR-A1","DAR",15,"u","u"
"DAR-A1","DAR",16,"d","d"
"DAR-A1","DAR",17,"d","d"
"DAR-A1","DAR",18,"d","d"
"DAR-A1","DAR",19,"d","d"
"DAR-A1","DAR",20,"d","d"
"DAR-A1","DAR",1,"u","u"
"DAR-A1","DAR",2,"u","u"
"DAR-A1","DAR",3,"d","d"
"DAR-A1","DAR",4,"d","d"
"DAR-A1","DAR",5,"d","d"
"DAR-A1","DAR",6,"p","p"
"DAR-A1","DAR",7,"u","u"
"DAR-A1","DAR",8,"u","u"
"DAR-A1","DAR",9,"u","u"
"DAR-A1","DAR",10,"u","u"
"DAR-A1","DAR",11,"d","d"
"DAR-A1","DAR",12,"d","d"
"DAR-A1","DAR",13,"d","d"
"DAR-A1","DAR",14,"u","u"
"DAR-A1","DAR",15,"d","d"
"DAR-A1","DAR",16,"d","d"
"DAR-A1","DAR",17,"d","d"
"DAR-A1","DAR",18,"d","d"
"DAR-A1","DAR",19,"d","d"
"DAR-A1","DAR",20,"d","d"
"DAR-A1","DAR",1,"p","p"
"DAR-A1","DAR",2,"p","p"
"DAR-A1","DAR",3,"p","p"
"DAR-A1","DAR",4,"p","p"
"DAR-A1","DAR",5,"p","p"
"DAR-A1","DAR",6,"p","p"
"DAR-A1","DAR",7,"p","p"
"DAR-A1","DAR",8,"u","u"
"DAR-A1","DAR",9,"u","u"
"DAR-A1","DAR",10,"u","u"
"DAR-A1","DAR",11,"u","u"
"DAR-A1","DAR",12,"d","d"
"DAR-A1","DAR",13,"d","d"
"DAR-A1","DAR",14,"u","u"
"DAR-A1","DAR",15,"d","d"
"DAR-A1","DAR",16,"d","d"
"DAR-A1","DAR",17,"d","d"
"DAR-A1","DAR",18,"d","d"
"DAR-A1","DAR",19,"d","d"
"DAR-A1","DAR",20,"d","d"
"DAR-A1","DAR",1,"p","p"
"DAR-A1","DAR",2,"p","p"
"DAR-A1","DAR",3,"p","p"
"DAR-A1","DAR",4,"p","p"
"DAR-A1","DAR",5,"p","p"
"DAR-A1","DAR",6,"p","p"
"DAR-A1","DAR",7,"p","p"
"DAR-A1","DAR",8,"u","u"
"DAR-A1","DAR",9,"u","u"
"DAR-A1","DAR",10,"u","u"
"DAR-A1","DAR",11,"p","p"
"DAR-A1","DAR",12,"d","d"
"DAR-A1","DAR",13,"d","d"
"DAR-A1","DAR",14,"u","u"
"DAR-A1","DAR",15,"d","d"
"DAR-A1","DAR",16,"d","d"
"DAR-A1","DAR",17,"d","d"
"DAR-A1","DAR",18,"d","d"
"DAR-A1","DAR",19,"d","d"
"DAR-A1","DAR",20,"d","d"
"HC1-C1","HC1",1,"u","u"
"HC1-C1","HC1",2,"u","u"
"HC1-C1","HC1",3,"u","u"
"HC1-C1","HC1",4,"u","u"
"HC1-C1","HC1",5,"u","u"
"HC1-C1","HC1",6,"u","u"
"HC1-C1","HC1",7,"u","u"
"HC1-C1","HC1",8,"m","m"
"HC1-C1","HC1",9,"m","m"
"HC1-C1","HC1",10,"m","m"
"HC1-C1","HC1",11,"m","m"
"HC1-C1","HC1",12,"m","m"
"HC1-C1","HC1",13,"m","m"
"HC1-C1","HC1",14,"m","m"
"HC1-C1","HC1",15,"m","m"
"HC1-C1","HC1",16,"m","m"
"HC1-C1","HC1",17,"p","p"
"HC1-C1","HC1",18,"p","p"
"HC1-C1","HC1",19,"p","p"
"HC1-C1","HC1",20,"p","p"
"HC1-C1","HC1",1,"u","u"
"HC1-C1","HC1",2,"u","u"
"HC1-C1","HC1",3,"u","u"
"HC1-C1","HC1",4,"u","u"
"HC1-C1","HC1",5,"u","u"
"HC1-C1","HC1",6,"u","u"
"HC1-C1","HC1",7,"u","u"
"HC1-C1","HC1",8,"m","m"
"HC1-C1","HC1",9,"m","m"
"HC1-C1","HC1",10,"m","m"
"HC1-C1","HC1",11,"m","m"
"HC1-C1","HC1",12,"m","m"
"HC1-C1","HC1",13,"m","m"
"HC1-C1","HC1",14,"m","m"
"HC1-C1","HC1",15,"m","m"
"HC1-C1","HC1",16,"m","m"
"HC1-C1","HC1",17,"p","p"
"HC1-C1","HC1",18,"p","p"
"HC1-C1","HC1",19,"p","p"
"HC1-C1","HC1",20,"p","p"
"HC1-C1","HC1",1,"u","u"
"HC1-C1","HC1",2,"u","u"
"HC1-C1","HC1",3,"u","u"
"HC1-C1","HC1",4,"u","u"
"HC1-C1","HC1",5,"u","u"
"HC1-C1","HC1",6,"u","u"
"HC1-C1","HC1",7,"u","u"
"HC1-C1","HC1",8,"s","s"
"HC1-C1","HC1",9,"s","s"
"HC1-C1","HC1",10,"s","s"
"HC1-C1","HC1",11,"s","s"
"HC1-C1","HC1",12,"s","s"
"HC1-C1","HC1",13,"s","s"
"HC1-C1","HC1",14,"s","s"
"HC1-C1","HC1",15,"s","s"
"HC1-C1","HC1",16,"s","s"
"HC1-C1","HC1",17,"s","s"
"HC1-C1","HC1",18,"p","p"
"HC1-C1","HC1",19,"p","p"
"HC1-C1","HC1",20,"p","p"
"HC1-C1","HC1",1,"u","u"
"HC1-C1","HC1",2,"u","u"
"HC1-C1","HC1",3,"u","u"
"HC1-C1","HC1",4,"u","u"
"HC1-C1","HC1",5,"u","u"
"HC1-C1","HC1",6,"u","u"
"HC1-C1","HC1",7,"u","u"
"HC1-C1","HC1",8,"m","m"
"HC1-C1","HC1",9,"m","m"
"HC1-C1","HC1",10,"m","m"
"HC1-C1","HC1",11,"m","m"
"HC1-C1","HC1",12,"m","m"
"HC1-C1","HC1",13,"m","m"
"HC1-C1","HC1",14,"m","m"
"HC1-C1","HC1",15,"m","m"
"HC1-C1","HC1",16,"m","m"
"HC1-C1","HC1",17,"p","p"
"HC1-C1","HC1",18,"p","p"
"HC1-C1","HC1",19,"p","p"
"HC1-C1","HC1",20,"p","p"
"HC1-A1","HC1",1,"p","p"
"HC1-A1","HC1",2,"p","p"
"HC1-A1","HC1",3,"p","p"
"HC1-A1","HC1",4,"p","p"
"HC1-A1","HC1",5,"p","p"
"HC1-A1","HC1",6,"u","u"
"HC1-A1","HC1",7,"u","u"
"HC1-A1","HC1",8,"u","u"
"HC1-A1","HC1",9,"u","u"
"HC1-A1","HC1",10,"s","s"
"HC1-A1","HC1",11,"s","s"
"HC1-A1","HC1",12,"s","s"
"HC1-A1","HC1",13,"s","s"
"HC1-A1","HC1",14,"d","d"
"HC1-A1","HC1",15,"d","d"
"HC1-A1","HC1",16,"d","d"
"HC1-A1","HC1",17,"d","d"
"HC1-A1","HC1",18,"d","d"
"HC1-A1","HC1",19,"d","d"
"HC1-A1","HC1",20,"d","d"
"HC1-A1","HC1",1,"p","p"
"HC1-A1","HC1",2,"p","p"
"HC1-A1","HC1",3,"p","p"
"HC1-A1","HC1",4,"p","p"
"HC1-A1","HC1",5,"p","p"
"HC1-A1","HC1",6,"u","u"
"HC1-A1","HC1",7,"u","u"
"HC1-A1","HC1",8,"u","u"
"HC1-A1","HC1",9,"s","s"
"HC1-A1","HC1",10,"s","s"
"HC1-A1","HC1",11,"s","s"
"HC1-A1","HC1",12,"s","s"
"HC1-A1","HC1",13,"s","s"
"HC1-A1","HC1",14,"d","d"
"HC1-A1","HC1",15,"d","d"
"HC1-A1","HC1",16,"d","d"
"HC1-A1","HC1",17,"d","d"
"HC1-A1","HC1",18,"d","d"
"HC1-A1","HC1",19,"d","d"
"HC1-A1","HC1",20,"d","d"
"HC1-A1","HC1",1,"p","p"
"HC1-A1","HC1",2,"p","p"
"HC1-A1","HC1",3,"p","p"
"HC1-A1","HC1",4,"p","p"
"HC1-A1","HC1",5,"u","u"
"HC1-A1","HC1",6,"u","u"
"HC1-A1","HC1",7,"u","u"
"HC1-A1","HC1",8,"u","u"
"HC1-A1","HC1",9,"u","u"
"HC1-A1","HC1",10,"s","s"
"HC1-A1","HC1",11,"s","s"
"HC1-A1","HC1",12,"s","s"
"HC1-A1","HC1",13,"s","s"
"HC1-A1","HC1",14,"s","s"
"HC1-A1","HC1",15,"d","d"
"HC1-A1","HC1",16,"d","d"
"HC1-A1","HC1",17,"d","d"
"HC1-A1","HC1",18,"d","d"
"HC1-A1","HC1",19,"d","d"
"HC1-A1","HC1",20,"d","d"
"HC1-A1","HC1",1,"p","p"
"HC1-A1","HC1",2,"p","p"
"HC1-A1","HC1",3,"p","p"
"HC1-A1","HC1",4,"p","p"
"HC1-A1","HC1",5,"p","p"
"HC1-A1","HC1",6,"u","u"
"HC1-A1","HC1",7,"u","u"
"HC1-A1","HC1",8,"u","u"
"HC1-A1","HC1",9,"u","u"
"HC1-A1","HC1",10,"s","s"
"HC1-A1","HC1",11,"s","s"
"HC1-A1","HC1",12,"s","s"
"HC1-A1","HC1",13,"s","s"
"HC1-A1","HC1",14,"s","s"
"HC1-A1","HC1",15,"d","d"
"HC1-A1","HC1",16,"d","d"
"HC1-A1","HC1",17,"d","d"
"HC1-A1","HC1",18,"d","d"
"HC1-A1","HC1",19,"d","d"
"HC1-A1","HC1",20,"d","d"
"HC1-E2","HC1",1,"p","p"
"HC1-E2","HC1",2,"p","p"
"HC1-E2","HC1",3,"p","p"
"HC1-E2","HC1",4,"s","s"
"HC1-E2","HC1",5,"s","s"
"HC1-E2","HC1",6,"s","s"
"HC1-E2","HC1",7,"s","s"
"HC1-E2","HC1",8,"s","s"
"HC1-E2","HC1",9,"s","s"
"HC1-E2","HC1",10,"s","s"
"HC1-E2","HC1",11,"s","s"
"HC1-E2","HC1",12,"s","s"
"HC1-E2","HC1",13,"s","s"
"HC1-E2","HC1",14,"p","p"
"HC1-E2","HC1",15,"p","p"
"HC1-E2","HC1",16,"p","p"
"HC1-E2","HC1",17,"p","p"
"HC1-E2","HC1",18,"p","p"
"HC1-E2","HC1",19,"s","s"
"HC1-E2","HC1",20,"s","s"
"HC1-E2","HC1",1,"p","u"
"HC1-E2","HC1",2,"p","u"
"HC1-E2","HC1",3,"p","u"
"HC1-E2","HC1",4,"s","s"
"HC1-E2","HC1",5,"s","s"
"HC1-E2","HC1",6,"s","s"
"HC1-E2","HC1",7,"s","s"
"HC1-E2","HC1",8,"s","s"
"HC1-E2","HC1",9,"s","s"
"HC1-E2","HC1",10,"s","s"
"HC1-E2","HC1",11,"s","s"
"HC1-E2","HC1",12,"s","s"
"HC1-E2","HC1",13,"s","d"
"HC1-E2","HC1",14,"p","p"
"HC1-E2","HC1",15,"p","p"
"HC1-E2","HC1",16,"p","p"
"HC1-E2","HC1",17,"p","p"
"HC1-E2","HC1",18,"s","p"
"HC1-E2","HC1",19,"s","s"
"HC1-E2","HC1",20,"s","p"
"HC1-E2","HC1",1,"p","p"
"HC1-E2","HC1",2,"p","p"
"HC1-E2","HC1",3,"s","s"
"HC1-E2","HC1",4,"s","s"
"HC1-E2","HC1",5,"s","s"
"HC1-E2","HC1",6,"s","s"
"HC1-E2","HC1",7,"s","s"
"HC1-E2","HC1",8,"s","s"
"HC1-E2","HC1",9,"s","s"
"HC1-E2","HC1",10,"s","s"
"HC1-E2","HC1",11,"s","s"
"HC1-E2","HC1",12,"s","s"
"HC1-E2","HC1",13,"p","p"
"HC1-E2","HC1",14,"p","p"
"HC1-E2","HC1",15,"p","p"
"HC1-E2","HC1",16,"p","p"
"HC1-E2","HC1",17,"p","p"
"HC1-E2","HC1",18,"s","s"
"HC1-E2","HC1",19,"s","s"
"HC1-E2","HC1",20,"s","s"
"HC1-E1","HC1",1,"p","p"
"HC1-E1","HC1",2,"p","p"
"HC1-E1","HC1",3,"p","p"
"HC1-E1","HC1",4,"p","p"
"HC1-E1","HC1",5,"s","s"
"HC1-E1","HC1",6,"s","s"
"HC1-E1","HC1",7,"s","s"
"HC1-E1","HC1",8,"s","s"
"HC1-E1","HC1",9,"s","s"
"HC1-E1","HC1",10,"s","s"
"HC1-E1","HC1",11,"s","s"
"HC1-E1","HC1",12,"s","s"
"HC1-E1","HC1",13,"s","s"
"HC1-E1","HC1",14,"p","p"
"HC1-E1","HC1",15,"p","p"
"HC1-E1","HC1",16,"p","p"
"HC1-E1","HC1",17,"p","p"
"HC1-E1","HC1",18,"p","p"
"HC1-E1","HC1",19,"s","s"
"HC1-E1","HC1",20,"s","s"
"HC1-E1","HC1",1,"p","p"
"HC1-E1","HC1",2,"p","p"
"HC1-E1","HC1",3,"p","p"
"HC1-E1","HC1",4,"p","p"
"HC1-E1","HC1",5,"s","s"
"HC1-E1","HC1",6,"s","s"
"HC1-E1","HC1",7,"s","s"
"HC1-E1","HC1",8,"s","s"
"HC1-E1","HC1",9,"s","s"
"HC1-E1","HC1",10,"s","s"
"HC1-E1","HC1",11,"s","s"
"HC1-E1","HC1",12,"s","s"
"HC1-E1","HC1",13,"s","s"
"HC1-E1","HC1",14,"p","p"
"HC1-E1","HC1",15,"p","p"
"HC1-E1","HC1",16,"p","p"
"HC1-E1","HC1",17,"p","p"
"HC1-E1","HC1",18,"p","p"
"HC1-E1","HC1",19,"s","s"
"HC1-E1","HC1",20,"s","s"
"HC1-E1","HC1",1,"p","p"
"HC1-E1","HC1",2,"p","p"
"HC1-E1","HC1",3,"p","p"
"HC1-E1","HC1",4,"s","s"
"HC1-E1","HC1",5,"s","s"
"HC1-E1","HC1",6,"s","s"
"HC1-E1","HC1",7,"s","s"
"HC1-E1","HC1",8,"s","s"
"HC1-E1","HC1",9,"s","s"
"HC1-E1","HC1",10,"s","s"
"HC1-E1","HC1",11,"s","s"
"HC1-E1","HC1",12,"s","s"
"HC1-E1","HC1",13,"s","s"
"HC1-E1","HC1",14,"p","p"
"HC1-E1","HC1",15,"p","p"
"HC1-E1","HC1",16,"p","p"
"HC1-E1","HC1",17,"p","p"
"HC1-E1","HC1",18,"p","p"
"HC1-E1","HC1",19,"s","s"
"HC1-E1","HC1",20,"s","s"
"HC1-E1","HC1",1,"p","p"
"HC1-E1","HC1",2,"p","p"
"HC1-E1","HC1",3,"p","p"
"HC1-E1","HC1",4,"p","p"
"HC1-E1","HC1",5,"s","s"
"HC1-E1","HC1",6,"s","s"
"HC1-E1","HC1",7,"s","s"
"HC1-E1","HC1",8,"s","s"
"HC1-E1","HC1",9,"s","s"
"HC1-E1","HC1",10,"s","s"
"HC1-E1","HC1",11,"s","s"
"HC1-E1","HC1",12,"s","s"
"HC1-E1","HC1",13,"s","s"
"HC1-E1","HC1",14,"p","p"
"HC1-E1","HC1",15,"p","p"
"HC1-E1","HC1",16,"p","p"
"HC1-E1","HC1",17,"p","p"
"HC1-E1","HC1",18,"p","p"
"HC1-E1","HC1",19,"s","s"
"HC1-E1","HC1",20,"s","s"
"HC1-G1","HC1",1,"d","d"
"HC1-G1","HC1",2,"p","p"
"HC1-G1","HC1",3,"p","p"
"HC1-G1","HC1",4,"p","p"
"HC1-G1","HC1",5,"p","p"
"HC1-G1","HC1",6,"s","s"
"HC1-G1","HC1",7,"s","s"
"HC1-G1","HC1",8,"s","s"
"HC1-G1","HC1",9,"s","s"
"HC1-G1","HC1",10,"s","s"
"HC1-G1","HC1",11,"s","s"
"HC1-G1","HC1",12,"s","s"
"HC1-G1","HC1",13,"s","s"
"HC1-G1","HC1",14,"s","s"
"HC1-G1","HC1",15,"s","s"
"HC1-G1","HC1",16,"s","s"
"HC1-G1","HC1",17,"s","s"
"HC1-G1","HC1",18,"s","s"
"HC1-G1","HC1",19,"s","s"
"HC1-G1","HC1",20,"s","s"
"HC1-G1","HC1",1,"d","d"
"HC1-G1","HC1",2,"d","d"
"HC1-G1","HC1",3,"p","p"
"HC1-G1","HC1",4,"p","p"
"HC1-G1","HC1",5,"s","s"
"HC1-G1","HC1",6,"s","s"
"HC1-G1","HC1",7,"s","s"
"HC1-G1","HC1",8,"s","s"
"HC1-G1","HC1",9,"s","s"
"HC1-G1","HC1",10,"s","s"
"HC1-G1","HC1",11,"s","s"
"HC1-G1","HC1",12,"s","s"
"HC1-G1","HC1",13,"s","s"
"HC1-G1","HC1",14,"s","s"
"HC1-G1","HC1",15,"s","s"
"HC1-G1","HC1",16,"s","s"
"HC1-G1","HC1",17,"s","s"
"HC1-G1","HC1",18,"s","s"
"HC1-G1","HC1",19,"s","s"
"HC1-G1","HC1",20,"s","s"
"HC1-G1","HC1",1,"d","d"
"HC1-G1","HC1",2,"d","d"
"HC1-G1","HC1",3,"p","p"
"HC1-G1","HC1",4,"p","p"
"HC1-G1","HC1",5,"s","s"
"HC1-G1","HC1",6,"s","s"
"HC1-G1","HC1",7,"s","s"
"HC1-G1","HC1",8,"s","s"
"HC1-G1","HC1",9,"s","s"
"HC1-G1","HC1",10,"s","s"
"HC1-G1","HC1",11,"s","s"
"HC1-G1","HC1",12,"s","s"
"HC1-G1","HC1",13,"s","s"
"HC1-G1","HC1",14,"s","s"
"HC1-G1","HC1",15,"s","s"
"HC1-G1","HC1",16,"s","s"
"HC1-G1","HC1",17,"s","s"
"HC1-G1","HC1",18,"s","s"
"HC1-G1","HC1",19,"s","s"
"HC1-G1","HC1",20,"s","s"
"HC1-G1","HC1",1,"d","d"
"HC1-G1","HC1",2,"d","d"
"HC1-G1","HC1",3,"d","d"
"HC1-G1","HC1",4,"d","d"
"HC1-G1","HC1",5,"p","p"
"HC1-G1","HC1",6,"s","s"
"HC1-G1","HC1",7,"s","s"
"HC1-G1","HC1",8,"s","s"
"HC1-G1","HC1",9,"s","s"
"HC1-G1","HC1",10,"s","s"
"HC1-G1","HC1",11,"s","s"
"HC1-G1","HC1",12,"s","s"
"HC1-G1","HC1",13,"s","s"
"HC1-G1","HC1",14,"s","s"
"HC1-G1","HC1",15,"s","s"
"HC1-G1","HC1",16,"s","s"
"HC1-G1","HC1",17,"s","s"
"HC1-G1","HC1",18,"s","s"
"HC1-G1","HC1",19,"s","s"
"HC1-G1","HC1",20,"s","s"
"HC1-J1","HC1",1,"p","p"
"HC1-J1","HC1",2,"p","p"
"HC1-J1","HC1",3,"p","p"
"HC1-J1","HC1",4,"p","p"
"HC1-J1","HC1",5,"p","p"
"HC1-J1","HC1",6,"p","p"
"HC1-J1","HC1",7,"p","p"
"HC1-J1","HC1",8,"p","p"
"HC1-J1","HC1",9,"s","s"
"HC1-J1","HC1",10,"s","s"
"HC1-J1","HC1",11,"s","s"
"HC1-J1","HC1",12,"s","s"
"HC1-J1","HC1",13,"s","s"
"HC1-J1","HC1",14,"s","s"
"HC1-J1","HC1",15,"s","s"
"HC1-J1","HC1",16,"u","u"
"HC1-J1","HC1",17,"u","u"
"HC1-J1","HC1",18,"u","u"
"HC1-J1","HC1",19,"u","u"
"HC1-J1","HC1",20,"u","u"
"HC1-J1","HC1",1,"p","p"
"HC1-J1","HC1",2,"p","p"
"HC1-J1","HC1",3,"p","p"
"HC1-J1","HC1",4,"p","p"
"HC1-J1","HC1",5,"p","p"
"HC1-J1","HC1",6,"p","p"
"HC1-J1","HC1",7,"p","p"
"HC1-J1","HC1",8,"s","s"
"HC1-J1","HC1",9,"s","s"
"HC1-J1","HC1",10,"s","s"
"HC1-J1","HC1",11,"s","s"
"HC1-J1","HC1",12,"s","s"
"HC1-J1","HC1",13,"s","s"
"HC1-J1","HC1",14,"s","s"
"HC1-J1","HC1",15,"u","u"
"HC1-J1","HC1",16,"u","u"
"HC1-J1","HC1",17,"u","u"
"HC1-J1","HC1",18,"s","s"
"HC1-J1","HC1",19,"s","s"
"HC1-J1","HC1",20,"s","s"
"HC1-H1","HC1",1,"u","u"
"HC1-H1","HC1",2,"u","u"
"HC1-H1","HC1",3,"u","u"
"HC1-H1","HC1",4,"u","u"
"HC1-H1","HC1",5,"u","u"
"HC1-H1","HC1",6,"u","u"
"HC1-H1","HC1",7,"u","u"
"HC1-H1","HC1",8,"p","p"
"HC1-H1","HC1",9,"p","p"
"HC1-H1","HC1",10,"p","p"
"HC1-H1","HC1",11,"p","p"
"HC1-H1","HC1",12,"u","u"
"HC1-H1","HC1",13,"d","d"
"HC1-H1","HC1",14,"d","d"
"HC1-H1","HC1",15,"d","d"
"HC1-H1","HC1",16,"d","d"
"HC1-H1","HC1",17,"d","d"
"HC1-H1","HC1",18,"d","d"
"HC1-H1","HC1",19,"d","d"
"HC1-H1","HC1",20,"d","d"
"HC1-H1","HC1",1,"d","d"
"HC1-H1","HC1",2,"u","u"
"HC1-H1","HC1",3,"u","u"
"HC1-H1","HC1",4,"u","u"
"HC1-H1","HC1",5,"u","u"
"HC1-H1","HC1",6,"u","u"
"HC1-H1","HC1",7,"u","u"
"HC1-H1","HC1",8,"p","p"
"HC1-H1","HC1",9,"p","p"
"HC1-H1","HC1",10,"p","p"
"HC1-H1","HC1",11,"p","p"
"HC1-H1","HC1",12,"u","u"
"HC1-H1","HC1",13,"d","d"
"HC1-H1","HC1",14,"d","d"
"HC1-H1","HC1",15,"d","d"
"HC1-H1","HC1",16,"d","d"
"HC1-H1","HC1",17,"d","d"
"HC1-H1","HC1",18,"d","d"
"HC1-H1","HC1",19,"d","d"
"HC1-H1","HC1",20,"d","d"
"HC1-K1","HC1",1,"p","p"
"HC1-K1","HC1",2,"p","p"
"HC1-K1","HC1",3,"p","p"
"HC1-K1","HC1",4,"p","p"
"HC1-K1","HC1",5,"p","p"
"HC1-K1","HC1",6,"p","p"
"HC1-K1","HC1",7,"p","p"
"HC1-K1","HC1",8,"s","s"
"HC1-K1","HC1",9,"s","s"
"HC1-K1","HC1",10,"s","s"
"HC1-K1","HC1",11,"p","p"
"HC1-K1","HC1",12,"p","p"
"HC1-K1","HC1",13,"p","p"
"HC1-K1","HC1",14,"p","p"
"HC1-K1","HC1",15,"d","d"
"HC1-K1","HC1",16,"p","p"
"HC1-K1","HC1",17,"p","p"
"HC1-K1","HC1",18,"p","p"
"HC1-K1","HC1",19,"p","p"
"HC1-K1","HC1",20,"p","p"
"HC1-K1","HC1",1,"p","p"
"HC1-K1","HC1",2,"p","p"
"HC1-K1","HC1",3,"p","p"
"HC1-K1","HC1",4,"p","p"
"HC1-K1","HC1",5,"p","p"
"HC1-K1","HC1",6,"p","p"
"HC1-K1","HC1",7,"p","p"
"HC1-K1","HC1",8,"s","s"
"HC1-K1","HC1",9,"s","s"
"HC1-K1","HC1",10,"p","p"
"HC1-K1","HC1",11,"p","p"
"HC1-K1","HC1",12,"p","p"
"HC1-K1","HC1",13,"p","p"
"HC1-K1","HC1",14,"p","p"
"HC1-K1","HC1",15,"d","d"
"HC1-K1","HC1",16,"p","p"
"HC1-K1","HC1",17,"p","p"
"HC1-K1","HC1",18,"p","p"
"HC1-K1","HC1",19,"p","p"
"HC1-K1","HC1",20,"p","p"
"HC1-K1","HC1",1,"p","p"
"HC1-K1","HC1",2,"p","p"
"HC1-K1","HC1",3,"p","p"
"HC1-K1","HC1",4,"p","p"
"HC1-K1","HC1",5,"p","p"
"HC1-K1","HC1",6,"p","p"
"HC1-K1","HC1",7,"p","p"
"HC1-K1","HC1",8,"s","s"
"HC1-K1","HC1",9,"s","s"
"HC1-K1","HC1",10,"p","p"
"HC1-K1","HC1",11,"p","p"
"HC1-K1","HC1",12,"p","p"
"HC1-K1","HC1",13,"p","p"
"HC1-K1","HC1",14,"p","p"
"HC1-K1","HC1",15,"d","d"
"HC1-K1","HC1",16,"p","p"
"HC1-K1","HC1",17,"p","p"
"HC1-K1","HC1",18,"p","p"
"HC1-K1","HC1",19,"p","p"
"HC1-K1","HC1",20,"p","p"
"HC1-K1","HC1",1,"u","u"
"HC1-K1","HC1",2,"u","u"
"HC1-K1","HC1",3,"p","p"
"HC1-K1","HC1",4,"p","p"
"HC1-K1","HC1",5,"p","p"
"HC1-K1","HC1",6,"p","p"
"HC1-K1","HC1",7,"p","p"
"HC1-K1","HC1",8,"s","s"
"HC1-K1","HC1",9,"s","s"
"HC1-K1","HC1",10,"s","s"
"HC1-K1","HC1",11,"p","p"
"HC1-K1","HC1",12,"p","p"
"HC1-K1","HC1",13,"p","p"
"HC1-K1","HC1",14,"p","p"
"HC1-K1","HC1",15,"d","d"
"HC1-K1","HC1",16,"p","p"
"HC1-K1","HC1",17,"p","p"
"HC1-K1","HC1",18,"p","p"
"HC1-K1","HC1",19,"p","p"
"HC1-K1","HC1",20,"p","p"
"HC2-C1","HC2",1,"p","p"
"HC2-C1","HC2",2,"p","p"
"HC2-C1","HC2",3,"p","p"
"HC2-C1","HC2",4,"p","p"
"HC2-C1","HC2",5,"u","u"
"HC2-C1","HC2",6,"u","u"
"HC2-C1","HC2",7,"u","u"
"HC2-C1","HC2",8,"u","u"
"HC2-C1","HC2",9,"p","p"
"HC2-C1","HC2",10,"p","p"
"HC2-C1","HC2",11,"s","s"
"HC2-C1","HC2",12,"s","s"
"HC2-C1","HC2",13,"s","s"
"HC2-C1","HC2",14,"s","s"
"HC2-C1","HC2",15,"s","s"
"HC2-C1","HC2",16,"s","s"
"HC2-C1","HC2",17,"s","s"
"HC2-C1","HC2",18,"s","s"
"HC2-C1","HC2",19,"s","s"
"HC2-C1","HC2",20,"s","s"
"HC2-C1","HC2",1,"d","d"
"HC2-C1","HC2",2,"p","p"
"HC2-C1","HC2",3,"p","p"
"HC2-C1","HC2",4,"p","p"
"HC2-C1","HC2",5,"u","u"
"HC2-C1","HC2",6,"u","u"
"HC2-C1","HC2",7,"u","u"
"HC2-C1","HC2",8,"u","u"
"HC2-C1","HC2",9,"u","u"
"HC2-C1","HC2",10,"u","u"
"HC2-C1","HC2",11,"s","s"
"HC2-C1","HC2",12,"s","s"
"HC2-C1","HC2",13,"s","s"
"HC2-C1","HC2",14,"s","s"
"HC2-C1","HC2",15,"s","s"
"HC2-C1","HC2",16,"s","s"
"HC2-C1","HC2",17,"s","s"
"HC2-C1","HC2",18,"s","s"
"HC2-C1","HC2",19,"s","s"
"HC2-C1","HC2",20,"s","s"
"HC2-C1","HC2",1,"p","p"
"HC2-C1","HC2",2,"p","p"
"HC2-C1","HC2",3,"p","p"
"HC2-C1","HC2",4,"p","p"
"HC2-C1","HC2",5,"u","u"
"HC2-C1","HC2",6,"u","u"
"HC2-C1","HC2",7,"u","u"
"HC2-C1","HC2",8,"u","u"
"HC2-C1","HC2",9,"u","u"
"HC2-C1","HC2",10,"p","p"
"HC2-C1","HC2",11,"s","s"
"HC2-C1","HC2",12,"s","s"
"HC2-C1","HC2",13,"s","s"
"HC2-C1","HC2",14,"s","s"
"HC2-C1","HC2",15,"s","s"
"HC2-C1","HC2",16,"s","s"
"HC2-C1","HC2",17,"s","s"
"HC2-C1","HC2",18,"s","s"
"HC2-C1","HC2",19,"s","s"
"HC2-C1","HC2",20,"s","s"
"HC2-A1","HC2",1,"u","u"
"HC2-A1","HC2",2,"u","u"
"HC2-A1","HC2",3,"u","u"
"HC2-A1","HC2",4,"u","u"
"HC2-A1","HC2",5,"u","u"
"HC2-A1","HC2",6,"u","u"
"HC2-A1","HC2",7,"u","u"
"HC2-A1","HC2",8,"u","u"
"HC2-A1","HC2",9,"u","u"
"HC2-A1","HC2",10,"d","d"
"HC2-A1","HC2",11,"d","d"
"HC2-A1","HC2",12,"p","p"
"HC2-A1","HC2",13,"p","p"
"HC2-A1","HC2",14,"p","p"
"HC2-A1","HC2",15,"p","p"
"HC2-A1","HC2",16,"p","p"
"HC2-A1","HC2",17,"p","p"
"HC2-A1","HC2",18,"u","u"
"HC2-A1","HC2",19,"p","p"
"HC2-A1","HC2",20,"p","p"
"HC2-A1","HC2",1,"u","u"
"HC2-A1","HC2",2,"u","u"
"HC2-A1","HC2",3,"u","u"
"HC2-A1","HC2",4,"u","u"
"HC2-A1","HC2",5,"u","u"
"HC2-A1","HC2",6,"u","u"
"HC2-A1","HC2",7,"u","u"
"HC2-A1","HC2",8,"u","u"
"HC2-A1","HC2",9,"u","u"
"HC2-A1","HC2",10,"d","d"
"HC2-A1","HC2",11,"p","p"
"HC2-A1","HC2",12,"p","p"
"HC2-A1","HC2",13,"p","p"
"HC2-A1","HC2",14,"p","p"
"HC2-A1","HC2",15,"p","p"
"HC2-A1","HC2",16,"p","p"
"HC2-A1","HC2",17,"u","u"
"HC2-A1","HC2",18,"p","p"
"HC2-A1","HC2",19,"p","p"
"HC2-A1","HC2",20,"p","p"
"HC2-A1","HC2",1,"u","u"
"HC2-A1","HC2",2,"u","u"
"HC2-A1","HC2",3,"u","u"
"HC2-A1","HC2",4,"u","u"
"HC2-A1","HC2",5,"u","u"
"HC2-A1","HC2",6,"u","u"
"HC2-A1","HC2",7,"u","u"
"HC2-A1","HC2",8,"u","u"
"HC2-A1","HC2",9,"u","u"
"HC2-A1","HC2",10,"d","d"
"HC2-A1","HC2",11,"d","d"
"HC2-A1","HC2",12,"p","p"
"HC2-A1","HC2",13,"p","p"
"HC2-A1","HC2",14,"p","p"
"HC2-A1","HC2",15,"p","p"
"HC2-A1","HC2",16,"p","p"
"HC2-A1","HC2",17,"p","p"
"HC2-A1","HC2",18,"u","u"
"HC2-A1","HC2",19,"p","p"
"HC2-A1","HC2",20,"p","p"
"HC2-A1","HC2",1,"u","u"
"HC2-A1","HC2",2,"u","u"
"HC2-A1","HC2",3,"u","u"
"HC2-A1","HC2",4,"u","u"
"HC2-A1","HC2",5,"u","u"
"HC2-A1","HC2",6,"u","u"
"HC2-A1","HC2",7,"u","u"
"HC2-A1","HC2",8,"u","u"
"HC2-A1","HC2",9,"u","u"
"HC2-A1","HC2",10,"d","d"
"HC2-A1","HC2",11,"d","d"
"HC2-A1","HC2",12,"p","p"
"HC2-A1","HC2",13,"p","p"
"HC2-A1","HC2",14,"p","p"
"HC2-A1","HC2",15,"p","p"
"HC2-A1","HC2",16,"p","p"
"HC2-A1","HC2",17,"p","p"
"HC2-A1","HC2",18,"u","u"
"HC2-A1","HC2",19,"p","p"
"HC2-A1","HC2",20,"p","p"
"HC2-B3","HC2",1,"p","p"
"HC2-B3","HC2",2,"p","u"
"HC2-B3","HC2",3,"p","u"
"HC2-B3","HC2",4,"p","u"
"HC2-B3","HC2",5,"p","u"
"HC2-B3","HC2",6,"p","u"
"HC2-B3","HC2",7,"u","f"
"HC2-B3","HC2",8,"p","p"
"HC2-B3","HC2",9,"p","p"
"HC2-B3","HC2",10,"p","p"
"HC2-B3","HC2",11,"p","p"
"HC2-B3","HC2",12,"p","p"
"HC2-B3","HC2",13,"p","p"
"HC2-B3","HC2",14,"d","d"
"HC2-B3","HC2",15,"p","p"
"HC2-B3","HC2",16,"p","p"
"HC2-B3","HC2",17,"p","p"
"HC2-B3","HC2",18,"p","p"
"HC2-B3","HC2",19,"p","p"
"HC2-B3","HC2",20,"p","p"
"HC2-B3","HC2",1,"p","p"
"HC2-B3","HC2",2,"p","p"
"HC2-B3","HC2",3,"p","p"
"HC2-B3","HC2",4,"p","p"
"HC2-B3","HC2",5,"p","p"
"HC2-B3","HC2",6,"p","p"
"HC2-B3","HC2",7,"u","u"
"HC2-B3","HC2",8,"p","p"
"HC2-B3","HC2",9,"p","p"
"HC2-B3","HC2",10,"p","p"
"HC2-B3","HC2",11,"p","p"
"HC2-B3","HC2",12,"p","p"
"HC2-B3","HC2",13,"p","p"
"HC2-B3","HC2",14,"p","p"
"HC2-B3","HC2",15,"d","d"
"HC2-B3","HC2",16,"p","p"
"HC2-B3","HC2",17,"p","p"
"HC2-B3","HC2",18,"p","p"
"HC2-B3","HC2",19,"p","p"
"HC2-B3","HC2",20,"p","p"
"HC2-B3","HC2",1,"u","p"
"HC2-B3","HC2",2,"u","p"
"HC2-B3","HC2",3,"u","p"
"HC2-B3","HC2",4,"u","u"
"HC2-B3","HC2",5,"u","u"
"HC2-B3","HC2",6,"u","u"
"HC2-B3","HC2",7,"u","f"
"HC2-B3","HC2",8,"d","d"
"HC2-B3","HC2",9,"p","d"
"HC2-B3","HC2",10,"p","d"
"HC2-B3","HC2",11,"p","d"
"HC2-B3","HC2",12,"p","d"
"HC2-B3","HC2",13,"p","d"
"HC2-B3","HC2",14,"p","p"
"HC2-B3","HC2",15,"s","f"
"HC2-B3","HC2",16,"s","d"
"HC2-B3","HC2",17,"s","p"
"HC2-B3","HC2",18,"s","p"
"HC2-B3","HC2",19,"s","p"
"HC2-B3","HC2",20,"s","p"
"HC2-B3","HC2",1,"p","p"
"HC2-B3","HC2",2,"p","p"
"HC2-B3","HC2",3,"p","p"
"HC2-B3","HC2",4,"p","p"
"HC2-B3","HC2",5,"p","p"
"HC2-B3","HC2",6,"p","p"
"HC2-B3","HC2",7,"u","u"
"HC2-B3","HC2",8,"p","p"
"HC2-B3","HC2",9,"p","p"
"HC2-B3","HC2",10,"p","p"
"HC2-B3","HC2",11,"p","p"
"HC2-B3","HC2",12,"p","p"
"HC2-B3","HC2",13,"p","p"
"HC2-B3","HC2",14,"p","p"
"HC2-B3","HC2",15,"p","p"
"HC2-B3","HC2",16,"d","d"
"HC2-B3","HC2",17,"p","p"
"HC2-B3","HC2",18,"p","p"
"HC2-B3","HC2",19,"p","p"
"HC2-B3","HC2",20,"p","p"
"HC2-E1","HC2",1,"d","d"
"HC2-E1","HC2",2,"p","p"
"HC2-E1","HC2",3,"p","p"
"HC2-E1","HC2",4,"u","u"
"HC2-E1","HC2",5,"p","p"
"HC2-E1","HC2",6,"u","u"
"HC2-E1","HC2",7,"u","u"
"HC2-E1","HC2",8,"u","u"
"HC2-E1","HC2",9,"u","u"
"HC2-E1","HC2",10,"u","u"
"HC2-E1","HC2",11,"p","p"
"HC2-E1","HC2",12,"p","p"
"HC2-E1","HC2",13,"p","p"
"HC2-E1","HC2",14,"p","p"
"HC2-E1","HC2",15,"p","p"
"HC2-E1","HC2",16,"p","p"
"HC2-E1","HC2",17,"d","d"
"HC2-E1","HC2",18,"p","p"
"HC2-E1","HC2",19,"p","p"
"HC2-E1","HC2",20,"u","u"
"HC2-E1","HC2",1,"d","d"
"HC2-E1","HC2",2,"d","d"
"HC2-E1","HC2",3,"p","p"
"HC2-E1","HC2",4,"u","u"
"HC2-E1","HC2",5,"p","p"
"HC2-E1","HC2",6,"u","u"
"HC2-E1","HC2",7,"u","u"
"HC2-E1","HC2",8,"u","u"
"HC2-E1","HC2",9,"u","u"
"HC2-E1","HC2",10,"u","u"
"HC2-E1","HC2",11,"p","p"
"HC2-E1","HC2",12,"p","p"
"HC2-E1","HC2",13,"p","p"
"HC2-E1","HC2",14,"p","p"
"HC2-E1","HC2",15,"p","p"
"HC2-E1","HC2",16,"p","p"
"HC2-E1","HC2",17,"d","d"
"HC2-E1","HC2",18,"p","p"
"HC2-E1","HC2",19,"p","p"
"HC2-E1","HC2",20,"u","u"
"HC2-E1","HC2",1,"d","d"
"HC2-E1","HC2",2,"p","p"
"HC2-E1","HC2",3,"p","p"
"HC2-E1","HC2",4,"u","u"
"HC2-E1","HC2",5,"p","p"
"HC2-E1","HC2",6,"p","p"
"HC2-E1","HC2",7,"u","u"
"HC2-E1","HC2",8,"u","u"
"HC2-E1","HC2",9,"u","u"
"HC2-E1","HC2",10,"p","p"
"HC2-E1","HC2",11,"p","p"
"HC2-E1","HC2",12,"p","p"
"HC2-E1","HC2",13,"p","p"
"HC2-E1","HC2",14,"p","p"
"HC2-E1","HC2",15,"p","p"
"HC2-E1","HC2",16,"p","p"
"HC2-E1","HC2",17,"d","d"
"HC2-E1","HC2",18,"p","p"
"HC2-E1","HC2",19,"p","p"
"HC2-E1","HC2",20,"p","p"
"HC2-E1","HC2",1,"d","d"
"HC2-E1","HC2",2,"d","d"
"HC2-E1","HC2",3,"u","u"
"HC2-E1","HC2",4,"u","u"
"HC2-E1","HC2",5,"p","p"
"HC2-E1","HC2",6,"u","u"
"HC2-E1","HC2",7,"u","u"
"HC2-E1","HC2",8,"u","u"
"HC2-E1","HC2",9,"u","u"
"HC2-E1","HC2",10,"p","p"
"HC2-E1","HC2",11,"p","p"
"HC2-E1","HC2",12,"p","p"
"HC2-E1","HC2",13,"p","p"
"HC2-E1","HC2",14,"p","p"
"HC2-E1","HC2",15,"p","p"
"HC2-E1","HC2",16,"p","p"
"HC2-E1","HC2",17,"d","d"
"HC2-E1","HC2",18,"d","d"
"HC2-E1","HC2",19,"d","d"
"HC2-E1","HC2",20,"u","u"
"HC2-F2","HC2",1,"p","p"
"HC2-F2","HC2",2,"p","p"
"HC2-F2","HC2",3,"p","p"
"HC2-F2","HC2",4,"s","s"
"HC2-F2","HC2",5,"s","s"
"HC2-F2","HC2",6,"s","s"
"HC2-F2","HC2",7,"s","s"
"HC2-F2","HC2",8,"s","s"
"HC2-F2","HC2",9,"s","s"
"HC2-F2","HC2",10,"s","s"
"HC2-F2","HC2",11,"s","s"
"HC2-F2","HC2",12,"s","s"
"HC2-F2","HC2",13,"s","s"
"HC2-F2","HC2",14,"s","s"
"HC2-F2","HC2",15,"s","s"
"HC2-F2","HC2",16,"s","s"
"HC2-F2","HC2",17,"s","s"
"HC2-F2","HC2",18,"s","s"
"HC2-F2","HC2",19,"s","s"
"HC2-F2","HC2",20,"s","s"
"HC2-F2","HC2",1,"p","p"
"HC2-F2","HC2",2,"p","p"
"HC2-F2","HC2",3,"p","p"
"HC2-F2","HC2",4,"s","s"
"HC2-F2","HC2",5,"s","s"
"HC2-F2","HC2",6,"s","s"
"HC2-F2","HC2",7,"s","s"
"HC2-F2","HC2",8,"s","s"
"HC2-F2","HC2",9,"s","s"
"HC2-F2","HC2",10,"s","s"
"HC2-F2","HC2",11,"s","s"
"HC2-F2","HC2",12,"s","s"
"HC2-F2","HC2",13,"s","s"
"HC2-F2","HC2",14,"s","s"
"HC2-F2","HC2",15,"s","s"
"HC2-F2","HC2",16,"s","s"
"HC2-F2","HC2",17,"s","s"
"HC2-F2","HC2",18,"s","s"
"HC2-F2","HC2",19,"s","s"
"HC2-F2","HC2",20,"s","s"
"HC2-F2","HC2",1,"p","p"
"HC2-F2","HC2",2,"p","p"
"HC2-F2","HC2",3,"p","p"
"HC2-F2","HC2",4,"s","s"
"HC2-F2","HC2",5,"s","s"
"HC2-F2","HC2",6,"s","s"
"HC2-F2","HC2",7,"s","s"
"HC2-F2","HC2",8,"s","s"
"HC2-F2","HC2",9,"s","s"
"HC2-F2","HC2",10,"s","s"
"HC2-F2","HC2",11,"s","s"
"HC2-F2","HC2",12,"s","s"
"HC2-F2","HC2",13,"s","s"
"HC2-F2","HC2",14,"s","s"
"HC2-F2","HC2",15,"s","s"
"HC2-F2","HC2",16,"s","s"
"HC2-F2","HC2",17,"s","s"
"HC2-F2","HC2",18,"s","s"
"HC2-F2","HC2",19,"s","s"
"HC2-F2","HC2",20,"s","s"
"HC2-F2","HC2",1,"p","p"
"HC2-F2","HC2",2,"p","p"
"HC2-F2","HC2",3,"p","p"
"HC2-F2","HC2",4,"s","s"
"HC2-F2","HC2",5,"s","s"
"HC2-F2","HC2",6,"s","s"
"HC2-F2","HC2",7,"s","s"
"HC2-F2","HC2",8,"s","s"
"HC2-F2","HC2",9,"s","s"
"HC2-F2","HC2",10,"s","s"
"HC2-F2","HC2",11,"s","s"
"HC2-F2","HC2",12,"s","s"
"HC2-F2","HC2",13,"s","s"
"HC2-F2","HC2",14,"s","s"
"HC2-F2","HC2",15,"s","s"
"HC2-F2","HC2",16,"s","s"
"HC2-F2","HC2",17,"s","s"
"HC2-F2","HC2",18,"s","s"
"HC2-F2","HC2",19,"s","s"
"HC2-F2","HC2",20,"s","s"
"HC2-F1","HC2",1,"p","p"
"HC2-F1","HC2",2,"p","p"
"HC2-F1","HC2",3,"p","p"
"HC2-F1","HC2",4,"s","s"
"HC2-F1","HC2",5,"s","s"
"HC2-F1","HC2",6,"s","s"
"HC2-F1","HC2",7,"s","s"
"HC2-F1","HC2",8,"s","s"
"HC2-F1","HC2",9,"s","s"
"HC2-F1","HC2",10,"s","s"
"HC2-F1","HC2",11,"s","s"
"HC2-F1","HC2",12,"s","s"
"HC2-F1","HC2",13,"s","s"
"HC2-F1","HC2",14,"s","s"
"HC2-F1","HC2",15,"s","s"
"HC2-F1","HC2",16,"s","s"
"HC2-F1","HC2",17,"s","s"
"HC2-F1","HC2",18,"s","s"
"HC2-F1","HC2",19,"p","p"
"HC2-F1","HC2",20,"p","p"
"HC2-F1","HC2",1,"p","p"
"HC2-F1","HC2",2,"p","p"
"HC2-F1","HC2",3,"p","p"
"HC2-F1","HC2",4,"s","s"
"HC2-F1","HC2",5,"s","s"
"HC2-F1","HC2",6,"s","s"
"HC2-F1","HC2",7,"s","s"
"HC2-F1","HC2",8,"s","s"
"HC2-F1","HC2",9,"s","s"
"HC2-F1","HC2",10,"s","s"
"HC2-F1","HC2",11,"s","s"
"HC2-F1","HC2",12,"s","s"
"HC2-F1","HC2",13,"s","s"
"HC2-F1","HC2",14,"s","s"
"HC2-F1","HC2",15,"s","s"
"HC2-F1","HC2",16,"s","s"
"HC2-F1","HC2",17,"s","s"
"HC2-F1","HC2",18,"p","p"
"HC2-F1","HC2",19,"p","p"
"HC2-F1","HC2",20,"p","p"
"HC2-F1","HC2",1,"p","p"
"HC2-F1","HC2",2,"p","p"
"HC2-F1","HC2",3,"p","p"
"HC2-F1","HC2",4,"p","p"
"HC2-F1","HC2",5,"s","s"
"HC2-F1","HC2",6,"s","s"
"HC2-F1","HC2",7,"s","s"
"HC2-F1","HC2",8,"s","s"
"HC2-F1","HC2",9,"s","s"
"HC2-F1","HC2",10,"s","s"
"HC2-F1","HC2",11,"s","s"
"HC2-F1","HC2",12,"s","s"
"HC2-F1","HC2",13,"s","s"
"HC2-F1","HC2",14,"s","s"
"HC2-F1","HC2",15,"s","s"
"HC2-F1","HC2",16,"s","s"
"HC2-F1","HC2",17,"s","s"
"HC2-F1","HC2",18,"s","s"
"HC2-F1","HC2",19,"p","p"
"HC2-F1","HC2",20,"p","p"
"HC2-F1","HC2",1,"p","p"
"HC2-F1","HC2",2,"p","p"
"HC2-F1","HC2",3,"p","p"
"HC2-F1","HC2",4,"s","s"
"HC2-F1","HC2",5,"s","s"
"HC2-F1","HC2",6,"s","s"
"HC2-F1","HC2",7,"s","s"
"HC2-F1","HC2",8,"s","s"
"HC2-F1","HC2",9,"s","s"
"HC2-F1","HC2",10,"s","s"
"HC2-F1","HC2",11,"s","s"
"HC2-F1","HC2",12,"s","s"
"HC2-F1","HC2",13,"s","s"
"HC2-F1","HC2",14,"s","s"
"HC2-F1","HC2",15,"s","s"
"HC2-F1","HC2",16,"s","s"
"HC2-F1","HC2",17,"s","s"
"HC2-F1","HC2",18,"s","s"
"HC2-F1","HC2",19,"p","p"
"HC2-F1","HC2",20,"p","p"
"SIR-A1","SIR",1,"d","d"
"SIR-A1","SIR",2,"d","d"
"SIR-A1","SIR",3,"d","d"
"SIR-A1","SIR",4,"u","u"
"SIR-A1","SIR",5,"d","d"
"SIR-A1","SIR",6,"u","u"
"SIR-A1","SIR",7,"u","u"
"SIR-A1","SIR",8,"u","u"
"SIR-A1","SIR",9,"u","u"
"SIR-A1","SIR",10,"u","u"
"SIR-A1","SIR",11,"u","u"
"SIR-A1","SIR",12,"p","p"
"SIR-A1","SIR",13,"p","p"
"SIR-A1","SIR",14,"p","p"
"SIR-A1","SIR",15,"p","p"
"SIR-A1","SIR",16,"d","d"
"SIR-A1","SIR",17,"d","d"
"SIR-A1","SIR",18,"d","d"
"SIR-A1","SIR",19,"d","d"
"SIR-A1","SIR",20,"u","u"
"SIR-A1","SIR",1,"d","d"
"SIR-A1","SIR",2,"p","p"
"SIR-A1","SIR",3,"p","p"
"SIR-A1","SIR",4,"u","u"
"SIR-A1","SIR",5,"d","d"
"SIR-A1","SIR",6,"u","u"
"SIR-A1","SIR",7,"u","u"
"SIR-A1","SIR",8,"u","u"
"SIR-A1","SIR",9,"u","u"
"SIR-A1","SIR",10,"u","u"
"SIR-A1","SIR",11,"p","p"
"SIR-A1","SIR",12,"p","p"
"SIR-A1","SIR",13,"p","p"
"SIR-A1","SIR",14,"p","p"
"SIR-A1","SIR",15,"p","p"
"SIR-A1","SIR",16,"d","d"
"SIR-A1","SIR",17,"d","d"
"SIR-A1","SIR",18,"d","d"
"SIR-A1","SIR",19,"d","d"
"SIR-A1","SIR",20,"u","u"
"SIR-A1","SIR",1,"d","d"
"SIR-A1","SIR",2,"d","d"
"SIR-A1","SIR",3,"d","d"
"SIR-A1","SIR",4,"u","u"
"SIR-A1","SIR",5,"d","d"
"SIR-A1","SIR",6,"d","d"
"SIR-A1","SIR",7,"u","u"
"SIR-A1","SIR",8,"u","u"
"SIR-A1","SIR",9,"u","u"
"SIR-A1","SIR",10,"u","u"
"SIR-A1","SIR",11,"p","p"
"SIR-A1","SIR",12,"p","p"
"SIR-A1","SIR",13,"p","p"
"SIR-A1","SIR",14,"p","p"
"SIR-A1","SIR",15,"p","p"
"SIR-A1","SIR",16,"p","p"
"SIR-A1","SIR",17,"d","d"
"SIR-A1","SIR",18,"d","d"
"SIR-A1","SIR",19,"d","d"
"SIR-A1","SIR",20,"u","u"
"SUR-A4","SUR",1,"d","d"
"SUR-A4","SUR",2,"p","p"
"SUR-A4","SUR",3,"p","p"
"SUR-A4","SUR",4,"p","p"
"SUR-A4","SUR",5,"p","p"
"SUR-A4","SUR",6,"p","p"
"SUR-A4","SUR",7,"s","s"
"SUR-A4","SUR",8,"s","s"
"SUR-A4","SUR",9,"s","s"
"SUR-A4","SUR",10,"s","s"
"SUR-A4","SUR",11,"s","s"
"SUR-A4","SUR",12,"s","s"
"SUR-A4","SUR",13,"s","s"
"SUR-A4","SUR",14,"s","s"
"SUR-A4","SUR",15,"s","s"
"SUR-A4","SUR",16,"s","s"
"SUR-A4","SUR",17,"s","s"
"SUR-A4","SUR",18,"s","s"
"SUR-A4","SUR",19,"s","s"
"SUR-A4","SUR",20,"s","s"
"SUR-A4","SUR",1,"p","p"
"SUR-A4","SUR",2,"p","p"
"SUR-A4","SUR",3,"p","p"
"SUR-A4","SUR",4,"p","p"
"SUR-A4","SUR",5,"p","p"
"SUR-A4","SUR",6,"p","p"
"SUR-A4","SUR",7,"s","s"
"SUR-A4","SUR",8,"s","s"
"SUR-A4","SUR",9,"s","s"
"SUR-A4","SUR",10,"s","s"
"SUR-A4","SUR",11,"s","s"
"SUR-A4","SUR",12,"s","s"
"SUR-A4","SUR",13,"s","s"
"SUR-A4","SUR",14,"s","s"
"SUR-A4","SUR",15,"s","s"
"SUR-A4","SUR",16,"s","s"
"SUR-A4","SUR",17,"s","s"
"SUR-A4","SUR",18,"s","s"
"SUR-A4","SUR",19,"s","s"
"SUR-A4","SUR",20,"s","s"
"SUR-A4","SUR",1,"d","d"
"SUR-A4","SUR",2,"p","p"
"SUR-A4","SUR",3,"p","p"
"SUR-A4","SUR",4,"p","p"
"SUR-A4","SUR",5,"p","p"
"SUR-A4","SUR",6,"p","p"
"SUR-A4","SUR",7,"s","s"
"SUR-A4","SUR",8,"s","s"
"SUR-A4","SUR",9,"s","s"
"SUR-A4","SUR",10,"s","s"
"SUR-A4","SUR",11,"s","s"
"SUR-A4","SUR",12,"s","s"
"SUR-A4","SUR",13,"s","s"
"SUR-A4","SUR",14,"s","s"
"SUR-A4","SUR",15,"s","s"
"SUR-A4","SUR",16,"s","s"
"SUR-A4","SUR",17,"s","s"
"SUR-A4","SUR",18,"s","s"
"SUR-A4","SUR",19,"s","s"
"SUR-A4","SUR",20,"s","s"
"SUR-A4","SUR",1,"d","d"
"SUR-A4","SUR",2,"p","p"
"SUR-A4","SUR",3,"p","p"
"SUR-A4","SUR",4,"p","p"
"SUR-A4","SUR",5,"p","p"
"SUR-A4","SUR",6,"p","p"
"SUR-A4","SUR",7,"s","s"
"SUR-A4","SUR",8,"s","s"
"SUR-A4","SUR",9,"s","s"
"SUR-A4","SUR",10,"s","s"
"SUR-A4","SUR",11,"s","s"
"SUR-A4","SUR",12,"s","s"
"SUR-A4","SUR",13,"s","s"
"SUR-A4","SUR",14,"s","s"
"SUR-A4","SUR",15,"s","s"
"SUR-A4","SUR",16,"s","s"
"SUR-A4","SUR",17,"s","s"
"SUR-A4","SUR",18,"s","s"
"SUR-A4","SUR",19,"s","s"
"SUR-A4","SUR",20,"s","s"
"SUR-J4","SUR",1,"p","p"
"SUR-J4","SUR",2,"p","p"
"SUR-J4","SUR",3,"p","p"
"SUR-J4","SUR",4,"s","s"
"SUR-J4","SUR",5,"s","s"
"SUR-J4","SUR",6,"s","s"
"SUR-J4","SUR",7,"s","s"
"SUR-J4","SUR",8,"s","s"
"SUR-J4","SUR",9,"s","s"
"SUR-J4","SUR",10,"s","s"
"SUR-J4","SUR",11,"s","s"
"SUR-J4","SUR",12,"s","s"
"SUR-J4","SUR",13,"s","s"
"SUR-J4","SUR",14,"s","s"
"SUR-J4","SUR",15,"s","s"
"SUR-J4","SUR",16,"s","s"
"SUR-J4","SUR",17,"s","s"
"SUR-J4","SUR",18,"s","s"
"SUR-J4","SUR",19,"s","s"
"SUR-J4","SUR",20,"s","s"
"SUR-J4","SUR",1,"p","p"
"SUR-J4","SUR",2,"p","p"
"SUR-J4","SUR",3,"p","p"
"SUR-J4","SUR",4,"s","s"
"SUR-J4","SUR",5,"s","s"
"SUR-J4","SUR",6,"s","s"
"SUR-J4","SUR",7,"s","s"
"SUR-J4","SUR",8,"s","s"
"SUR-J4","SUR",9,"s","s"
"SUR-J4","SUR",10,"s","s"
"SUR-J4","SUR",11,"s","s"
"SUR-J4","SUR",12,"s","s"
"SUR-J4","SUR",13,"s","s"
"SUR-J4","SUR",14,"s","s"
"SUR-J4","SUR",15,"s","s"
"SUR-J4","SUR",16,"s","s"
"SUR-J4","SUR",17,"s","s"
"SUR-J4","SUR",18,"s","s"
"SUR-J4","SUR",19,"s","s"
"SUR-J4","SUR",20,"s","s"
"SUR-J4","SUR",1,"p","p"
"SUR-J4","SUR",2,"p","p"
"SUR-J4","SUR",3,"p","p"
"SUR-J4","SUR",4,"s","s"
"SUR-J4","SUR",5,"s","s"
"SUR-J4","SUR",6,"s","s"
"SUR-J4","SUR",7,"s","s"
"SUR-J4","SUR",8,"s","s"
"SUR-J4","SUR",9,"s","s"
"SUR-J4","SUR",10,"s","s"
"SUR-J4","SUR",11,"s","s"
"SUR-J4","SUR",12,"s","s"
"SUR-J4","SUR",13,"s","s"
"SUR-J4","SUR",14,"s","s"
"SUR-J4","SUR",15,"s","s"
"SUR-J4","SUR",16,"s","s"
"SUR-J4","SUR",17,"s","s"
"SUR-J4","SUR",18,"s","s"
"SUR-J4","SUR",19,"s","s"
"SUR-J4","SUR",20,"s","s"
"SUR-K4","SUR",1,"p","p"
"SUR-K4","SUR",2,"p","p"
"SUR-K4","SUR",3,"s","s"
"SUR-K4","SUR",4,"s","s"
"SUR-K4","SUR",5,"s","s"
"SUR-K4","SUR",6,"s","s"
"SUR-K4","SUR",7,"s","s"
"SUR-K4","SUR",8,"p","p"
"SUR-K4","SUR",9,"p","p"
"SUR-K4","SUR",10,"p","p"
"SUR-K4","SUR",11,"p","p"
"SUR-K4","SUR",12,"p","p"
"SUR-K4","SUR",13,"p","p"
"SUR-K4","SUR",14,"p","p"
"SUR-K4","SUR",15,"p","p"
"SUR-K4","SUR",16,"p","p"
"SUR-K4","SUR",17,"u","u"
"SUR-K4","SUR",18,"p","p"
"SUR-K4","SUR",19,"p","p"
"SUR-K4","SUR",20,"p","p"
"SUR-K4","SUR",1,"p","p"
"SUR-K4","SUR",2,"p","p"
"SUR-K4","SUR",3,"p","p"
"SUR-K4","SUR",4,"s","s"
"SUR-K4","SUR",5,"s","s"
"SUR-K4","SUR",6,"s","s"
"SUR-K4","SUR",7,"s","s"
"SUR-K4","SUR",8,"p","p"
"SUR-K4","SUR",9,"p","p"
"SUR-K4","SUR",10,"p","p"
"SUR-K4","SUR",11,"p","p"
"SUR-K4","SUR",12,"p","p"
"SUR-K4","SUR",13,"p","p"
"SUR-K4","SUR",14,"p","p"
"SUR-K4","SUR",15,"p","p"
"SUR-K4","SUR",16,"p","p"
"SUR-K4","SUR",17,"u","u"
"SUR-K4","SUR",18,"p","p"
"SUR-K4","SUR",19,"p","p"
"SUR-K4","SUR",20,"p","p"
"SUR-K4","SUR",1,"p","p"
"SUR-K4","SUR",2,"p","p"
"SUR-K4","SUR",3,"p","p"
"SUR-K4","SUR",4,"s","s"
"SUR-K4","SUR",5,"s","s"
"SUR-K4","SUR",6,"s","s"
"SUR-K4","SUR",7,"s","s"
"SUR-K4","SUR",8,"p","p"
"SUR-K4","SUR",9,"p","p"
"SUR-K4","SUR",10,"p","p"
"SUR-K4","SUR",11,"p","p"
"SUR-K4","SUR",12,"p","p"
"SUR-K4","SUR",13,"p","p"
"SUR-K4","SUR",14,"p","p"
"SUR-K4","SUR",15,"p","p"
"SUR-K4","SUR",16,"p","p"
"SUR-K4","SUR",17,"p","p"
"SUR-K4","SUR",18,"u","u"
"SUR-K4","SUR",19,"p","p"
"SUR-K4","SUR",20,"p","p"
"SUR-K4","SUR",1,"p","p"
"SUR-K4","SUR",2,"p","p"
"SUR-K4","SUR",3,"s","s"
"SUR-K4","SUR",4,"s","s"
"SUR-K4","SUR",5,"s","s"
"SUR-K4","SUR",6,"s","s"
"SUR-K4","SUR",7,"s","s"
"SUR-K4","SUR",8,"p","p"
"SUR-K4","SUR",9,"p","p"
"SUR-K4","SUR",10,"p","p"
"SUR-K4","SUR",11,"p","p"
"SUR-K4","SUR",12,"p","p"
"SUR-K4","SUR",13,"p","p"
"SUR-K4","SUR",14,"p","p"
"SUR-K4","SUR",15,"p","p"
"SUR-K4","SUR",16,"p","p"
"SUR-K4","SUR",17,"p","p"
"SUR-K4","SUR",18,"u","u"
"SUR-K4","SUR",19,"p","p"
"SUR-K4","SUR",20,"p","p"
"TR1-C3","TR1",1,"u","u"
"TR1-C3","TR1",2,"d","d"
"TR1-C3","TR1",3,"d","d"
"TR1-C3","TR1",4,"d","d"
"TR1-C3","TR1",5,"p","p"
"TR1-C3","TR1",6,"p","p"
"TR1-C3","TR1",7,"s","s"
"TR1-C3","TR1",8,"s","s"
"TR1-C3","TR1",9,"s","s"
"TR1-C3","TR1",10,"s","s"
"TR1-C3","TR1",11,"s","s"
"TR1-C3","TR1",12,"s","s"
"TR1-C3","TR1",13,"s","s"
"TR1-C3","TR1",14,"s","s"
"TR1-C3","TR1",15,"s","s"
"TR1-C3","TR1",16,"s","s"
"TR1-C3","TR1",17,"s","s"
"TR1-C3","TR1",18,"s","s"
"TR1-C3","TR1",19,"s","s"
"TR1-C3","TR1",20,"s","s"
"SJA-C2","SJA",1,"p","u"
"SJA-C2","SJA",2,"p","u"
"SJA-C2","SJA",3,"p","u"
"SJA-C2","SJA",4,"m","m"
"SJA-C2","SJA",5,"m","m"
"SJA-C2","SJA",6,"m","m"
"SJA-C2","SJA",7,"m","m"
"SJA-C2","SJA",8,"m","m"
"SJA-C2","SJA",9,"m","m"
"SJA-C2","SJA",10,"m","m"
"SJA-C2","SJA",11,"m","m"
"SJA-C2","SJA",12,"m","m"
"SJA-C2","SJA",13,"m","m"
"SJA-C2","SJA",14,"m","m"
"SJA-C2","SJA",15,"m","m"
"SJA-C2","SJA",16,"m","m"
"SJA-C2","SJA",17,"f","f"
"SJA-C2","SJA",18,"f","f"
"SJA-C2","SJA",19,"f","f"
"SJA-C2","SJA",20,"f","f"
"SJA-C2","SJA",1,"p","p"
"SJA-C2","SJA",2,"p","p"
"SJA-C2","SJA",3,"p","p"
"SJA-C2","SJA",4,"m","m"
"SJA-C2","SJA",5,"m","m"
"SJA-C2","SJA",6,"m","m"
"SJA-C2","SJA",7,"m","m"
"SJA-C2","SJA",8,"m","m"
"SJA-C2","SJA",9,"m","m"
"SJA-C2","SJA",10,"m","m"
"SJA-C2","SJA",11,"m","m"
"SJA-C2","SJA",12,"m","m"
"SJA-C2","SJA",13,"m","m"
"SJA-C2","SJA",14,"m","m"
"SJA-C2","SJA",15,"m","m"
"SJA-C2","SJA",16,"f","f"
"SJA-C2","SJA",17,"f","f"
"SJA-C2","SJA",18,"f","f"
"SJA-C2","SJA",19,"f","f"
"SJA-C2","SJA",20,"f","f"
"SJA-C2","SJA",1,"p","u"
"SJA-C2","SJA",2,"p","u"
"SJA-C2","SJA",3,"p","p"
"SJA-C2","SJA",4,"m","m"
"SJA-C2","SJA",5,"m","m"
"SJA-C2","SJA",6,"m","m"
"SJA-C2","SJA",7,"m","m"
"SJA-C2","SJA",8,"m","m"
"SJA-C2","SJA",9,"m","m"
"SJA-C2","SJA",10,"m","m"
"SJA-C2","SJA",11,"m","m"
"SJA-C2","SJA",12,"m","m"
"SJA-C2","SJA",13,"m","m"
"SJA-C2","SJA",14,"m","m"
"SJA-C2","SJA",15,"m","m"
"SJA-C2","SJA",16,"f","m"
"SJA-C2","SJA",17,"f","f"
"SJA-C2","SJA",18,"f","f"
"SJA-C2","SJA",19,"f","f"
"SJA-C2","SJA",20,"f","f"
"SJA-C2","SJA",1,"p","p"
"SJA-C2","SJA",2,"p","p"
"SJA-C2","SJA",3,"p","p"
"SJA-C2","SJA",4,"m","m"
"SJA-C2","SJA",5,"m","m"
"SJA-C2","SJA",6,"m","m"
"SJA-C2","SJA",7,"m","m"
"SJA-C2","SJA",8,"m","m"
"SJA-C2","SJA",9,"m","m"
"SJA-C2","SJA",10,"m","m"
"SJA-C2","SJA",11,"m","m"
"SJA-C2","SJA",12,"m","m"
"SJA-C2","SJA",13,"m","m"
"SJA-C2","SJA",14,"m","m"
"SJA-C2","SJA",15,"m","m"
"SJA-C2","SJA",16,"f","f"
"SJA-C2","SJA",17,"f","f"
"SJA-C2","SJA",18,"f","f"
"SJA-C2","SJA",19,"f","f"
"SJA-C2","SJA",20,"f","f"
"CCL-M1","CCL",1,"d","d"
"CCL-M1","CCL",2,"u","u"
"CCL-M1","CCL",3,"u","u"
"CCL-M1","CCL",4,"p","p"
"CCL-M1","CCL",5,"p","p"
"CCL-M1","CCL",6,"p","p"
"CCL-M1","CCL",7,"p","p"
"CCL-M1","CCL",8,"p","p"
"CCL-M1","CCL",9,"u","u"
"CCL-M1","CCL",10,"u","u"
"CCL-M1","CCL",11,"p","p"
"CCL-M1","CCL",12,"p","p"
"CCL-M1","CCL",13,"p","p"
"CCL-M1","CCL",14,"u","u"
"CCL-M1","CCL",15,"d","d"
"CCL-M1","CCL",16,"d","d"
"CCL-M1","CCL",17,"d","d"
"CCL-M1","CCL",18,"p","p"
"CCL-M1","CCL",19,"u","u"
"CCL-M1","CCL",20,"u","u"
"CCL-M1","CCL",1,"d","d"
"CCL-M1","CCL",2,"p","p"
"CCL-M1","CCL",3,"u","u"
"CCL-M1","CCL",4,"p","p"
"CCL-M1","CCL",5,"p","p"
"CCL-M1","CCL",6,"p","p"
"CCL-M1","CCL",7,"p","p"
"CCL-M1","CCL",8,"p","p"
"CCL-M1","CCL",9,"u","u"
"CCL-M1","CCL",10,"u","u"
"CCL-M1","CCL",11,"p","p"
"CCL-M1","CCL",12,"p","p"
"CCL-M1","CCL",13,"p","p"
"CCL-M1","CCL",14,"u","u"
"CCL-M1","CCL",15,"d","d"
"CCL-M1","CCL",16,"d","d"
"CCL-M1","CCL",17,"d","d"
"CCL-M1","CCL",18,"p","p"
"CCL-M1","CCL",19,"p","p"
"CCL-M1","CCL",20,"p","p"
"CCL-M1","CCL",1,"d","d"
"CCL-M1","CCL",2,"u","u"
"CCL-M1","CCL",3,"u","u"
"CCL-M1","CCL",4,"p","p"
"CCL-M1","CCL",5,"p","p"
"CCL-M1","CCL",6,"p","p"
"CCL-M1","CCL",7,"p","p"
"CCL-M1","CCL",8,"p","p"
"CCL-M1","CCL",9,"u","u"
"CCL-M1","CCL",10,"u","u"
"CCL-M1","CCL",11,"p","p"
"CCL-M1","CCL",12,"p","p"
"CCL-M1","CCL",13,"p","p"
"CCL-M1","CCL",14,"u","u"
"CCL-M1","CCL",15,"d","d"
"CCL-M1","CCL",16,"d","d"
"CCL-M1","CCL",17,"d","d"
"CCL-M1","CCL",18,"p","p"
"CCL-M1","CCL",19,"p","p"
"CCL-M1","CCL",20,"p","p"
"CCL-M1","CCL",1,"d","d"
"CCL-M1","CCL",2,"u","u"
"CCL-M1","CCL",3,"u","u"
"CCL-M1","CCL",4,"p","p"
"CCL-M1","CCL",5,"p","p"
"CCL-M1","CCL",6,"p","p"
"CCL-M1","CCL",7,"p","p"
"CCL-M1","CCL",8,"p","p"
"CCL-M1","CCL",9,"u","u"
"CCL-M1","CCL",10,"p","p"
"CCL-M1","CCL",11,"p","p"
"CCL-M1","CCL",12,"p","p"
"CCL-M1","CCL",13,"u","u"
"CCL-M1","CCL",14,"d","d"
"CCL-M1","CCL",15,"d","d"
"CCL-M1","CCL",16,"d","d"
"CCL-M1","CCL",17,"d","d"
"CCL-M1","CCL",18,"p","p"
"CCL-M1","CCL",19,"u","u"
"CCL-M1","CCL",20,"d","d"
"CCL-K2","CCL",1,"u","u"
"CCL-K2","CCL",2,"u","u"
"CCL-K2","CCL",3,"u","u"
"CCL-K2","CCL",4,"u","u"
"CCL-K2","CCL",5,"u","u"
"CCL-K2","CCL",6,"u","u"
"CCL-K2","CCL",7,"u","u"
"CCL-K2","CCL",8,"u","u"
"CCL-K2","CCL",9,"p","p"
"CCL-K2","CCL",10,"p","p"
"CCL-K2","CCL",11,"p","p"
"CCL-K2","CCL",12,"p","p"
"CCL-K2","CCL",13,"p","p"
"CCL-K2","CCL",14,"u","u"
"CCL-K2","CCL",15,"u","u"
"CCL-K2","CCL",16,"d","d"
"CCL-K2","CCL",17,"d","d"
"CCL-K2","CCL",18,"d","d"
"CCL-K2","CCL",19,"d","d"
"CCL-K2","CCL",20,"p","p"
"CCL-K2","CCL",1,"u","u"
"CCL-K2","CCL",2,"u","u"
"CCL-K2","CCL",3,"u","u"
"CCL-K2","CCL",4,"u","u"
"CCL-K2","CCL",5,"u","u"
"CCL-K2","CCL",6,"u","u"
"CCL-K2","CCL",7,"u","u"
"CCL-K2","CCL",8,"u","u"
"CCL-K2","CCL",9,"p","p"
"CCL-K2","CCL",10,"p","p"
"CCL-K2","CCL",11,"p","p"
"CCL-K2","CCL",12,"p","p"
"CCL-K2","CCL",13,"u","u"
"CCL-K2","CCL",14,"d","d"
"CCL-K2","CCL",15,"d","d"
"CCL-K2","CCL",16,"d","d"
"CCL-K2","CCL",17,"d","d"
"CCL-K2","CCL",18,"p","p"
"CCL-K2","CCL",19,"p","p"
"CCL-K2","CCL",20,"u","u"
"CCL-K2","CCL",1,"u","u"
"CCL-K2","CCL",2,"u","u"
"CCL-K2","CCL",3,"u","u"
"CCL-K2","CCL",4,"u","u"
"CCL-K2","CCL",5,"u","u"
"CCL-K2","CCL",6,"u","u"
"CCL-K2","CCL",7,"u","u"
"CCL-K2","CCL",8,"u","u"
"CCL-K2","CCL",9,"p","p"
"CCL-K2","CCL",10,"p","p"
"CCL-K2","CCL",11,"p","p"
"CCL-K2","CCL",12,"p","p"
"CCL-K2","CCL",13,"u","u"
"CCL-K2","CCL",14,"d","d"
"CCL-K2","CCL",15,"d","d"
"CCL-K2","CCL",16,"d","d"
"CCL-K2","CCL",17,"p","p"
"CCL-K2","CCL",18,"p","p"
"CCL-K2","CCL",19,"u","u"
"CCL-K2","CCL",20,"d","d"
"CCL-K2","CCL",1,"u","u"
"CCL-K2","CCL",2,"u","u"
"CCL-K2","CCL",3,"u","u"
"CCL-K2","CCL",4,"u","u"
"CCL-K2","CCL",5,"u","u"
"CCL-K2","CCL",6,"u","u"
"CCL-K2","CCL",7,"u","u"
"CCL-K2","CCL",8,"u","u"
"CCL-K2","CCL",9,"u","u"
"CCL-K2","CCL",10,"p","p"
"CCL-K2","CCL",11,"p","p"
"CCL-K2","CCL",12,"p","p"
"CCL-K2","CCL",13,"u","u"
"CCL-K2","CCL",14,"d","d"
"CCL-K2","CCL",15,"d","d"
"CCL-K2","CCL",16,"d","d"
"CCL-K2","CCL",17,"d","d"
"CCL-K2","CCL",18,"p","p"
"CCL-K2","CCL",19,"u","u"
"CCL-K2","CCL",20,"d","d"
"CCE-H1","CCE",1,"s","s"
"CCE-H1","CCE",2,"s","s"
"CCE-H1","CCE",3,"s","s"
"CCE-H1","CCE",4,"s","s"
"CCE-H1","CCE",5,"s","s"
"CCE-H1","CCE",6,"s","s"
"CCE-H1","CCE",7,"s","s"
"CCE-H1","CCE",8,"s","s"
"CCE-H1","CCE",9,"s","s"
"CCE-H1","CCE",10,"s","s"
"CCE-H1","CCE",11,"s","s"
"CCE-H1","CCE",12,"s","s"
"CCE-H1","CCE",13,"s","s"
"CCE-H1","CCE",14,"s","s"
"CCE-H1","CCE",15,"s","s"
"CCE-H1","CCE",16,"s","s"
"CCE-H1","CCE",17,"s","s"
"CCE-H1","CCE",18,"s","s"
"CCE-H1","CCE",19,"s","s"
"CCE-H1","CCE",20,"s","s"
"CCE-H1","CCE",1,"s","s"
"CCE-H1","CCE",2,"s","s"
"CCE-H1","CCE",3,"s","s"
"CCE-H1","CCE",4,"s","s"
"CCE-H1","CCE",5,"s","s"
"CCE-H1","CCE",6,"s","s"
"CCE-H1","CCE",7,"s","s"
"CCE-H1","CCE",8,"s","s"
"CCE-H1","CCE",9,"s","s"
"CCE-H1","CCE",10,"s","s"
"CCE-H1","CCE",11,"s","s"
"CCE-H1","CCE",12,"s","s"
"CCE-H1","CCE",13,"s","s"
"CCE-H1","CCE",14,"s","s"
"CCE-H1","CCE",15,"s","s"
"CCE-H1","CCE",16,"s","s"
"CCE-H1","CCE",17,"s","s"
"CCE-H1","CCE",18,"s","s"
"CCE-H1","CCE",19,"s","s"
"CCE-H1","CCE",20,"s","s"
"CCE-H1","CCE",1,"s","s"
"CCE-H1","CCE",2,"s","s"
"CCE-H1","CCE",3,"s","s"
"CCE-H1","CCE",4,"s","s"
"CCE-H1","CCE",5,"s","s"
"CCE-H1","CCE",6,"s","s"
"CCE-H1","CCE",7,"s","s"
"CCE-H1","CCE",8,"s","s"
"CCE-H1","CCE",9,"s","s"
"CCE-H1","CCE",10,"s","s"
"CCE-H1","CCE",11,"s","s"
"CCE-H1","CCE",12,"s","s"
"CCE-H1","CCE",13,"s","s"
"CCE-H1","CCE",14,"s","s"
"CCE-H1","CCE",15,"s","s"
"CCE-H1","CCE",16,"s","s"
"CCE-H1","CCE",17,"s","s"
"CCE-H1","CCE",18,"s","s"
"CCE-H1","CCE",19,"s","s"
"CCE-H1","CCE",20,"s","s"
"CCE-H1","CCE",1,"s","s"
"CCE-H1","CCE",2,"s","s"
"CCE-H1","CCE",3,"s","s"
"CCE-H1","CCE",4,"s","s"
"CCE-H1","CCE",5,"s","s"
"CCE-H1","CCE",6,"s","s"
"CCE-H1","CCE",7,"s","s"
"CCE-H1","CCE",8,"s","s"
"CCE-H1","CCE",9,"s","s"
"CCE-H1","CCE",10,"s","s"
"CCE-H1","CCE",11,"s","s"
"CCE-H1","CCE",12,"s","s"
"CCE-H1","CCE",13,"s","s"
"CCE-H1","CCE",14,"s","s"
"CCE-H1","CCE",15,"s","s"
"CCE-H1","CCE",16,"s","s"
"CCE-H1","CCE",17,"s","s"
"CCE-H1","CCE",18,"s","s"
"CCE-H1","CCE",19,"s","s"
"CCE-H1","CCE",20,"s","s"
"CCL-B1","CCL",1,"s","s"
"CCL-B1","CCL",2,"s","s"
"CCL-B1","CCL",3,"s","s"
"CCL-B1","CCL",4,"s","s"
"CCL-B1","CCL",5,"s","s"
"CCL-B1","CCL",6,"s","s"
"CCL-B1","CCL",7,"s","s"
"CCL-B1","CCL",8,"s","s"
"CCL-B1","CCL",9,"s","s"
"CCL-B1","CCL",10,"s","s"
"CCL-B1","CCL",11,"s","s"
"CCL-B1","CCL",12,"u","u"
"CCL-B1","CCL",13,"u","u"
"CCL-B1","CCL",14,"u","u"
"CCL-B1","CCL",15,"u","u"
"CCL-B1","CCL",16,"f","f"
"CCL-B1","CCL",17,"f","f"
"CCL-B1","CCL",18,"f","f"
"CCL-B1","CCL",19,"f","f"
"CCL-B1","CCL",20,"f","f"
"CCL-B1","CCL",1,"s","s"
"CCL-B1","CCL",2,"s","s"
"CCL-B1","CCL",3,"s","s"
"CCL-B1","CCL",4,"s","s"
"CCL-B1","CCL",5,"s","s"
"CCL-B1","CCL",6,"s","s"
"CCL-B1","CCL",7,"s","s"
"CCL-B1","CCL",8,"s","s"
"CCL-B1","CCL",9,"s","s"
"CCL-B1","CCL",10,"s","s"
"CCL-B1","CCL",11,"s","s"
"CCL-B1","CCL",12,"u","u"
"CCL-B1","CCL",13,"u","u"
"CCL-B1","CCL",14,"u","u"
"CCL-B1","CCL",15,"u","u"
"CCL-B1","CCL",16,"f","f"
"CCL-B1","CCL",17,"f","f"
"CCL-B1","CCL",18,"f","f"
"CCL-B1","CCL",19,"f","f"
"CCL-B1","CCL",20,"f","f"
"CCL-B1","CCL",1,"s","s"
"CCL-B1","CCL",2,"s","s"
"CCL-B1","CCL",3,"s","s"
"CCL-B1","CCL",4,"s","s"
"CCL-B1","CCL",5,"s","s"
"CCL-B1","CCL",6,"s","s"
"CCL-B1","CCL",7,"s","s"
"CCL-B1","CCL",8,"s","s"
"CCL-B1","CCL",9,"s","s"
"CCL-B1","CCL",10,"s","s"
"CCL-B1","CCL",11,"s","s"
"CCL-B1","CCL",12,"u","u"
"CCL-B1","CCL",13,"u","u"
"CCL-B1","CCL",14,"u","u"
"CCL-B1","CCL",15,"u","u"
"CCL-B1","CCL",16,"f","f"
"CCL-B1","CCL",17,"f","f"
"CCL-B1","CCL",18,"f","f"
"CCL-B1","CCL",19,"f","f"
"CCL-B1","CCL",20,"f","f"
"CCL-B1","CCL",1,"s","s"
"CCL-B1","CCL",2,"s","s"
"CCL-B1","CCL",3,"s","s"
"CCL-B1","CCL",4,"s","s"
"CCL-B1","CCL",5,"s","s"
"CCL-B1","CCL",6,"s","s"
"CCL-B1","CCL",7,"s","s"
"CCL-B1","CCL",8,"s","s"
"CCL-B1","CCL",9,"s","s"
"CCL-B1","CCL",10,"s","s"
"CCL-B1","CCL",11,"s","s"
"CCL-B1","CCL",12,"u","u"
"CCL-B1","CCL",13,"u","u"
"CCL-B1","CCL",14,"u","u"
"CCL-B1","CCL",15,"u","u"
"CCL-B1","CCL",16,"f","f"
"CCL-B1","CCL",17,"f","f"
"CCL-B1","CCL",18,"f","f"
"CCL-B1","CCL",19,"f","f"
"CCL-B1","CCL",20,"f","f"
"HC1-J1","HC1",1,"u","u"
"HC1-J1","HC1",2,"u","u"
"HC1-J1","HC1",3,"u","u"
"HC1-J1","HC1",4,"u","u"
"HC1-J1","HC1",5,"u","u"
"HC1-J1","HC1",6,"u","u"
"HC1-J1","HC1",7,"u","u"
"HC1-J1","HC1",8,"s","s"
"HC1-J1","HC1",9,"s","s"
"HC1-J1","HC1",10,"s","s"
"HC1-J1","HC1",11,"s","s"
"HC1-J1","HC1",12,"s","s"
"HC1-J1","HC1",13,"s","s"
"HC1-J1","HC1",14,"s","s"
"HC1-J1","HC1",15,"u","u"
"HC1-J1","HC1",16,"u","u"
"HC1-J1","HC1",17,"u","u"
"HC1-J1","HC1",18,"u","u"
"HC1-J1","HC1",19,"s","s"
"HC1-J1","HC1",20,"s","s"
"HC1-J1","HC1",1,"u","u"
"HC1-J1","HC1",2,"u","u"
"HC1-J1","HC1",3,"u","u"
"HC1-J1","HC1",4,"u","u"
"HC1-J1","HC1",5,"u","u"
"HC1-J1","HC1",6,"u","u"
"HC1-J1","HC1",7,"u","u"
"HC1-J1","HC1",8,"s","s"
"HC1-J1","HC1",9,"s","s"
"HC1-J1","HC1",10,"s","s"
"HC1-J1","HC1",11,"s","s"
"HC1-J1","HC1",12,"s","s"
"HC1-J1","HC1",13,"s","s"
"HC1-J1","HC1",14,"s","s"
"HC1-J1","HC1",15,"u","u"
"HC1-J1","HC1",16,"u","u"
"HC1-J1","HC1",17,"u","u"
"HC1-J1","HC1",18,"u","u"
"HC1-J1","HC1",19,"s","s"
"HC1-J1","HC1",20,"s","s"
"HC2-B1","HC2",1,"d","d"
"HC2-B1","HC2",2,"d","d"
"HC2-B1","HC2",3,"u","u"
"HC2-B1","HC2",4,"u","u"
"HC2-B1","HC2",5,"u","u"
"HC2-B1","HC2",6,"u","u"
"HC2-B1","HC2",7,"u","u"
"HC2-B1","HC2",8,"u","u"
"HC2-B1","HC2",9,"d","d"
"HC2-B1","HC2",10,"d","d"
"HC2-B1","HC2",11,"d","d"
"HC2-B1","HC2",12,"d","d"
"HC2-B1","HC2",13,"s","s"
"HC2-B1","HC2",14,"s","s"
"HC2-B1","HC2",15,"s","s"
"HC2-B1","HC2",16,"s","s"
"HC2-B1","HC2",17,"s","s"
"HC2-B1","HC2",18,"s","s"
"HC2-B1","HC2",19,"s","s"
"HC2-B1","HC2",20,"s","s"
"HC2-B1","HC2",1,"d","d"
"HC2-B1","HC2",2,"d","d"
"HC2-B1","HC2",3,"u","u"
"HC2-B1","HC2",4,"u","u"
"HC2-B1","HC2",5,"u","u"
"HC2-B1","HC2",6,"u","u"
"HC2-B1","HC2",7,"u","u"
"HC2-B1","HC2",8,"u","u"
"HC2-B1","HC2",9,"d","d"
"HC2-B1","HC2",10,"d","d"
"HC2-B1","HC2",11,"d","d"
"HC2-B1","HC2",12,"d","d"
"HC2-B1","HC2",13,"d","d"
"HC2-B1","HC2",14,"s","s"
"HC2-B1","HC2",15,"s","s"
"HC2-B1","HC2",16,"s","s"
"HC2-B1","HC2",17,"s","s"
"HC2-B1","HC2",18,"s","s"
"HC2-B1","HC2",19,"s","s"
"HC2-B1","HC2",20,"s","s"
"HC2-B1","HC2",1,"u","u"
"HC2-B1","HC2",2,"u","u"
"HC2-B1","HC2",3,"u","u"
"HC2-B1","HC2",4,"u","u"
"HC2-B1","HC2",5,"u","u"
"HC2-B1","HC2",6,"u","u"
"HC2-B1","HC2",7,"u","u"
"HC2-B1","HC2",8,"u","u"
"HC2-B1","HC2",9,"d","d"
"HC2-B1","HC2",10,"d","d"
"HC2-B1","HC2",11,"d","d"
"HC2-B1","HC2",12,"d","d"
"HC2-B1","HC2",13,"d","d"
"HC2-B1","HC2",14,"s","s"
"HC2-B1","HC2",15,"s","s"
"HC2-B1","HC2",16,"s","s"
"HC2-B1","HC2",17,"s","s"
"HC2-B1","HC2",18,"s","s"
"HC2-B1","HC2",19,"s","s"
"HC2-B1","HC2",20,"s","s"
"HC2-B1","HC2",1,"u","u"
"HC2-B1","HC2",2,"u","u"
"HC2-B1","HC2",3,"u","u"
"HC2-B1","HC2",4,"u","u"
"HC2-B1","HC2",5,"u","u"
"HC2-B1","HC2",6,"u","u"
"HC2-B1","HC2",7,"u","u"
"HC2-B1","HC2",8,"u","u"
"HC2-B1","HC2",9,"d","d"
"HC2-B1","HC2",10,"d","d"
"HC2-B1","HC2",11,"d","d"
"HC2-B1","HC2",12,"d","d"
"HC2-B1","HC2",13,"d","d"
"HC2-B1","HC2",14,"s","s"
"HC2-B1","HC2",15,"s","s"
"HC2-B1","HC2",16,"s","s"
"HC2-B1","HC2",17,"s","s"
"HC2-B1","HC2",18,"s","s"
"HC2-B1","HC2",19,"s","s"
"HC2-B1","HC2",20,"s","s"
"SAT-G1","SAT",1,"u","u"
"SAT-G1","SAT",2,"u","u"
"SAT-G1","SAT",3,"s","s"
"SAT-G1","SAT",4,"s","s"
"SAT-G1","SAT",5,"s","s"
"SAT-G1","SAT",6,"s","s"
"SAT-G1","SAT",7,"s","s"
"SAT-G1","SAT",8,"s","s"
"SAT-G1","SAT",9,"s","s"
"SAT-G1","SAT",10,"s","s"
"SAT-G1","SAT",11,"s","s"
"SAT-G1","SAT",12,"s","s"
"SAT-G1","SAT",13,"s","s"
"SAT-G1","SAT",14,"s","s"
"SAT-G1","SAT",15,"s","s"
"SAT-G1","SAT",16,"s","s"
"SAT-G1","SAT",17,"s","s"
"SAT-G1","SAT",18,"s","s"
"SAT-G1","SAT",19,"s","s"
"SAT-G1","SAT",20,"s","s"
"TR1-C1","TR1",1,"s","s"
"TR1-C1","TR1",2,"s","s"
"TR1-C1","TR1",3,"s","s"
"TR1-C1","TR1",4,"s","s"
"TR1-C1","TR1",5,"s","s"
"TR1-C1","TR1",6,"s","s"
"TR1-C1","TR1",7,"s","s"
"TR1-C1","TR1",8,"s","s"
"TR1-C1","TR1",9,"s","s"
"TR1-C1","TR1",10,"s","s"
"TR1-C1","TR1",11,"s","s"
"TR1-C1","TR1",12,"s","s"
"TR1-C1","TR1",13,"s","s"
"TR1-C1","TR1",14,"s","s"
"TR1-C1","TR1",15,"s","s"
"TR1-C1","TR1",16,"s","s"
"TR1-C1","TR1",17,"s","s"
"TR1-C1","TR1",18,"s","s"
"TR1-C1","TR1",19,"s","s"
"TR1-C1","TR1",20,"s","s"
"TR1-C1","TR1",1,"s","s"
"TR1-C1","TR1",2,"s","s"
"TR1-C1","TR1",3,"s","s"
"TR1-C1","TR1",4,"s","s"
"TR1-C1","TR1",5,"s","s"
"TR1-C1","TR1",6,"s","s"
"TR1-C1","TR1",7,"s","s"
"TR1-C1","TR1",8,"s","s"
"TR1-C1","TR1",9,"s","s"
"TR1-C1","TR1",10,"s","s"
"TR1-C1","TR1",11,"s","s"
"TR1-C1","TR1",12,"s","s"
"TR1-C1","TR1",13,"s","s"
"TR1-C1","TR1",14,"s","s"
"TR1-C1","TR1",15,"s","s"
"TR1-C1","TR1",16,"s","s"
"TR1-C1","TR1",17,"s","s"
"TR1-C1","TR1",18,"s","s"
"TR1-C1","TR1",19,"s","s"
"TR1-C1","TR1",20,"s","s"
"TR1-C1","TR1",1,"s","u"
"TR1-C1","TR1",2,"s","u"
"TR1-C1","TR1",3,"s","u"
"TR1-C1","TR1",4,"s","s"
"TR1-C1","TR1",5,"s","s"
"TR1-C1","TR1",6,"s","s"
"TR1-C1","TR1",7,"s","s"
"TR1-C1","TR1",8,"s","s"
"TR1-C1","TR1",9,"s","s"
"TR1-C1","TR1",10,"s","s"
"TR1-C1","TR1",11,"s","s"
"TR1-C1","TR1",12,"s","s"
"TR1-C1","TR1",13,"s","s"
"TR1-C1","TR1",14,"s","s"
"TR1-C1","TR1",15,"s","s"
"TR1-C1","TR1",16,"s","s"
"TR1-C1","TR1",17,"s","s"
"TR1-C1","TR1",18,"s","s"
"TR1-C1","TR1",19,"s","s"
"TR1-C1","TR1",20,"s","s"
"TR1-C1","TR1",1,"s","u"
"TR1-C1","TR1",2,"s","u"
"TR1-C1","TR1",3,"s","s"
"TR1-C1","TR1",4,"s","s"
"TR1-C1","TR1",5,"s","s"
"TR1-C1","TR1",6,"s","s"
"TR1-C1","TR1",7,"s","s"
"TR1-C1","TR1",8,"s","s"
"TR1-C1","TR1",9,"s","s"
"TR1-C1","TR1",10,"s","s"
"TR1-C1","TR1",11,"s","s"
"TR1-C1","TR1",12,"s","s"
"TR1-C1","TR1",13,"s","s"
"TR1-C1","TR1",14,"s","s"
"TR1-C1","TR1",15,"s","s"
"TR1-C1","TR1",16,"s","m"
"TR1-C1","TR1",17,"s","m"
"TR1-C1","TR1",18,"s","m"
"TR1-C1","TR1",19,"s","m"
"TR1-C1","TR1",20,"s","m"
"TR1-C6","TR1",1,"u","u"
"TR1-C6","TR1",2,"u","u"
"TR1-C6","TR1",3,"u","u"
"TR1-C6","TR1",4,"d","d"
"TR1-C6","TR1",5,"d","d"
"TR1-C6","TR1",6,"d","d"
"TR1-C6","TR1",7,"d","d"
"TR1-C6","TR1",8,"s","s"
"TR1-C6","TR1",9,"s","s"
"TR1-C6","TR1",10,"s","s"
"TR1-C6","TR1",11,"s","s"
"TR1-C6","TR1",12,"s","s"
"TR1-C6","TR1",13,"s","s"
"TR1-C6","TR1",14,"s","s"
"TR1-C6","TR1",15,"s","s"
"TR1-C6","TR1",16,"s","s"
"TR1-C6","TR1",17,"s","s"
"TR1-C6","TR1",18,"s","s"
"TR1-C6","TR1",19,"s","s"
"TR1-C6","TR1",20,"s","s"
"TR1-C6","TR1",1,"u","u"
"TR1-C6","TR1",2,"u","u"
"TR1-C6","TR1",3,"u","u"
"TR1-C6","TR1",4,"d","d"
"TR1-C6","TR1",5,"d","d"
"TR1-C6","TR1",6,"d","d"
"TR1-C6","TR1",7,"d","d"
"TR1-C6","TR1",8,"d","d"
"TR1-C6","TR1",9,"d","d"
"TR1-C6","TR1",10,"s","s"
"TR1-C6","TR1",11,"s","s"
"TR1-C6","TR1",12,"s","s"
"TR1-C6","TR1",13,"s","s"
"TR1-C6","TR1",14,"s","s"
"TR1-C6","TR1",15,"s","s"
"TR1-C6","TR1",16,"s","s"
"TR1-C6","TR1",17,"s","s"
"TR1-C6","TR1",18,"s","s"
"TR1-C6","TR1",19,"s","s"
"TR1-C6","TR1",20,"s","s"
"TR1-C6","TR1",1,"u","u"
"TR1-C6","TR1",2,"u","u"
"TR1-C6","TR1",3,"u","u"
"TR1-C6","TR1",4,"u","u"
"TR1-C6","TR1",5,"d","d"
"TR1-C6","TR1",6,"d","d"
"TR1-C6","TR1",7,"d","d"
"TR1-C6","TR1",8,"d","d"
"TR1-C6","TR1",9,"s","s"
"TR1-C6","TR1",10,"s","s"
"TR1-C6","TR1",11,"s","s"
"TR1-C6","TR1",12,"s","s"
"TR1-C6","TR1",13,"s","s"
"TR1-C6","TR1",14,"s","s"
"TR1-C6","TR1",15,"s","s"
"TR1-C6","TR1",16,"s","s"
"TR1-C6","TR1",17,"s","s"
"TR1-C6","TR1",18,"s","s"
"TR1-C6","TR1",19,"s","s"
"TR1-C6","TR1",20,"s","s"
"TR1-C6","TR1",1,"u","u"
"TR1-C6","TR1",2,"u","u"
"TR1-C6","TR1",3,"u","u"
"TR1-C6","TR1",4,"u","u"
"TR1-C6","TR1",5,"d","d"
"TR1-C6","TR1",6,"d","d"
"TR1-C6","TR1",7,"d","d"
"TR1-C6","TR1",8,"d","d"
"TR1-C6","TR1",9,"d","d"
"TR1-C6","TR1",10,"s","s"
"TR1-C6","TR1",11,"s","s"
"TR1-C6","TR1",12,"s","s"
"TR1-C6","TR1",13,"s","s"
"TR1-C6","TR1",14,"s","s"
"TR1-C6","TR1",15,"s","s"
"TR1-C6","TR1",16,"s","s"
"TR1-C6","TR1",17,"s","s"
"TR1-C6","TR1",18,"s","s"
"TR1-C6","TR1",19,"s","s"
"TR1-C6","TR1",20,"s","s"
"TR1-C3","TR1",1,"u","u"
"TR1-C3","TR1",2,"d","d"
"TR1-C3","TR1",3,"d","d"
"TR1-C3","TR1",4,"d","d"
"TR1-C3","TR1",5,"d","d"
"TR1-C3","TR1",6,"d","d"
"TR1-C3","TR1",7,"s","s"
"TR1-C3","TR1",8,"s","s"
"TR1-C3","TR1",9,"s","s"
"TR1-C3","TR1",10,"s","s"
"TR1-C3","TR1",11,"s","s"
"TR1-C3","TR1",12,"s","s"
"TR1-C3","TR1",13,"s","s"
"TR1-C3","TR1",14,"s","s"
"TR1-C3","TR1",15,"s","s"
"TR1-C3","TR1",16,"s","s"
"TR1-C3","TR1",17,"s","s"
"TR1-C3","TR1",18,"s","s"
"TR1-C3","TR1",19,"s","s"
"TR1-C3","TR1",20,"s","s"
"TR1-C3","TR1",1,"u","u"
"TR1-C3","TR1",2,"d","d"
"TR1-C3","TR1",3,"d","d"
"TR1-C3","TR1",4,"d","d"
"TR1-C3","TR1",5,"d","d"
"TR1-C3","TR1",6,"d","d"
"TR1-C3","TR1",7,"d","d"
"TR1-C3","TR1",8,"s","s"
"TR1-C3","TR1",9,"s","s"
"TR1-C3","TR1",10,"s","s"
"TR1-C3","TR1",11,"s","s"
"TR1-C3","TR1",12,"s","s"
"TR1-C3","TR1",13,"s","s"
"TR1-C3","TR1",14,"s","s"
"TR1-C3","TR1",15,"s","s"
"TR1-C3","TR1",16,"s","s"
"TR1-C3","TR1",17,"s","s"
"TR1-C3","TR1",18,"s","s"
"TR1-C3","TR1",19,"s","s"
"TR1-C3","TR1",20,"s","s"
"TR1-C3","TR1",1,"u","u"
"TR1-C3","TR1",2,"d","d"
"TR1-C3","TR1",3,"d","d"
"TR1-C3","TR1",4,"d","d"
"TR1-C3","TR1",5,"d","d"
"TR1-C3","TR1",6,"s","s"
"TR1-C3","TR1",7,"s","s"
"TR1-C3","TR1",8,"s","s"
"TR1-C3","TR1",9,"s","s"
"TR1-C3","TR1",10,"s","s"
"TR1-C3","TR1",11,"s","s"
"TR1-C3","TR1",12,"s","s"
"TR1-C3","TR1",13,"s","s"
"TR1-C3","TR1",14,"s","s"
"TR1-C3","TR1",15,"s","s"
"TR1-C3","TR1",16,"s","s"
"TR1-C3","TR1",17,"s","s"
"TR1-C3","TR1",18,"s","s"
"TR1-C3","TR1",19,"s","s"
"TR1-C3","TR1",20,"s","s"
"HC1-B2","HC1",1,"u","u"
"HC1-B2","HC1",2,"u","u"
"HC1-B2","HC1",3,"u","u"
"HC1-B2","HC1",4,"u","u"
"HC1-B2","HC1",5,"u","u"
"HC1-B2","HC1",6,"u","u"
"HC1-B2","HC1",7,"u","u"
"HC1-B2","HC1",8,"u","u"
"HC1-B2","HC1",9,"u","u"
"HC1-B2","HC1",10,"u","u"
"HC1-B2","HC1",11,"u","u"
"HC1-B2","HC1",12,"d","d"
"HC1-B2","HC1",13,"d","d"
"HC1-B2","HC1",14,"d","d"
"HC1-B2","HC1",15,"d","d"
"HC1-B2","HC1",16,"d","d"
"HC1-B2","HC1",17,"d","d"
"HC1-B2","HC1",18,"d","d"
"HC1-B2","HC1",19,"u","u"
"HC1-B2","HC1",20,"d","d"
"HC1-B2","HC1",1,"u","u"
"HC1-B2","HC1",2,"u","u"
"HC1-B2","HC1",3,"u","u"
"HC1-B2","HC1",4,"u","u"
"HC1-B2","HC1",5,"u","u"
"HC1-B2","HC1",6,"u","u"
"HC1-B2","HC1",7,"u","u"
"HC1-B2","HC1",8,"u","u"
"HC1-B2","HC1",9,"u","u"
"HC1-B2","HC1",10,"u","u"
"HC1-B2","HC1",11,"u","u"
"HC1-B2","HC1",12,"u","u"
"HC1-B2","HC1",13,"d","d"
"HC1-B2","HC1",14,"d","d"
"HC1-B2","HC1",15,"d","d"
"HC1-B2","HC1",16,"d","d"
"HC1-B2","HC1",17,"d","d"
"HC1-B2","HC1",18,"d","d"
"HC1-B2","HC1",19,"u","u"
"HC1-B2","HC1",20,"d","d"
"HC1-B2","HC1",1,"u","p"
"HC1-B2","HC1",2,"u","p"
"HC1-B2","HC1",3,"u","u"
"HC1-B2","HC1",4,"u","u"
"HC1-B2","HC1",5,"u","u"
"HC1-B2","HC1",6,"u","u"
"HC1-B2","HC1",7,"u","u"
"HC1-B2","HC1",8,"u","u"
"HC1-B2","HC1",9,"u","u"
"HC1-B2","HC1",10,"u","u"
"HC1-B2","HC1",11,"u","u"
"HC1-B2","HC1",12,"d","d"
"HC1-B2","HC1",13,"d","d"
"HC1-B2","HC1",14,"d","d"
"HC1-B2","HC1",15,"d","d"
"HC1-B2","HC1",16,"d","d"
"HC1-B2","HC1",17,"d","d"
"HC1-B2","HC1",18,"u","p"
"HC1-B2","HC1",19,"d","u"
"HC1-B2","HC1",20,"d","d"
"HC1-B2","HC1",1,"u","p"
"HC1-B2","HC1",2,"u","p"
"HC1-B2","HC1",3,"u","u"
"HC1-B2","HC1",4,"u","u"
"HC1-B2","HC1",5,"u","u"
"HC1-B2","HC1",6,"u","u"
"HC1-B2","HC1",7,"u","u"
"HC1-B2","HC1",8,"u","u"
"HC1-B2","HC1",9,"u","u"
"HC1-B2","HC1",10,"u","u"
"HC1-B2","HC1",11,"u","p"
"HC1-B2","HC1",12,"d","d"
"HC1-B2","HC1",13,"d","d"
"HC1-B2","HC1",14,"d","d"
"HC1-B2","HC1",15,"d","d"
"HC1-B2","HC1",16,"d","d"
"HC1-B2","HC1",17,"d","d"
"HC1-B2","HC1",18,"u","m"
"HC1-B2","HC1",19,"d","m"
"HC1-B2","HC1",20,"d","d"
"HC1-H1","HC1",1,"u","u"
"HC1-H1","HC1",2,"u","u"
"HC1-H1","HC1",3,"u","u"
"HC1-H1","HC1",4,"u","u"
"HC1-H1","HC1",5,"u","u"
"HC1-H1","HC1",6,"u","u"
"HC1-H1","HC1",7,"u","u"
"HC1-H1","HC1",8,"u","u"
"HC1-H1","HC1",9,"u","u"
"HC1-H1","HC1",10,"u","u"
"HC1-H1","HC1",11,"u","u"
"HC1-H1","HC1",12,"u","u"
"HC1-H1","HC1",13,"u","u"
"HC1-H1","HC1",14,"d","d"
"HC1-H1","HC1",15,"d","d"
"HC1-H1","HC1",16,"d","d"
"HC1-H1","HC1",17,"d","d"
"HC1-H1","HC1",18,"d","d"
"HC1-H1","HC1",19,"d","d"
"HC1-H1","HC1",20,"d","d"
"HC1-H1","HC1",1,"u","u"
"HC1-H1","HC1",2,"u","u"
"HC1-H1","HC1",3,"u","u"
"HC1-H1","HC1",4,"u","u"
"HC1-H1","HC1",5,"u","u"
"HC1-H1","HC1",6,"u","u"
"HC1-H1","HC1",7,"u","u"
"HC1-H1","HC1",8,"u","u"
"HC1-H1","HC1",9,"u","u"
"HC1-H1","HC1",10,"u","u"
"HC1-H1","HC1",11,"u","u"
"HC1-H1","HC1",12,"u","u"
"HC1-H1","HC1",13,"u","u"
"HC1-H1","HC1",14,"d","d"
"HC1-H1","HC1",15,"d","d"
"HC1-H1","HC1",16,"d","d"
"HC1-H1","HC1",17,"d","d"
"HC1-H1","HC1",18,"d","d"
"HC1-H1","HC1",19,"d","d"
"HC1-H1","HC1",20,"d","d"
"SAT-G3","SAT",1,"m","m"
"SAT-G3","SAT",2,"m","m"
"SAT-G3","SAT",3,"m","m"
"SAT-G3","SAT",4,"m","m"
"SAT-G3","SAT",5,"m","m"
"SAT-G3","SAT",6,"m","m"
"SAT-G3","SAT",7,"m","m"
"SAT-G3","SAT",8,"m","m"
"SAT-G3","SAT",9,"m","m"
"SAT-G3","SAT",10,"f","f"
"SAT-G3","SAT",11,"f","f"
"SAT-G3","SAT",12,"f","f"
"SAT-G3","SAT",13,"f","f"
"SAT-G3","SAT",14,"f","f"
"SAT-G3","SAT",15,"f","f"
"SAT-G3","SAT",16,"f","f"
"SAT-G3","SAT",17,"f","f"
"SAT-G3","SAT",18,"f","f"
"SAT-G3","SAT",19,"f","f"
"SAT-G3","SAT",20,"f","f"
"SAT-G3","SAT",1,"m","m"
"SAT-G3","SAT",2,"m","m"
"SAT-G3","SAT",3,"m","m"
"SAT-G3","SAT",4,"m","m"
"SAT-G3","SAT",5,"m","m"
"SAT-G3","SAT",6,"m","m"
"SAT-G3","SAT",7,"m","m"
"SAT-G3","SAT",8,"m","m"
"SAT-G3","SAT",9,"m","m"
"SAT-G3","SAT",10,"f","f"
"SAT-G3","SAT",11,"f","f"
"SAT-G3","SAT",12,"f","f"
"SAT-G3","SAT",13,"f","f"
"SAT-G3","SAT",14,"f","f"
"SAT-G3","SAT",15,"f","f"
"SAT-G3","SAT",16,"f","f"
"SAT-G3","SAT",17,"f","f"
"SAT-G3","SAT",18,"f","f"
"SAT-G3","SAT",19,"f","f"
"SAT-G3","SAT",20,"f","f"
"SAT-G3","SAT",1,"m","m"
"SAT-G3","SAT",2,"m","m"
"SAT-G3","SAT",3,"m","m"
"SAT-G3","SAT",4,"m","m"
"SAT-G3","SAT",5,"m","m"
"SAT-G3","SAT",6,"m","m"
"SAT-G3","SAT",7,"m","m"
"SAT-G3","SAT",8,"m","m"
"SAT-G3","SAT",9,"m","m"
"SAT-G3","SAT",10,"f","f"
"SAT-G3","SAT",11,"f","f"
"SAT-G3","SAT",12,"f","f"
"SAT-G3","SAT",13,"f","f"
"SAT-G3","SAT",14,"f","f"
"SAT-G3","SAT",15,"f","f"
"SAT-G3","SAT",16,"f","f"
"SAT-G3","SAT",17,"f","f"
"SAT-G3","SAT",18,"f","f"
"SAT-G3","SAT",19,"f","f"
"SAT-G3","SAT",20,"f","f"
"SAT-G3","SAT",1,"m","m"
"SAT-G3","SAT",2,"m","m"
"SAT-G3","SAT",3,"m","m"
"SAT-G3","SAT",4,"m","m"
"SAT-G3","SAT",5,"m","m"
"SAT-G3","SAT",6,"m","m"
"SAT-G3","SAT",7,"m","m"
"SAT-G3","SAT",8,"m","m"
"SAT-G3","SAT",9,"m","m"
"SAT-G3","SAT",10,"f","f"
"SAT-G3","SAT",11,"f","f"
"SAT-G3","SAT",12,"f","f"
"SAT-G3","SAT",13,"f","f"
"SAT-G3","SAT",14,"f","f"
"SAT-G3","SAT",15,"f","f"
"SAT-G3","SAT",16,"f","f"
"SAT-G3","SAT",17,"f","f"
"SAT-G3","SAT",18,"f","f"
"SAT-G3","SAT",19,"f","f"
"SAT-G3","SAT",20,"f","f"
"TR1-C4","TR1",1,"u","u"
"TR1-C4","TR1",2,"d","d"
"TR1-C4","TR1",3,"d","d"
"TR1-C4","TR1",4,"d","d"
"TR1-C4","TR1",5,"d","d"
"TR1-C4","TR1",6,"m","m"
"TR1-C4","TR1",7,"m","m"
"TR1-C4","TR1",8,"m","m"
"TR1-C4","TR1",9,"m","m"
"TR1-C4","TR1",10,"m","m"
"TR1-C4","TR1",11,"m","m"
"TR1-C4","TR1",12,"m","m"
"TR1-C4","TR1",13,"m","m"
"TR1-C4","TR1",14,"m","m"
"TR1-C4","TR1",15,"m","m"
"TR1-C4","TR1",16,"m","m"
"TR1-C4","TR1",17,"m","m"
"TR1-C4","TR1",18,"m","m"
"TR1-C4","TR1",19,"m","m"
"TR1-C4","TR1",20,"m","m"
"TR1-C4","TR1",1,"u","u"
"TR1-C4","TR1",2,"d","d"
"TR1-C4","TR1",3,"d","d"
"TR1-C4","TR1",4,"d","d"
"TR1-C4","TR1",5,"d","d"
"TR1-C4","TR1",6,"d","d"
"TR1-C4","TR1",7,"m","m"
"TR1-C4","TR1",8,"m","m"
"TR1-C4","TR1",9,"m","m"
"TR1-C4","TR1",10,"m","m"
"TR1-C4","TR1",11,"m","m"
"TR1-C4","TR1",12,"m","m"
"TR1-C4","TR1",13,"m","m"
"TR1-C4","TR1",14,"m","m"
"TR1-C4","TR1",15,"m","m"
"TR1-C4","TR1",16,"m","m"
"TR1-C4","TR1",17,"m","m"
"TR1-C4","TR1",18,"m","m"
"TR1-C4","TR1",19,"m","m"
"TR1-C4","TR1",20,"m","m"
"TR1-C4","TR1",1,"u","u"
"TR1-C4","TR1",2,"d","d"
"TR1-C4","TR1",3,"d","d"
"TR1-C4","TR1",4,"d","d"
"TR1-C4","TR1",5,"d","d"
"TR1-C4","TR1",6,"m","m"
"TR1-C4","TR1",7,"m","m"
"TR1-C4","TR1",8,"m","m"
"TR1-C4","TR1",9,"m","m"
"TR1-C4","TR1",10,"m","m"
"TR1-C4","TR1",11,"m","m"
"TR1-C4","TR1",12,"m","m"
"TR1-C4","TR1",13,"m","m"
"TR1-C4","TR1",14,"m","m"
"TR1-C4","TR1",15,"m","m"
"TR1-C4","TR1",16,"m","m"
"TR1-C4","TR1",17,"m","m"
"TR1-C4","TR1",18,"m","m"
"TR1-C4","TR1",19,"m","m"
"TR1-C4","TR1",20,"m","m"
"HC1-B1","HC1",1,"u","u"
"HC1-B1","HC1",2,"u","u"
"HC1-B1","HC1",3,"u","u"
"HC1-B1","HC1",4,"u","u"
"HC1-B1","HC1",5,"u","u"
"HC1-B1","HC1",6,"u","u"
"HC1-B1","HC1",7,"u","u"
"HC1-B1","HC1",8,"u","u"
"HC1-B1","HC1",9,"u","u"
"HC1-B1","HC1",10,"u","u"
"HC1-B1","HC1",11,"u","u"
"HC1-B1","HC1",12,"u","u"
"HC1-B1","HC1",13,"d","d"
"HC1-B1","HC1",14,"d","d"
"HC1-B1","HC1",15,"d","d"
"HC1-B1","HC1",16,"d","d"
"HC1-B1","HC1",17,"d","d"
"HC1-B1","HC1",18,"d","d"
"HC1-B1","HC1",19,"d","d"
"HC1-B1","HC1",20,"d","d"
"HC1-B1","HC1",1,"u","u"
"HC1-B1","HC1",2,"u","u"
"HC1-B1","HC1",3,"u","u"
"HC1-B1","HC1",4,"u","u"
"HC1-B1","HC1",5,"u","u"
"HC1-B1","HC1",6,"u","u"
"HC1-B1","HC1",7,"u","u"
"HC1-B1","HC1",8,"u","u"
"HC1-B1","HC1",9,"u","u"
"HC1-B1","HC1",10,"u","u"
"HC1-B1","HC1",11,"u","u"
"HC1-B1","HC1",12,"u","u"
"HC1-B1","HC1",13,"d","d"
"HC1-B1","HC1",14,"d","d"
"HC1-B1","HC1",15,"d","d"
"HC1-B1","HC1",16,"d","d"
"HC1-B1","HC1",17,"d","d"
"HC1-B1","HC1",18,"d","d"
"HC1-B1","HC1",19,"d","d"
"HC1-B1","HC1",20,"d","d"
"HC1-B1","HC1",1,"u","u"
"HC1-B1","HC1",2,"u","u"
"HC1-B1","HC1",3,"u","u"
"HC1-B1","HC1",4,"u","u"
"HC1-B1","HC1",5,"u","u"
"HC1-B1","HC1",6,"u","u"
"HC1-B1","HC1",7,"u","u"
"HC1-B1","HC1",8,"u","u"
"HC1-B1","HC1",9,"u","u"
"HC1-B1","HC1",10,"u","u"
"HC1-B1","HC1",11,"u","u"
"HC1-B1","HC1",12,"d","d"
"HC1-B1","HC1",13,"d","d"
"HC1-B1","HC1",14,"d","d"
"HC1-B1","HC1",15,"d","d"
"HC1-B1","HC1",16,"d","d"
"HC1-B1","HC1",17,"d","d"
"HC1-B1","HC1",18,"d","d"
"HC1-B1","HC1",19,"d","d"
"HC1-B1","HC1",20,"d","d"
"HC1-B1","HC1",1,"u","u"
"HC1-B1","HC1",2,"u","u"
"HC1-B1","HC1",3,"u","u"
"HC1-B1","HC1",4,"u","u"
"HC1-B1","HC1",5,"u","u"
"HC1-B1","HC1",6,"u","u"
"HC1-B1","HC1",7,"u","u"
"HC1-B1","HC1",8,"u","u"
"HC1-B1","HC1",9,"u","u"
"HC1-B1","HC1",10,"u","u"
"HC1-B1","HC1",11,"u","u"
"HC1-B1","HC1",12,"u","u"
"HC1-B1","HC1",13,"d","d"
"HC1-B1","HC1",14,"d","d"
"HC1-B1","HC1",15,"d","d"
"HC1-B1","HC1",16,"d","d"
"HC1-B1","HC1",17,"d","d"
"HC1-B1","HC1",18,"d","d"
"HC1-B1","HC1",19,"d","d"
"HC1-B1","HC1",20,"d","d"
"HC1-B3","HC1",1,"u","d"
"HC1-B3","HC1",2,"u","u"
"HC1-B3","HC1",3,"u","p"
"HC1-B3","HC1",4,"u","u"
"HC1-B3","HC1",5,"u","u"
"HC1-B3","HC1",6,"u","u"
"HC1-B3","HC1",7,"u","u"
"HC1-B3","HC1",8,"u","u"
"HC1-B3","HC1",9,"u","u"
"HC1-B3","HC1",10,"u","f"
"HC1-B3","HC1",11,"u","f"
"HC1-B3","HC1",12,"u","f"
"HC1-B3","HC1",13,"u","f"
"HC1-B3","HC1",14,"d","f"
"HC1-B3","HC1",15,"d","f"
"HC1-B3","HC1",16,"d","f"
"HC1-B3","HC1",17,"d","f"
"HC1-B3","HC1",18,"d","f"
"HC1-B3","HC1",19,"d","d"
"HC1-B3","HC1",20,"d","d"
"HC1-B3","HC1",1,"u","u"
"HC1-B3","HC1",2,"u","u"
"HC1-B3","HC1",3,"u","u"
"HC1-B3","HC1",4,"u","u"
"HC1-B3","HC1",5,"u","u"
"HC1-B3","HC1",6,"u","u"
"HC1-B3","HC1",7,"u","u"
"HC1-B3","HC1",8,"u","u"
"HC1-B3","HC1",9,"u","u"
"HC1-B3","HC1",10,"u","u"
"HC1-B3","HC1",11,"u","u"
"HC1-B3","HC1",12,"u","u"
"HC1-B3","HC1",13,"u","u"
"HC1-B3","HC1",14,"d","d"
"HC1-B3","HC1",15,"d","d"
"HC1-B3","HC1",16,"d","d"
"HC1-B3","HC1",17,"d","d"
"HC1-B3","HC1",18,"d","d"
"HC1-B3","HC1",19,"d","d"
"HC1-B3","HC1",20,"d","d"
"HC1-B3","HC1",1,"u","u"
"HC1-B3","HC1",2,"u","u"
"HC1-B3","HC1",3,"u","u"
"HC1-B3","HC1",4,"u","u"
"HC1-B3","HC1",5,"u","u"
"HC1-B3","HC1",6,"u","u"
"HC1-B3","HC1",7,"u","u"
"HC1-B3","HC1",8,"u","u"
"HC1-B3","HC1",9,"u","u"
"HC1-B3","HC1",10,"u","u"
"HC1-B3","HC1",11,"u","u"
"HC1-B3","HC1",12,"u","u"
"HC1-B3","HC1",13,"u","u"
"HC1-B3","HC1",14,"d","d"
"HC1-B3","HC1",15,"d","d"
"HC1-B3","HC1",16,"d","d"
"HC1-B3","HC1",17,"d","d"
"HC1-B3","HC1",18,"d","d"
"HC1-B3","HC1",19,"d","d"
"HC1-B3","HC1",20,"d","d"
"HC1-B3","HC1",1,"u","p"
"HC1-B3","HC1",2,"u","u"
"HC1-B3","HC1",3,"u","u"
"HC1-B3","HC1",4,"u","u"
"HC1-B3","HC1",5,"u","u"
"HC1-B3","HC1",6,"u","u"
"HC1-B3","HC1",7,"u","u"
"HC1-B3","HC1",8,"u","u"
"HC1-B3","HC1",9,"u","u"
"HC1-B3","HC1",10,"u","d"
"HC1-B3","HC1",11,"u","d"
"HC1-B3","HC1",12,"u","d"
"HC1-B3","HC1",13,"d","f"
"HC1-B3","HC1",14,"d","f"
"HC1-B3","HC1",15,"d","f"
"HC1-B3","HC1",16,"d","f"
"HC1-B3","HC1",17,"d","f"
"HC1-B3","HC1",18,"d","d"
"HC1-B3","HC1",19,"d","f"
"HC1-B3","HC1",20,"d","d"
"CCL-K1","CCL",1,"u","u"
"CCL-K1","CCL",2,"u","u"
"CCL-K1","CCL",3,"u","u"
"CCL-K1","CCL",4,"u","u"
"CCL-K1","CCL",5,"u","u"
"CCL-K1","CCL",6,"u","u"
"CCL-K1","CCL",7,"u","u"
"CCL-K1","CCL",8,"u","u"
"CCL-K1","CCL",9,"u","u"
"CCL-K1","CCL",10,"u","u"
"CCL-K1","CCL",11,"u","u"
"CCL-K1","CCL",12,"u","u"
"CCL-K1","CCL",13,"u","u"
"CCL-K1","CCL",14,"u","u"
"CCL-K1","CCL",15,"u","u"
"CCL-K1","CCL",16,"u","u"
"CCL-K1","CCL",17,"d","d"
"CCL-K1","CCL",18,"d","d"
"CCL-K1","CCL",19,"d","d"
"CCL-K1","CCL",20,"d","d"
"CCL-K1","CCL",1,"u","u"
"CCL-K1","CCL",2,"u","u"
"CCL-K1","CCL",3,"u","u"
"CCL-K1","CCL",4,"u","u"
"CCL-K1","CCL",5,"u","u"
"CCL-K1","CCL",6,"u","u"
"CCL-K1","CCL",7,"u","u"
"CCL-K1","CCL",8,"u","u"
"CCL-K1","CCL",9,"u","u"
"CCL-K1","CCL",10,"u","u"
"CCL-K1","CCL",11,"u","u"
"CCL-K1","CCL",12,"u","u"
"CCL-K1","CCL",13,"u","u"
"CCL-K1","CCL",14,"u","u"
"CCL-K1","CCL",15,"u","u"
"CCL-K1","CCL",16,"u","u"
"CCL-K1","CCL",17,"d","d"
"CCL-K1","CCL",18,"d","d"
"CCL-K1","CCL",19,"d","d"
"CCL-K1","CCL",20,"d","d"
"CCL-K1","CCL",1,"u","u"
"CCL-K1","CCL",2,"u","u"
"CCL-K1","CCL",3,"u","u"
"CCL-K1","CCL",4,"u","u"
"CCL-K1","CCL",5,"u","u"
"CCL-K1","CCL",6,"u","u"
"CCL-K1","CCL",7,"u","u"
"CCL-K1","CCL",8,"u","u"
"CCL-K1","CCL",9,"u","u"
"CCL-K1","CCL",10,"u","u"
"CCL-K1","CCL",11,"u","u"
"CCL-K1","CCL",12,"u","u"
"CCL-K1","CCL",13,"u","u"
"CCL-K1","CCL",14,"u","u"
"CCL-K1","CCL",15,"u","u"
"CCL-K1","CCL",16,"u","u"
"CCL-K1","CCL",17,"d","d"
"CCL-K1","CCL",18,"d","d"
"CCL-K1","CCL",19,"d","d"
"CCL-K1","CCL",20,"d","d"
"CCL-K1","CCL",1,"u","u"
"CCL-K1","CCL",2,"u","u"
"CCL-K1","CCL",3,"u","u"
"CCL-K1","CCL",4,"u","u"
"CCL-K1","CCL",5,"u","u"
"CCL-K1","CCL",6,"u","u"
"CCL-K1","CCL",7,"u","u"
"CCL-K1","CCL",8,"u","u"
"CCL-K1","CCL",9,"u","u"
"CCL-K1","CCL",10,"u","u"
"CCL-K1","CCL",11,"u","u"
"CCL-K1","CCL",12,"u","u"
"CCL-K1","CCL",13,"u","u"
"CCL-K1","CCL",14,"u","u"
"CCL-K1","CCL",15,"u","u"
"CCL-K1","CCL",16,"u","u"
"CCL-K1","CCL",17,"d","d"
"CCL-K1","CCL",18,"d","d"
"CCL-K1","CCL",19,"d","d"
"CCL-K1","CCL",20,"d","d"
